id,first_name,last_name,email,gender,ip_address
1,Dick,Buessen,dbuessen0@gnu.org,Non-binary,206.234.185.103
2,Ciel,Wudeland,cwudeland1@multiply.com,Female,144.49.112.122
3,Jesus,Spuffard,jspuffard2@miitbeian.gov.cn,Male,46.190.42.124
4,Garrett,Antyukhin,gantyukhin3@answers.com,Genderqueer,118.12.137.113
5,Atalanta,Fleote,afleote4@freewebs.com,Female,242.56.46.161
6,Adair,Ronchetti,aronchetti5@youtube.com,Male,160.199.179.46
7,Thibaut,Hartridge,thartridge6@taobao.com,Male,6.139.246.124
8,Lily,Latliff,llatliff7@booking.com,Female,115.129.39.206
9,Kyle,Burdekin,kburdekin8@nationalgeographic.com,Female,64.233.120.190
10,Grannie,Pert,gpert9@woothemes.com,Male,194.91.153.252
11,Elbertina,McFade,emcfadea@phpbb.com,Female,157.67.3.240
12,Bendite,Wornham,bwornhamb@tuttocitta.it,Polygender,65.218.38.211
13,Renault,Dunnaway,rdunnawayc@wunderground.com,Male,220.20.34.82
14,Dal,Bendig,dbendigd@foxnews.com,Male,140.4.125.68
15,Giordano,Perris,gperrise@tripadvisor.com,Agender,230.120.49.232
16,Jori,Carlino,jcarlinof@cmu.edu,Polygender,130.96.161.235
17,Ximenes,Beckenham,xbeckenhamg@sitemeter.com,Male,47.150.204.17
18,Eleanor,Chinnery,echinneryh@addthis.com,Genderqueer,148.74.119.19
19,Demetrius,Domokos,ddomokosi@yahoo.com,Male,193.163.243.166
20,Jayne,Radborne,jradbornej@surveymonkey.com,Female,213.168.77.150
21,Christine,Covet,ccovetk@storify.com,Female,25.205.117.230
22,Ruddy,Inchan,rinchanl@com.com,Male,231.119.30.15
23,Dorine,Barday,dbardaym@arizona.edu,Female,205.148.76.147
24,Elga,Kleinlerer,ekleinlerern@tinypic.com,Female,162.177.136.149
25,Hazel,Tournay,htournayo@cbc.ca,Female,113.215.227.213
26,Sissie,Melia,smeliap@marriott.com,Female,96.152.248.9
27,Jock,Bethell,jbethellq@whitehouse.gov,Male,51.88.182.5
28,Sigismund,Blackborow,sblackborowr@jugem.jp,Male,119.60.2.51
29,Charo,Skylett,cskyletts@google.co.jp,Non-binary,91.178.28.100
30,Wilbert,Calven,wcalvent@surveymonkey.com,Male,58.60.14.49
31,Nanine,Ilchenko,nilchenkou@angelfire.com,Female,205.210.233.140
32,Sadie,Taylor,staylorv@tuttocitta.it,Female,112.251.183.142
33,Star,Fosher,sfosherw@godaddy.com,Female,215.78.138.237
34,Garek,Greetland,ggreetlandx@dropbox.com,Male,129.130.125.71
35,Artemas,Leghorn,aleghorny@a8.net,Male,4.21.50.60
36,Zebadiah,Pennuzzi,zpennuzziz@goodreads.com,Male,124.168.209.195
37,Cleve,Idell,cidell10@paypal.com,Non-binary,112.176.32.198
38,Yetta,Mazonowicz,ymazonowicz11@cmu.edu,Female,194.208.39.226
39,Faustina,Schutt,fschutt12@opensource.org,Female,118.254.206.58
40,Sheila,Lovie,slovie13@wunderground.com,Non-binary,166.55.173.101
41,Cheslie,Roan,croan14@51.la,Female,61.56.9.40
42,Gene,Jore,gjore15@tiny.cc,Male,36.122.253.138
43,Mae,Corrison,mcorrison16@dyndns.org,Female,73.226.128.172
44,Felicio,Draper,fdraper17@fda.gov,Male,84.79.198.223
45,Alexio,Blanko,ablanko18@oracle.com,Male,133.118.84.161
46,Viviene,Escalante,vescalante19@nps.gov,Female,196.15.12.29
47,Thibaut,Demoge,tdemoge1a@cam.ac.uk,Male,228.94.201.248
48,Perkin,Maydway,pmaydway1b@1688.com,Male,21.153.101.227
49,Noella,Manifield,nmanifield1c@com.com,Female,96.212.249.159
50,Wolfie,Finlry,wfinlry1d@army.mil,Male,39.245.55.182
51,Bo,Capozzi,bcapozzi1e@bigcartel.com,Male,75.45.44.143
52,Waite,le Keux,wlekeux1f@i2i.jp,Male,160.57.135.50
53,Storm,Fidock,sfidock1g@nsw.gov.au,Female,144.115.22.249
54,Wells,Boyington,wboyington1h@businessweek.com,Male,117.216.101.55
55,Cleopatra,Asling,casling1i@surveymonkey.com,Female,216.55.238.69
56,Arden,Rihosek,arihosek1j@psu.edu,Female,108.178.194.149
57,Moreen,Tant,mtant1k@wunderground.com,Polygender,14.57.70.155
58,Flossie,Cluitt,fcluitt1l@webeden.co.uk,Female,221.129.148.203
59,Poul,Appleford,pappleford1m@mozilla.org,Male,220.202.191.113
60,Valida,Jakeman,vjakeman1n@liveinternet.ru,Female,26.155.248.229
61,Efren,Dagwell,edagwell1o@nasa.gov,Male,203.250.161.76
62,Tremaine,Balsdone,tbalsdone1p@adobe.com,Bigender,103.48.226.60
63,Aubrey,Poltone,apoltone1q@nationalgeographic.com,Male,47.191.5.7
64,Ardis,Scouse,ascouse1r@hexun.com,Female,242.247.250.84
65,Petrina,Cridlan,pcridlan1s@businessinsider.com,Genderqueer,51.245.222.219
66,Josephina,Riping,jriping1t@washingtonpost.com,Female,160.73.28.245
67,Kalil,Poland,kpoland1u@tinyurl.com,Male,38.100.152.200
68,Ulrick,Pennacci,upennacci1v@cbsnews.com,Male,179.97.130.73
69,Virgilio,Skiggs,vskiggs1w@sfgate.com,Male,95.234.6.105
70,Taite,Leather,tleather1x@thetimes.co.uk,Male,75.83.247.64
71,Arv,Dagless,adagless1y@trellian.com,Male,12.253.104.222
72,Micaela,Youd,myoud1z@imgur.com,Polygender,237.121.201.53
73,Morris,Tesdale,mtesdale20@feedburner.com,Male,147.221.3.145
74,Niccolo,Bambrough,nbambrough21@yellowpages.com,Male,208.240.13.226
75,Raeann,Nissle,rnissle22@sciencedaily.com,Female,212.64.38.9
76,Laurel,Seman,lseman23@123-reg.co.uk,Female,72.141.105.165
77,Bobette,Terrett,bterrett24@nasa.gov,Female,18.87.55.185
78,Eleanore,Norrington,enorrington25@arstechnica.com,Non-binary,11.13.102.12
79,Hettie,Vogeller,hvogeller26@nydailynews.com,Female,119.40.230.194
80,Wes,Ibbeson,wibbeson27@aol.com,Male,201.28.186.120
81,Trevor,Nyssen,tnyssen28@chronoengine.com,Male,128.146.67.183
82,Daryn,O'Lenane,dolenane29@rakuten.co.jp,Female,33.200.53.126
83,Laughton,Hebbron,lhebbron2a@comsenz.com,Male,251.216.246.82
84,Tracey,Blackman,tblackman2b@hexun.com,Male,30.81.112.170
85,Jerrie,Gonzalvo,jgonzalvo2c@earthlink.net,Male,252.167.172.161
86,Symon,Emps,semps2d@moonfruit.com,Male,28.161.232.153
87,Staford,Gooddie,sgooddie2e@about.com,Agender,5.236.226.226
88,Ginevra,Douris,gdouris2f@economist.com,Female,228.206.56.252
89,Norby,Lemonnier,nlemonnier2g@craigslist.org,Male,102.121.163.173
90,Lucien,MacGuigan,lmacguigan2h@constantcontact.com,Male,230.167.155.194
91,Clarke,Malimoe,cmalimoe2i@bing.com,Male,179.150.186.192
92,Jone,D'Alwis,jdalwis2j@amazon.com,Male,53.96.0.166
93,Nanine,Culbard,nculbard2k@hibu.com,Female,229.73.88.78
94,Kelwin,Yegorev,kyegorev2l@mediafire.com,Polygender,125.33.146.153
95,Eulalie,Garthside,egarthside2m@amazon.co.uk,Female,246.138.14.24
96,Hanny,Klimke,hklimke2n@google.pl,Female,8.173.251.70
97,Lucila,O'Drought,lodrought2o@studiopress.com,Female,250.211.149.214
98,Griffy,Skoate,gskoate2p@china.com.cn,Male,164.34.27.8
99,Tremayne,Coulthard,tcoulthard2q@amazonaws.com,Genderqueer,14.251.192.236
100,Kane,Emor,kemor2r@delicious.com,Male,251.151.33.202
101,Teddy,Beauchop,tbeauchop2s@ezinearticles.com,Male,216.239.64.167
102,Linn,Debold,ldebold2t@cnet.com,Male,5.131.43.122
103,Durand,Foye,dfoye2u@i2i.jp,Male,226.225.113.66
104,Percy,Rickman,prickman2v@bizjournals.com,Male,119.207.12.178
105,Fey,Baxendale,fbaxendale2w@over-blog.com,Genderqueer,5.152.124.70
106,Yvon,Martusov,ymartusov2x@ca.gov,Male,20.251.246.70
107,Ford,Garnul,fgarnul2y@omniture.com,Male,214.104.239.60
108,Sydney,Bladge,sbladge2z@miibeian.gov.cn,Male,229.255.87.155
109,Roma,Achromov,rachromov30@plala.or.jp,Genderfluid,88.4.93.99
110,Tristam,Withers,twithers31@bravesites.com,Male,240.239.81.251
111,Gwenette,Gergely,ggergely32@t-online.de,Female,183.19.105.130
112,Colver,Twatt,ctwatt33@devhub.com,Male,107.216.39.216
113,Lynde,Divill,ldivill34@privacy.gov.au,Female,72.54.70.16
114,Nancey,Avent,navent35@engadget.com,Female,173.132.184.151
115,Colby,Friedenbach,cfriedenbach36@tinypic.com,Male,5.8.89.56
116,Barrie,Andover,bandover37@google.co.uk,Male,177.255.27.65
117,Desmund,Murphey,dmurphey38@amazon.co.jp,Male,57.207.220.96
118,Marla,Rooney,mrooney39@myspace.com,Female,197.124.132.14
119,Zacherie,Gager,zgager3a@scientificamerican.com,Male,27.79.197.220
120,Guillema,Eliasson,geliasson3b@ustream.tv,Female,155.170.6.27
121,Garvin,Placstone,gplacstone3c@dell.com,Male,12.230.176.11
122,Teresina,Lemarie,tlemarie3d@google.co.uk,Female,159.213.45.118
123,Melinde,Winkett,mwinkett3e@domainmarket.com,Female,57.134.132.124
124,Tamera,Adamowicz,tadamowicz3f@typepad.com,Female,43.214.64.200
125,Carita,Bolliver,cbolliver3g@multiply.com,Bigender,26.3.96.35
126,Heinrick,Fermor,hfermor3h@booking.com,Male,14.61.161.99
127,Jermain,De Angelo,jdeangelo3i@taobao.com,Male,19.160.204.45
128,Ivar,Culshaw,iculshaw3j@phoca.cz,Male,39.169.197.194
129,Benn,Claiden,bclaiden3k@hexun.com,Male,208.124.9.65
130,Glynis,Breffit,gbreffit3l@pcworld.com,Female,97.68.145.144
131,Mella,Solan,msolan3m@theguardian.com,Female,195.136.121.83
132,Maurene,Dury,mdury3n@toplist.cz,Female,153.201.79.203
133,Alleen,Bakster,abakster3o@themeforest.net,Female,194.62.52.175
134,Brody,Rizzello,brizzello3p@theglobeandmail.com,Male,0.111.58.175
135,Malva,Trunby,mtrunby3q@slideshare.net,Female,110.43.41.4
136,Burt,Kingsworth,bkingsworth3r@cbc.ca,Agender,126.226.246.0
137,Starlene,Bondar,sbondar3s@qq.com,Female,167.12.238.28
138,Joshua,Fawlks,jfawlks3t@phpbb.com,Male,167.63.110.206
139,Daffy,Grunson,dgrunson3u@trellian.com,Female,220.64.17.243
140,Lenee,Gowrich,lgowrich3v@deviantart.com,Female,54.69.10.216
141,Chrotoem,Dudman,cdudman3w@cocolog-nifty.com,Polygender,222.15.134.59
142,Percival,Feedome,pfeedome3x@stanford.edu,Male,164.125.245.210
143,Standford,Dallewater,sdallewater3y@g.co,Male,240.178.174.32
144,Maximilian,Cron,mcron3z@edublogs.org,Male,60.3.47.108
145,Chaddy,Stiebler,cstiebler40@joomla.org,Male,167.76.148.60
146,Berti,Jaram,bjaram41@plala.or.jp,Male,46.2.235.34
147,Fidelia,Wysome,fwysome42@people.com.cn,Female,124.125.241.250
148,Adelaide,Fuidge,afuidge43@google.pl,Female,66.184.82.158
149,Euell,Maypole,emaypole44@1688.com,Male,99.86.106.100
150,Franny,Demougeot,fdemougeot45@yellowbook.com,Male,195.36.46.255
151,Nil,Yeatman,nyeatman46@businessinsider.com,Male,246.84.129.120
152,Matthus,McCorrie,mmccorrie47@nyu.edu,Male,216.177.218.155
153,Lanita,Pash,lpash48@odnoklassniki.ru,Female,14.86.234.13
154,Rosalia,John,rjohn49@list-manage.com,Non-binary,58.199.196.221
155,Waverly,De Santos,wdesantos4a@slate.com,Male,124.121.80.66
156,Lisabeth,Ivermee,livermee4b@utexas.edu,Female,214.142.37.6
157,Weston,Sawforde,wsawforde4c@istockphoto.com,Male,188.13.42.33
158,Hale,Jerson,hjerson4d@alibaba.com,Genderfluid,17.152.163.43
159,Jabez,Walworth,jwalworth4e@de.vu,Male,225.120.203.179
160,Trace,Shoorbrooke,tshoorbrooke4f@ustream.tv,Male,77.217.27.35
161,Rosana,Steane,rsteane4g@latimes.com,Female,144.85.20.117
162,Giselle,Stratton,gstratton4h@privacy.gov.au,Female,88.190.45.192
163,Aileen,Molyneaux,amolyneaux4i@amazon.com,Female,116.144.64.80
164,Winnah,Hicken,whicken4j@buzzfeed.com,Female,31.64.110.55
165,Carrie,Symers,csymers4k@timesonline.co.uk,Female,227.195.195.88
166,Estrellita,Champagne,echampagne4l@csmonitor.com,Female,54.207.19.225
167,Frannie,Yorke,fyorke4m@wikipedia.org,Female,76.238.173.33
168,Hi,Assard,hassard4n@intel.com,Male,51.76.112.106
169,Ives,Caser,icaser4o@google.co.jp,Male,29.67.99.133
170,Katheryn,Croisier,kcroisier4p@rambler.ru,Female,99.107.253.72
171,Morgan,Pheazey,mpheazey4q@flickr.com,Male,246.148.183.25
172,Cariotta,Zecchinii,czecchinii4r@wiley.com,Female,2.159.155.55
173,Nataline,Salan,nsalan4s@cornell.edu,Bigender,191.48.79.149
174,Tedda,Dalziell,tdalziell4t@apple.com,Female,145.56.115.1
175,Lock,Salvage,lsalvage4u@ucla.edu,Male,165.135.51.80
176,Otto,Durning,odurning4v@angelfire.com,Male,69.229.126.246
177,Arch,Benduhn,abenduhn4w@skyrock.com,Male,36.58.230.106
178,Scottie,Dymott,sdymott4x@barnesandnoble.com,Male,116.43.72.8
179,Jillane,Ingliss,jingliss4y@list-manage.com,Female,80.138.76.224
180,Thorvald,Hallford,thallford4z@imageshack.us,Male,26.210.27.233
181,Joelly,Haddock,jhaddock50@prnewswire.com,Female,252.147.34.242
182,Madelin,Lyons,mlyons51@diigo.com,Female,137.209.208.83
183,Rachele,Lyles,rlyles52@unesco.org,Female,166.130.102.192
184,Avivah,Poytress,apoytress53@bandcamp.com,Female,25.43.246.255
185,Armand,Phillcock,aphillcock54@pinterest.com,Male,114.33.194.163
186,Chiarra,Sandbatch,csandbatch55@fc2.com,Female,5.223.154.108
187,Emery,Eastes,eeastes56@miitbeian.gov.cn,Male,70.49.136.51
188,Reggi,Sheehan,rsheehan57@hugedomains.com,Female,147.132.176.29
189,Karlyn,Rostern,krostern58@si.edu,Female,112.113.232.222
190,Lilas,Mutter,lmutter59@cyberchimps.com,Female,45.236.95.34
191,Anna-diana,Heynel,aheynel5a@blogger.com,Female,253.99.38.41
192,Jilleen,Monksfield,jmonksfield5b@zdnet.com,Female,178.102.17.92
193,Jillayne,Brodie,jbrodie5c@feedburner.com,Polygender,156.150.51.101
194,Giavani,Arthur,garthur5d@fc2.com,Male,162.85.176.109
195,Elsbeth,Taffie,etaffie5e@dot.gov,Non-binary,43.0.226.247
196,Glennis,Kryszka,gkryszka5f@shareasale.com,Female,129.209.9.73
197,Mickey,McQuaide,mmcquaide5g@wiley.com,Agender,148.86.181.164
198,Jayne,Bril,jbril5h@weibo.com,Female,221.222.42.139
199,Cchaddie,Cornes,ccornes5i@meetup.com,Male,67.100.53.144
200,Rafferty,Boness,rboness5j@washington.edu,Male,170.128.5.145
201,Brandy,Geertz,bgeertz5k@ftc.gov,Genderqueer,153.23.131.95
202,Maire,Feehely,mfeehely5l@parallels.com,Female,21.124.81.255
203,Renata,Barnicott,rbarnicott5m@phpbb.com,Female,45.172.237.95
204,Konstantin,Polhill,kpolhill5n@goo.ne.jp,Male,6.8.30.198
205,Reg,Offill,roffill5o@nyu.edu,Male,29.15.127.86
206,Inez,Caspell,icaspell5p@shutterfly.com,Female,70.28.162.88
207,Tucky,Radin,tradin5q@godaddy.com,Male,176.61.141.132
208,Richart,MacGillicuddy,rmacgillicuddy5r@netlog.com,Male,145.121.54.207
209,Ulric,Cuxson,ucuxson5s@marketwatch.com,Male,200.249.227.170
210,Dion,Smiths,dsmiths5t@vinaora.com,Male,27.10.157.80
211,Jessamyn,Whitesel,jwhitesel5u@nps.gov,Female,28.103.71.2
212,Pail,Patria,ppatria5v@huffingtonpost.com,Male,215.164.94.221
213,Kariotta,Mearns,kmearns5w@amazon.com,Female,210.172.53.92
214,Nerta,Bedle,nbedle5x@so-net.ne.jp,Female,68.48.51.31
215,Ashton,Leither,aleither5y@home.pl,Polygender,76.148.239.159
216,Vasily,Nardrup,vnardrup5z@boston.com,Male,179.164.109.71
217,Tanya,Stilgoe,tstilgoe60@rambler.ru,Female,23.166.50.97
218,Agretha,Moraleda,amoraleda61@arstechnica.com,Female,23.102.88.3
219,Gualterio,Clemmey,gclemmey62@amazon.co.jp,Male,158.178.87.243
220,Irv,Edson,iedson63@utexas.edu,Male,23.15.58.154
221,Stanfield,Lidierth,slidierth64@xinhuanet.com,Male,37.94.4.139
222,Goldy,Piddock,gpiddock65@cocolog-nifty.com,Genderfluid,60.69.80.164
223,Milton,Bischop,mbischop66@tuttocitta.it,Male,0.3.110.215
224,Constantine,Shoulder,cshoulder67@rakuten.co.jp,Male,57.123.66.218
225,Nellie,Olifard,nolifard68@guardian.co.uk,Female,235.238.65.199
226,Faulkner,Smorfit,fsmorfit69@xinhuanet.com,Male,97.70.35.55
227,Vida,Long,vlong6a@shareasale.com,Female,249.41.114.227
228,Hestia,Tregaskis,htregaskis6b@canalblog.com,Female,78.186.102.175
229,Teirtza,Da Costa,tdacosta6c@networksolutions.com,Female,23.65.242.120
230,Tami,Gillbey,tgillbey6d@e-recht24.de,Female,152.26.146.43
231,Lonnard,Regi,lregi6e@craigslist.org,Genderfluid,61.67.78.167
232,Kerwin,Corro,kcorro6f@networksolutions.com,Male,40.65.50.202
233,Nonie,Maides,nmaides6g@creativecommons.org,Female,162.212.1.237
234,Blisse,Kalewe,bkalewe6h@walmart.com,Female,33.140.220.201
235,Chelsae,Goodlatt,cgoodlatt6i@skype.com,Female,125.98.7.217
236,Carline,Venmore,cvenmore6j@ucoz.ru,Female,172.38.132.97
237,Noelyn,Tabert,ntabert6k@irs.gov,Female,34.180.37.56
238,Esme,Wimlett,ewimlett6l@mysql.com,Male,128.205.75.17
239,Bay,Cleworth,bcleworth6m@hexun.com,Male,244.68.149.141
240,Edeline,Yeoman,eyeoman6n@google.co.jp,Agender,209.157.10.66
241,Nolly,Lammerts,nlammerts6o@nba.com,Male,70.167.235.130
242,Odette,Toohey,otoohey6p@ezinearticles.com,Bigender,182.190.56.77
243,Pegeen,Yakubowicz,pyakubowicz6q@hostgator.com,Bigender,0.71.238.162
244,Haily,Malafe,hmalafe6r@is.gd,Female,211.144.248.181
245,Joey,Tinker,jtinker6s@scribd.com,Male,145.162.248.99
246,Nicolis,Samms,nsamms6t@nymag.com,Bigender,170.195.77.176
247,Electra,Pratley,epratley6u@meetup.com,Female,127.43.99.24
248,Trixy,Cisland,tcisland6v@businessinsider.com,Female,100.62.93.64
249,Steffi,Chittenden,schittenden6w@jugem.jp,Female,109.142.161.247
250,Emmalee,Hockell,ehockell6x@sitemeter.com,Female,12.229.89.102
251,George,Brachell,gbrachell6y@opensource.org,Male,45.204.233.239
252,Ardyth,Danahar,adanahar6z@woothemes.com,Female,177.12.160.204
253,Lorenza,Zarfai,lzarfai70@stanford.edu,Female,187.136.77.11
254,Zacharia,Shorey,zshorey71@samsung.com,Male,28.75.158.219
255,Eduardo,Sargeaunt,esargeaunt72@fotki.com,Male,227.238.124.5
256,Harley,Cleator,hcleator73@alibaba.com,Genderfluid,67.154.254.8
257,Derrik,Skayman,dskayman74@wisc.edu,Male,54.188.45.19
258,Ignazio,Mackrell,imackrell75@sourceforge.net,Male,30.196.245.138
259,Edd,Charker,echarker76@bluehost.com,Male,16.20.22.13
260,Brockie,Mouser,bmouser77@pagesperso-orange.fr,Male,168.80.121.131
261,Manuel,Jobling,mjobling78@dagondesign.com,Male,206.180.225.139
262,Wendell,Baskeyfied,wbaskeyfied79@stanford.edu,Male,95.166.173.86
263,Clarke,Bishop,cbishop7a@mail.ru,Male,111.127.201.33
264,Jaimie,Itzhak,jitzhak7b@desdev.cn,Male,58.200.93.189
265,Tiphanie,Geekin,tgeekin7c@digg.com,Female,62.231.72.92
266,Wallas,Gladman,wgladman7d@feedburner.com,Male,32.230.20.131
267,Gilles,Gaymar,ggaymar7e@apache.org,Male,71.235.21.37
268,Gregorius,Fulstow,gfulstow7f@shutterfly.com,Male,131.116.97.64
269,Emmy,Mariet,emariet7g@google.ru,Male,156.171.77.41
270,Myrle,De Witt,mdewitt7h@hud.gov,Female,92.4.108.159
271,Obed,Garwood,ogarwood7i@cdbaby.com,Male,100.74.80.169
272,Ellwood,Lermouth,elermouth7j@abc.net.au,Male,44.161.35.22
273,Drona,Eller,deller7k@xrea.com,Female,197.76.191.184
274,Massimiliano,Benallack,mbenallack7l@networksolutions.com,Male,248.237.117.76
275,Cassi,Marcum,cmarcum7m@nsw.gov.au,Female,239.107.81.126
276,Berkley,Donald,bdonald7n@soundcloud.com,Male,176.86.133.9
277,Renault,Wight,rwight7o@facebook.com,Male,93.207.72.240
278,Aubine,Pagen,apagen7p@flavors.me,Female,192.168.118.174
279,Felic,Wardrope,fwardrope7q@printfriendly.com,Agender,76.209.100.26
280,Grantham,Hastin,ghastin7r@skype.com,Male,96.45.141.248
281,Chicky,Jackett,cjackett7s@csmonitor.com,Genderfluid,149.43.186.244
282,Keri,Castell,kcastell7t@who.int,Female,247.37.59.152
283,North,MacGiolla,nmacgiolla7u@biglobe.ne.jp,Male,228.21.219.160
284,Jessamyn,Mustin,jmustin7v@zimbio.com,Female,166.80.185.77
285,Ashleigh,Rugiero,arugiero7w@sciencedirect.com,Female,238.157.244.125
286,Antonin,Buttwell,abuttwell7x@technorati.com,Male,1.104.143.57
287,Maureen,Rikard,mrikard7y@umn.edu,Female,59.200.35.170
288,Kelley,Ellingham,kellingham7z@over-blog.com,Female,246.48.32.99
289,Arluene,Marchello,amarchello80@ucla.edu,Female,158.119.81.198
290,Reuven,Buxton,rbuxton81@amazon.com,Male,24.243.224.106
291,Wilhelmine,Patrick,wpatrick82@geocities.com,Agender,144.21.253.163
292,Humberto,Don,hdon83@hubpages.com,Male,138.187.127.147
293,Danna,Tearney,dtearney84@dedecms.com,Female,7.10.218.0
294,Tobin,Harries,tharries85@hexun.com,Male,243.151.19.134
295,Boy,Absolon,babsolon86@wikimedia.org,Male,176.144.17.171
296,Shannon,Worrell,sworrell87@java.com,Female,143.203.123.58
297,Averyl,Duffan,aduffan88@mapy.cz,Female,141.126.195.206
298,Claudian,Abramson,cabramson89@china.com.cn,Male,12.17.109.209
299,Nikolas,Insko,ninsko8a@google.cn,Male,252.232.39.82
300,Damita,Propper,dpropper8b@infoseek.co.jp,Female,254.237.131.185
301,Rebecca,Jefferies,rjefferies8c@cnn.com,Female,139.230.85.173
302,Jareb,Ballintime,jballintime8d@geocities.jp,Male,136.157.227.43
303,Kermie,Topham,ktopham8e@home.pl,Male,246.201.38.28
304,Pascale,Meegin,pmeegin8f@bizjournals.com,Genderfluid,169.84.186.136
305,Paxon,Schulke,pschulke8g@ocn.ne.jp,Male,118.70.46.183
306,Rhea,Simla,rsimla8h@i2i.jp,Female,85.57.67.66
307,Bard,Saunper,bsaunper8i@dell.com,Agender,126.156.223.242
308,Cirstoforo,Baldcock,cbaldcock8j@odnoklassniki.ru,Male,246.41.14.133
309,Gus,Aitken,gaitken8k@mashable.com,Male,250.251.236.231
310,Tabbie,Whittlesea,twhittlesea8l@hhs.gov,Male,206.172.32.116
311,Ryley,Shilliday,rshilliday8m@webmd.com,Male,21.54.159.115
312,Gipsy,Haking,ghaking8n@php.net,Female,116.65.252.125
313,Tedmund,Kohen,tkohen8o@prlog.org,Male,9.124.56.129
314,Winonah,Chattoe,wchattoe8p@dropbox.com,Female,255.254.198.224
315,Sig,McAndie,smcandie8q@indiatimes.com,Male,48.226.107.203
316,Risa,Gantlett,rgantlett8r@senate.gov,Female,164.65.232.94
317,Con,Tresise,ctresise8s@bloglines.com,Male,218.237.177.161
318,Tobe,Laundon,tlaundon8t@bandcamp.com,Male,21.63.211.17
319,Suzanne,Giametti,sgiametti8u@digg.com,Female,204.238.207.86
320,Steven,Ramet,sramet8v@prnewswire.com,Male,247.240.181.121
321,Rasia,Oherlihy,roherlihy8w@yellowbook.com,Female,220.75.84.110
322,Claudell,Jewer,cjewer8x@purevolume.com,Male,41.169.35.224
323,Nicoli,Clair,nclair8y@baidu.com,Female,239.135.110.201
324,Tonya,Gutcher,tgutcher8z@hao123.com,Female,110.230.86.122
325,Annnora,Dunstan,adunstan90@ibm.com,Non-binary,59.238.13.59
326,Julie,Olensby,jolensby91@spotify.com,Female,8.0.27.207
327,Mil,Arbuckel,marbuckel92@loc.gov,Female,56.248.195.71
328,Devondra,Arrighetti,darrighetti93@smh.com.au,Female,3.221.34.174
329,Weber,Learned,wlearned94@simplemachines.org,Male,42.142.250.246
330,Tiphani,Senecaux,tsenecaux95@twitter.com,Female,0.14.189.245
331,Jocelyn,Downton,jdownton96@yellowbook.com,Female,143.48.201.55
332,Vidovic,Bannester,vbannester97@plala.or.jp,Male,209.3.64.234
333,Matthus,Giffin,mgiffin98@networksolutions.com,Male,207.20.205.45
334,Yevette,Tribble,ytribble99@google.pl,Female,75.229.243.209
335,Rey,Lloyd,rlloyd9a@omniture.com,Male,80.118.120.65
336,Clayborn,Maffioletti,cmaffioletti9b@barnesandnoble.com,Agender,120.78.81.167
337,Sayre,Caesman,scaesman9c@biblegateway.com,Female,215.69.22.167
338,Edee,Rothery,erothery9d@abc.net.au,Female,62.95.6.91
339,Mike,Swayton,mswayton9e@ibm.com,Male,206.150.10.254
340,Allsun,Ticksall,aticksall9f@squarespace.com,Female,29.36.186.169
341,Hagen,McMeekin,hmcmeekin9g@blogspot.com,Male,127.90.113.51
342,Jeannine,Bevir,jbevir9h@networksolutions.com,Female,168.113.135.194
343,Creighton,Elnor,celnor9i@gravatar.com,Male,6.215.209.188
344,Tisha,Salmon,tsalmon9j@ibm.com,Non-binary,128.243.160.10
345,Rona,Bewly,rbewly9k@4shared.com,Female,145.54.94.163
346,Anissa,Locks,alocks9l@skyrock.com,Female,54.151.14.38
347,Sascha,Hickinbottom,shickinbottom9m@discovery.com,Male,72.134.161.126
348,Corly,Schoales,cschoales9n@hatena.ne.jp,Female,104.40.111.238
349,Malvin,Todman,mtodman9o@bandcamp.com,Male,21.149.184.82
350,Cleveland,Kerman,ckerman9p@epa.gov,Male,56.186.136.14
351,Joye,Henner,jhenner9q@china.com.cn,Female,153.70.113.249
352,Timmy,Clunan,tclunan9r@mlb.com,Male,220.236.114.21
353,Alfy,McCalum,amccalum9s@sakura.ne.jp,Polygender,28.124.104.43
354,Barnie,Huntriss,bhuntriss9t@123-reg.co.uk,Male,82.201.202.78
355,Vivianna,Mariet,vmariet9u@plala.or.jp,Female,152.118.28.202
356,Randall,Brightwell,rbrightwell9v@bluehost.com,Male,223.197.53.247
357,Vanya,Fouracre,vfouracre9w@qq.com,Female,87.5.19.181
358,Clyve,Smewin,csmewin9x@noaa.gov,Male,123.19.227.98
359,Muriel,Leupold,mleupold9y@deliciousdays.com,Female,26.190.70.16
360,Padraig,Clowney,pclowney9z@prlog.org,Genderqueer,16.241.100.19
361,Danica,Amey,dameya0@artisteer.com,Genderfluid,8.43.128.40
362,Ode,Napthine,onapthinea1@blogspot.com,Male,62.7.182.207
363,Misha,Truss,mtrussa2@blogger.com,Female,107.158.151.39
364,Lucien,Delacourt,ldelacourta3@elegantthemes.com,Male,44.235.64.35
365,Joya,Errichelli,jerrichellia4@devhub.com,Non-binary,223.230.202.112
366,Lavena,Hurich,lhuricha5@stumbleupon.com,Female,176.42.101.225
367,Manfred,Bouzek,mbouzeka6@unesco.org,Male,206.86.105.16
368,Arnold,Skakunas,askakunasa7@yellowpages.com,Male,246.144.10.14
369,Jessika,Adelsberg,jadelsberga8@a8.net,Female,52.89.62.35
370,Berty,Giorgini,bgiorginia9@nsw.gov.au,Male,181.106.219.250
371,Annabella,Scutts,ascuttsaa@chron.com,Female,116.126.244.79
372,Yule,Cotgrove,ycotgroveab@google.ca,Male,202.52.89.220
373,Emelyne,Stonham,estonhamac@plala.or.jp,Genderqueer,107.67.204.135
374,Sargent,Hurnell,shurnellad@omniture.com,Male,141.235.177.134
375,Kevina,McGillacoell,kmcgillacoellae@archive.org,Female,229.50.233.126
376,Mattie,Navarijo,mnavarijoaf@businessinsider.com,Male,122.240.244.67
377,Aland,Gorries,agorriesag@nih.gov,Male,201.46.161.183
378,Costanza,Robilliard,crobilliardah@cdc.gov,Female,222.116.109.182
379,Steffi,Shone,sshoneai@telegraph.co.uk,Female,174.220.175.14
380,Kimberli,Piesold,kpiesoldaj@weebly.com,Female,142.152.241.112
381,Cammie,Gyves,cgyvesak@sun.com,Female,105.240.188.83
382,Storm,Tampion,stampional@independent.co.uk,Female,101.92.244.135
383,Nicolai,Thelwll,nthelwllam@state.tx.us,Male,35.107.154.182
384,Clemmy,Wilber,cwilberan@ftc.gov,Female,110.35.81.80
385,Tabbatha,Bryenton,tbryentonao@yandex.ru,Female,243.98.205.131
386,Alfreda,Bircher,abircherap@globo.com,Female,86.15.111.144
387,Gene,Dubber,gdubberaq@amazon.co.uk,Female,40.252.181.132
388,Helene,Pfleger,hpflegerar@nps.gov,Female,229.213.42.212
389,Efren,Swinbourne,eswinbourneas@google.com.br,Male,111.229.151.210
390,Bren,McCuish,bmccuishat@phpbb.com,Male,50.22.198.190
391,Corbett,Jewster,cjewsterau@elegantthemes.com,Male,185.125.255.139
392,Marshal,Fruchter,mfruchterav@comsenz.com,Male,135.98.155.171
393,Rollins,Davidge,rdavidgeaw@123-reg.co.uk,Male,198.225.116.19
394,Berte,Veck,bveckax@home.pl,Female,223.166.123.103
395,Sibella,Lukes,slukesay@businessweek.com,Female,113.132.131.130
396,Whitaker,Gallahar,wgallaharaz@adobe.com,Male,192.67.126.38
397,Luella,Breston,lbrestonb0@vinaora.com,Female,101.200.0.49
398,Zacharia,Tester,ztesterb1@bizjournals.com,Male,40.129.242.174
399,Rollo,Ditzel,rditzelb2@epa.gov,Male,211.160.95.176
400,Kippar,Monahan,kmonahanb3@opensource.org,Male,222.251.132.91
401,Niki,Fehner,nfehnerb4@wikia.com,Male,118.89.198.254
402,Viviyan,Monteaux,vmonteauxb5@pen.io,Female,129.141.189.71
403,Salomone,Giamuzzo,sgiamuzzob6@mozilla.com,Bigender,102.11.249.172
404,Kyla,Syrad,ksyradb7@army.mil,Female,69.205.36.94
405,Thorndike,Tout,ttoutb8@tiny.cc,Male,10.58.26.59
406,Hurleigh,Greenwood,hgreenwoodb9@sphinn.com,Male,62.138.45.88
407,Emmott,Molines,emolinesba@behance.net,Male,33.115.8.106
408,Hillie,Dunseath,hdunseathbb@apple.com,Male,145.176.118.56
409,Terrijo,Van Arsdall,tvanarsdallbc@ucla.edu,Female,124.205.0.91
410,Jo,Thraves,jthravesbd@google.com.hk,Female,176.175.177.243
411,Lewiss,Capelen,lcapelenbe@trellian.com,Male,189.100.32.41
412,Porty,Calow,pcalowbf@wufoo.com,Male,87.95.156.185
413,Kinna,Linnett,klinnettbg@hatena.ne.jp,Agender,76.27.247.172
414,Rebecca,Smorthit,rsmorthitbh@foxnews.com,Female,236.169.115.210
415,Daren,Coleiro,dcoleirobi@redcross.org,Polygender,52.155.35.241
416,Cobbie,Jeffress,cjeffressbj@virginia.edu,Male,236.139.11.6
417,Laryssa,Aspinal,laspinalbk@ebay.co.uk,Female,79.85.242.197
418,Wilmette,Jenkin,wjenkinbl@google.ca,Genderqueer,199.218.71.187
419,Adah,Siemons,asiemonsbm@go.com,Female,94.24.217.241
420,Iris,Berendsen,iberendsenbn@examiner.com,Female,221.228.138.202
421,Skylar,Leil,sleilbo@hexun.com,Male,154.111.0.191
422,Chrotoem,Kempson,ckempsonbp@upenn.edu,Male,179.141.144.41
423,Sonya,Menhci,smenhcibq@arizona.edu,Female,164.5.244.108
424,Constantine,Sparke,csparkebr@last.fm,Male,96.155.50.63
425,Letisha,Gartland,lgartlandbs@w3.org,Female,207.165.26.71
426,Alexandros,Blundell,ablundellbt@stanford.edu,Male,189.7.58.149
427,Norry,Colmer,ncolmerbu@360.cn,Bigender,119.137.107.127
428,Luigi,Musslewhite,lmusslewhitebv@plala.or.jp,Male,163.23.166.237
429,Bobina,Bachnic,bbachnicbw@abc.net.au,Female,199.39.130.151
430,Edvard,Jiggen,ejiggenbx@bloglovin.com,Male,43.61.99.177
431,Sunny,Stedell,sstedellby@boston.com,Female,152.19.112.64
432,Marla,Habbeshaw,mhabbeshawbz@g.co,Female,47.138.26.81
433,Xever,Tash,xtashc0@nytimes.com,Male,125.255.193.187
434,Gayler,Coltman,gcoltmanc1@nhs.uk,Male,247.87.183.193
435,Hewe,Touret,htouretc2@bluehost.com,Male,179.243.183.173
436,Adrien,Croisier,acroisierc3@live.com,Male,230.80.64.44
437,Gabriella,Mordacai,gmordacaic4@earthlink.net,Genderfluid,225.149.209.216
438,Kora,MacPadene,kmacpadenec5@ovh.net,Female,95.101.99.197
439,Anders,Rossetti,arossettic6@usgs.gov,Male,241.228.216.17
440,Arluene,Kelleher,akelleherc7@netlog.com,Female,116.37.7.184
441,Courtney,Beloe,cbeloec8@clickbank.net,Male,37.65.30.193
442,Kingsly,Zappel,kzappelc9@hao123.com,Male,115.178.125.126
443,Vinny,Braham,vbrahamca@vimeo.com,Female,82.11.230.139
444,Billy,McCallam,bmccallamcb@wufoo.com,Genderqueer,9.23.106.139
445,Rudyard,Sapena,rsapenacc@liveinternet.ru,Male,241.127.222.166
446,Kamila,Murrow,kmurrowcd@google.ca,Female,208.223.140.176
447,Tamiko,Risso,trissoce@facebook.com,Female,99.238.32.127
448,Marcelle,Snowding,msnowdingcf@creativecommons.org,Female,21.27.46.108
449,Clarisse,Camilli,ccamillicg@nature.com,Female,30.227.127.10
450,Hilly,Mor,hmorch@rediff.com,Male,196.140.115.185
451,Eydie,Fone,efoneci@va.gov,Female,80.169.169.209
452,Padriac,Traviss,ptravisscj@altervista.org,Genderqueer,160.177.129.161
453,Lucius,Chiverton,lchivertonck@senate.gov,Male,37.87.163.143
454,Melloney,De Vile,mdevilecl@indiegogo.com,Female,90.27.86.135
455,Hyatt,Flade,hfladecm@rediff.com,Male,176.221.73.238
456,Laurie,Dew,ldewcn@mashable.com,Female,169.9.198.196
457,Horton,Fearnley,hfearnleyco@mapy.cz,Male,193.20.138.37
458,Zebulen,Duprey,zdupreycp@abc.net.au,Male,165.237.63.227
459,Jamey,Gilliard,jgilliardcq@list-manage.com,Bigender,165.11.17.53
460,Evangelin,Matz,ematzcr@pcworld.com,Female,98.117.163.62
461,Reyna,Brompton,rbromptoncs@prweb.com,Female,143.235.36.154
462,Lev,Duferie,lduferiect@sitemeter.com,Male,65.146.4.139
463,Trixy,Renfree,trenfreecu@house.gov,Female,17.16.230.70
464,Arline,Emmison,aemmisoncv@miibeian.gov.cn,Female,156.217.72.124
465,Bert,Reppaport,breppaportcw@cmu.edu,Male,4.211.249.249
466,Ilyssa,Phripp,iphrippcx@wikispaces.com,Female,150.250.222.235
467,Kylynn,Bowick,kbowickcy@ifeng.com,Female,220.131.168.9
468,Carlotta,Gansbuhler,cgansbuhlercz@tiny.cc,Female,146.245.56.242
469,Olga,Espin,oespind0@geocities.jp,Female,92.156.112.145
470,Marillin,MacVagh,mmacvaghd1@wired.com,Female,69.211.195.87
471,Darlleen,Raubenheimers,draubenheimersd2@people.com.cn,Female,111.2.118.127
472,Vida,Thomson,vthomsond3@aboutads.info,Female,138.159.31.174
473,Hagen,Aukland,hauklandd4@gnu.org,Polygender,13.166.58.206
474,Cthrine,Cleef,ccleefd5@apache.org,Genderfluid,203.190.91.124
475,Martino,Mingay,mmingayd6@ycombinator.com,Male,133.58.51.8
476,Keelby,Ruste,krusted7@xing.com,Male,251.184.157.121
477,Codie,Mathie,cmathied8@nhs.uk,Female,194.231.53.51
478,Tasha,Harmstone,tharmstoned9@quantcast.com,Female,253.195.191.169
479,Lesley,Karys,lkarysda@cyberchimps.com,Female,217.182.219.64
480,Enid,Canwell,ecanwelldb@bravesites.com,Genderqueer,245.60.124.47
481,Holmes,Dunsmuir,hdunsmuirdc@ifeng.com,Male,16.137.212.178
482,Raquela,Georgins,rgeorginsdd@businessweek.com,Non-binary,58.167.112.90
483,Lew,Bellwood,lbellwoodde@oakley.com,Male,198.209.178.51
484,Noel,Muino,nmuinodf@earthlink.net,Female,239.230.104.161
485,Mersey,Plowman,mplowmandg@npr.org,Female,114.80.153.77
486,Olga,Massy,omassydh@pagesperso-orange.fr,Female,2.134.191.14
487,Tabb,Pritchitt,tpritchittdi@storify.com,Male,180.154.101.37
488,Shae,Machan,smachandj@joomla.org,Female,112.174.50.201
489,Jecho,Paolozzi,jpaolozzidk@sphinn.com,Male,200.140.22.66
490,Duffy,Sygroves,dsygrovesdl@wiley.com,Genderfluid,2.67.178.11
491,Loy,Petr,lpetrdm@furl.net,Male,40.179.102.198
492,Cristobal,Murrum,cmurrumdn@paypal.com,Male,186.217.37.69
493,Natassia,Sallan,nsallando@forbes.com,Non-binary,134.112.97.95
494,Keelia,Jado,kjadodp@nydailynews.com,Female,168.9.38.97
495,Baird,Spillett,bspillettdq@reference.com,Male,90.179.167.68
496,Bart,Devitt,bdevittdr@tinyurl.com,Male,67.255.6.11
497,Enoch,Lejeune,elejeuneds@networkadvertising.org,Male,108.209.76.83
498,Cornie,Fellini,cfellinidt@vk.com,Female,222.225.73.31
499,Brandyn,Della,bdelladu@comcast.net,Male,186.250.206.112
500,Harland,Cutten,hcuttendv@comsenz.com,Male,92.142.49.80
