id,first_name,last_name,email,gender,ip_address
1,Lynda,Backsal,lbacksal0@google.co.uk,Female,238.169.186.19
2,Jenica,Slator,jslator1@upenn.edu,Female,87.244.210.148
3,Allix,Chastel,achastel2@sogou.com,Female,52.234.79.228
4,Mychal,Skellon,mskellon3@uiuc.edu,Polygender,52.206.138.140
5,Ofilia,Archbould,oarchbould4@dropbox.com,Bigender,238.191.118.188
6,Aharon,Fallawe,afallawe5@ocn.ne.jp,Male,212.17.135.133
7,Rupert,Hane,rhane6@mayoclinic.com,Male,197.74.154.243
8,Harriet,Torbet,htorbet7@comsenz.com,Female,1.148.156.116
9,Zenia,Kenford,zkenford8@mac.com,Non-binary,247.19.63.211
10,Sacha,Moncaster,smoncaster9@huffingtonpost.com,Female,182.130.120.153
11,Murdock,Henfre,mhenfrea@soup.io,Male,10.9.55.58
12,Viole,Bloxsome,vbloxsomeb@berkeley.edu,Female,147.135.131.36
13,Jo,Fisbey,jfisbeyc@theglobeandmail.com,Female,156.219.62.24
14,Forester,Snoxell,fsnoxelld@statcounter.com,Genderqueer,201.91.55.158
15,Antone,Hackforth,ahackforthe@moonfruit.com,Male,235.134.37.118
16,Cleo,Hawkings,chawkingsf@smugmug.com,Female,81.75.216.250
17,Phillip,Chatwin,pchatwing@tmall.com,Male,237.74.251.1
18,Cristine,Rosas,crosash@si.edu,Female,198.244.233.62
19,Karlotta,De Maine,kdemainei@cam.ac.uk,Female,123.232.115.19
20,Magnum,Peskett,mpeskettj@mozilla.com,Male,223.167.53.183
21,Pam,Fourmy,pfourmyk@usnews.com,Female,120.10.155.83
22,Ardyce,McCleverty,amcclevertyl@vinaora.com,Female,78.172.164.7
23,Jo,Mozzini,jmozzinim@bloglines.com,Male,42.90.132.168
24,Derby,Topes,dtopesn@mysql.com,Male,58.185.32.91
25,Thomasa,Bolmann,tbolmanno@163.com,Female,55.9.140.175
26,Napoleon,Lartice,nlarticep@kickstarter.com,Male,39.133.58.15
27,Godart,Nassey,gnasseyq@businessinsider.com,Male,111.42.205.33
28,Vonny,Hounsom,vhounsomr@boston.com,Female,11.234.233.63
29,Janaya,Govini,jgovinis@domainmarket.com,Bigender,158.103.135.147
30,Vivian,Revie,vreviet@angelfire.com,Female,122.39.250.174
31,Giorgi,Phebey,gphebeyu@mozilla.org,Male,87.122.18.64
32,Tobie,Aggott,taggottv@mlb.com,Male,119.91.233.170
33,Hermia,Suddick,hsuddickw@jigsy.com,Female,17.121.82.132
34,Obidiah,Jamson,ojamsonx@independent.co.uk,Male,163.244.190.226
35,Timmie,Simao,tsimaoy@statcounter.com,Male,168.57.8.16
36,Korella,Scriviner,kscrivinerz@oaic.gov.au,Genderfluid,107.165.7.247
37,Bary,Bree,bbree10@dropbox.com,Male,84.240.147.104
38,Giorgi,Upcott,gupcott11@shareasale.com,Male,219.95.117.103
39,Ira,Wrigglesworth,iwrigglesworth12@baidu.com,Male,229.145.25.171
40,Aharon,Torrans,atorrans13@europa.eu,Male,78.206.209.194
41,Tybi,Suttill,tsuttill14@hatena.ne.jp,Female,61.142.124.232
42,Vanda,Slator,vslator15@homestead.com,Female,18.223.245.146
43,Sally,Wigley,swigley16@squidoo.com,Female,22.157.132.169
44,Gwenny,Daughtry,gdaughtry17@g.co,Female,66.114.164.8
45,Morley,Garie,mgarie18@nytimes.com,Male,93.255.34.153
46,Quintana,Ledford,qledford19@columbia.edu,Female,128.207.244.4
47,Guillermo,Ingledew,gingledew1a@bbc.co.uk,Male,24.175.183.238
48,Rosco,Reboulet,rreboulet1b@china.com.cn,Male,213.188.205.12
49,Ado,Roycroft,aroycroft1c@bloglovin.com,Genderfluid,244.189.154.123
50,Niall,Turmall,nturmall1d@go.com,Male,248.53.108.177
51,Harwell,Abela,habela1e@ifeng.com,Male,10.10.183.241
52,Irina,Quiddington,iquiddington1f@shinystat.com,Female,49.91.216.230
53,Rod,Hunting,rhunting1g@dell.com,Male,69.175.226.180
54,Eryn,Degg,edegg1h@cpanel.net,Female,29.247.202.67
55,Roseanna,Bradick,rbradick1i@omniture.com,Female,160.44.120.219
56,Kyle,Lippini,klippini1j@who.int,Female,140.206.65.195
57,Shellie,Syne,ssyne1k@csmonitor.com,Female,68.152.76.27
58,Clyde,Banham,cbanham1l@furl.net,Male,31.156.103.176
59,Verine,Ruse,vruse1m@cam.ac.uk,Female,117.179.128.16
60,Jennie,Schustl,jschustl1n@imgur.com,Female,76.90.235.42
61,Dunn,Molohan,dmolohan1o@360.cn,Male,3.181.114.167
62,Osgood,Eitter,oeitter1p@apple.com,Male,150.134.38.33
63,Vicky,Aubert,vaubert1q@discovery.com,Female,179.100.116.127
64,Hoebart,Schenkel,hschenkel1r@umn.edu,Male,129.238.87.42
65,Patrizio,Downes,pdownes1s@walmart.com,Male,210.203.19.138
66,Galen,Yoskowitz,gyoskowitz1t@twitter.com,Male,232.140.200.133
67,Maxy,Wallentin,mwallentin1u@cnbc.com,Male,241.168.69.197
68,Ailsun,Scurrer,ascurrer1v@paypal.com,Female,141.187.60.92
69,Collete,Wilson,cwilson1w@cocolog-nifty.com,Female,92.6.230.91
70,Kate,Traske,ktraske1x@buzzfeed.com,Female,7.192.241.187
71,Vassili,Giraudo,vgiraudo1y@economist.com,Male,186.236.33.192
72,Adolph,Baiden,abaiden1z@last.fm,Male,211.76.48.0
73,Ardra,Mardall,amardall20@constantcontact.com,Female,217.24.221.166
74,Berkie,Messier,bmessier21@ucoz.com,Male,227.115.67.25
75,Teodorico,Bony,tbony22@comcast.net,Male,232.212.0.16
76,Becca,Yesinov,byesinov23@jiathis.com,Female,6.202.231.21
77,Jenn,Allan,jallan24@noaa.gov,Female,161.58.175.3
78,Franklyn,Barizeret,fbarizeret25@cafepress.com,Male,87.153.5.222
79,Ber,Galfour,bgalfour26@trellian.com,Male,51.142.216.29
80,Amandi,Mulberry,amulberry27@over-blog.com,Female,205.221.28.73
81,Donia,Walcar,dwalcar28@engadget.com,Female,216.37.58.17
82,Sallyann,Stickford,sstickford29@discovery.com,Female,165.67.76.46
83,Nial,Kinson,nkinson2a@mozilla.org,Male,16.156.21.42
84,Benji,McCrainor,bmccrainor2b@nba.com,Male,166.184.169.137
85,Bryna,Jessen,bjessen2c@163.com,Female,153.33.59.66
86,Simonette,Strangeway,sstrangeway2d@domainmarket.com,Polygender,114.165.118.21
87,Dale,Rodda,drodda2e@slideshare.net,Male,74.161.31.245
88,Belicia,Ganley,bganley2f@aboutads.info,Female,210.219.50.81
89,Mattie,Galego,mgalego2g@typepad.com,Non-binary,190.6.213.231
90,Heindrick,Ortega,hortega2h@walmart.com,Male,15.93.115.98
91,Griffith,Wallage,gwallage2i@sitemeter.com,Male,138.120.164.213
92,Caril,Eckford,ceckford2j@twitpic.com,Female,167.74.32.81
93,Ricki,Hatcher,rhatcher2k@youtube.com,Genderfluid,204.252.106.125
94,Jermaine,Ondra,jondra2l@ucoz.com,Female,240.16.96.92
95,Alexander,Kas,akas2m@twitter.com,Male,133.129.145.177
96,Berti,MacSweeney,bmacsweeney2n@indiegogo.com,Male,100.134.218.128
97,Gaspard,Danilyak,gdanilyak2o@archive.org,Male,135.209.3.3
98,Hendrick,von Hagt,hvonhagt2p@odnoklassniki.ru,Male,115.111.38.221
99,Iorgos,Hick,ihick2q@indiegogo.com,Male,236.216.110.5
100,Lottie,Weitzel,lweitzel2r@vkontakte.ru,Female,177.23.43.195
101,Sherwin,Scottrell,sscottrell2s@weather.com,Male,202.97.41.120
102,Feliks,De Benedetti,fdebenedetti2t@digg.com,Male,173.37.33.245
103,Rick,Lorente,rlorente2u@wired.com,Male,249.43.68.152
104,Colline,Jessen,cjessen2v@exblog.jp,Polygender,60.221.188.254
105,Quinn,Luxton,qluxton2w@walmart.com,Female,248.45.56.94
106,Dale,Campsall,dcampsall2x@fotki.com,Male,19.77.69.198
107,Elene,Merrgan,emerrgan2y@photobucket.com,Bigender,139.219.147.111
108,Mandi,Trobey,mtrobey2z@state.gov,Female,127.2.59.169
109,Abramo,Schroter,aschroter30@cnbc.com,Male,111.35.81.122
110,Hamlen,Iskowicz,hiskowicz31@1und1.de,Male,156.57.9.179
111,Ruprecht,Andrasch,randrasch32@newsvine.com,Genderfluid,89.12.64.188
112,Gena,Ainsley,gainsley33@netvibes.com,Female,15.189.64.103
113,Roanna,Sharram,rsharram34@phpbb.com,Female,79.162.129.36
114,Doreen,Pyffe,dpyffe35@elpais.com,Female,23.55.194.131
115,Lucienne,Emons,lemons36@reddit.com,Female,35.252.96.168
116,Lorrie,Vido,lvido37@ftc.gov,Male,66.143.231.157
117,Dela,Rourke,drourke38@army.mil,Female,173.153.149.255
118,Jessi,Teideman,jteideman39@pbs.org,Non-binary,225.103.1.184
119,Myron,Kilmister,mkilmister3a@tumblr.com,Male,66.87.196.212
120,Kath,Allmark,kallmark3b@dion.ne.jp,Female,203.183.31.177
121,Terence,Strick,tstrick3c@squarespace.com,Male,116.156.53.150
122,Killian,Vasilechko,kvasilechko3d@samsung.com,Male,27.198.17.214
123,Laurette,O'Sheeryne,losheeryne3e@360.cn,Female,81.206.166.22
124,Brenn,Brumen,bbrumen3f@epa.gov,Female,89.193.253.209
125,Kylie,Brackenbury,kbrackenbury3g@deviantart.com,Male,235.106.209.227
126,Falkner,Bishop,fbishop3h@jugem.jp,Male,13.91.131.134
127,Kathleen,Gellibrand,kgellibrand3i@globo.com,Genderqueer,213.61.250.55
128,Law,Vere,lvere3j@multiply.com,Male,126.162.193.117
129,Stavro,Sorey,ssorey3k@soundcloud.com,Male,9.112.172.152
130,Jimmie,Warbrick,jwarbrick3l@360.cn,Male,40.170.73.231
131,Garald,Lampens,glampens3m@buzzfeed.com,Male,154.173.19.161
132,Tory,Gower,tgower3n@marketwatch.com,Agender,122.100.3.57
133,Wallis,Januszewicz,wjanuszewicz3o@sphinn.com,Female,24.154.22.103
134,Glory,Di Pietro,gdipietro3p@loc.gov,Female,233.130.33.224
135,Etienne,Bustard,ebustard3q@github.io,Male,112.117.215.192
136,Wilhelmine,Crooks,wcrooks3r@angelfire.com,Female,63.45.9.248
137,Aundrea,Douch,adouch3s@nationalgeographic.com,Female,36.25.106.171
138,Corena,McIsaac,cmcisaac3t@wordpress.com,Female,249.222.3.55
139,Waverley,Caesar,wcaesar3u@theatlantic.com,Male,63.48.68.245
140,Kipp,Vince,kvince3v@businessinsider.com,Male,172.59.126.92
141,Monte,Martland,mmartland3w@patch.com,Male,162.187.181.156
142,Sancho,Ivashov,sivashov3x@sciencedaily.com,Male,59.84.43.159
143,Max,Solomonides,msolomonides3y@infoseek.co.jp,Male,225.95.95.185
144,Theadora,Cranstoun,tcranstoun3z@cam.ac.uk,Female,147.108.206.137
145,Ravi,Still,rstill40@google.com,Male,238.34.76.171
146,Noami,Donisthorpe,ndonisthorpe41@google.ca,Female,65.143.38.46
147,Whitaker,Paraman,wparaman42@studiopress.com,Male,138.118.219.208
148,Marcelline,Ray,mray43@unesco.org,Female,40.73.241.126
149,Arty,Dutt,adutt44@time.com,Male,42.84.90.138
150,Jeffrey,Molloy,jmolloy45@gizmodo.com,Male,246.44.191.217
151,Jared,Curror,jcurror46@dailymotion.com,Male,61.227.176.40
152,Thomasina,Duckworth,tduckworth47@edublogs.org,Female,130.123.138.133
153,Lyell,Antonellini,lantonellini48@rambler.ru,Male,188.96.83.155
154,Delmore,Richardeau,drichardeau49@abc.net.au,Bigender,84.50.14.152
155,Dirk,Meckiff,dmeckiff4a@scientificamerican.com,Male,217.67.124.139
156,Jae,Stallworth,jstallworth4b@lycos.com,Male,128.199.23.107
157,Ed,Culross,eculross4c@xinhuanet.com,Male,37.179.38.181
158,Earvin,Coronas,ecoronas4d@illinois.edu,Male,215.4.131.201
159,Rourke,Broadhead,rbroadhead4e@stanford.edu,Male,135.48.228.100
160,Jerrie,Burroughes,jburroughes4f@unicef.org,Female,6.86.151.241
161,Cynthy,Dearden,cdearden4g@comcast.net,Female,44.155.66.41
162,Hoebart,Simkin,hsimkin4h@kickstarter.com,Male,134.41.197.123
163,Garreth,Mapowder,gmapowder4i@webnode.com,Male,56.33.73.70
164,Delly,Oxberry,doxberry4j@twitpic.com,Female,29.4.184.163
165,Axe,Vlasenkov,avlasenkov4k@google.cn,Genderqueer,14.112.174.220
166,Herold,Rudiger,hrudiger4l@mayoclinic.com,Male,67.54.68.22
167,Lazar,Bluschke,lbluschke4m@discuz.net,Male,75.159.45.101
168,Yvonne,O'Henecan,yohenecan4n@yellowbook.com,Female,128.148.34.28
169,Leshia,Withers,lwithers4o@mlb.com,Female,187.74.235.162
170,Orbadiah,Soppeth,osoppeth4p@themeforest.net,Male,68.57.9.166
171,Huntley,Franklen,hfranklen4q@tiny.cc,Male,137.98.254.144
172,Abran,Labusquiere,alabusquiere4r@usgs.gov,Male,188.115.228.45
173,Kathi,Rzehor,krzehor4s@vinaora.com,Female,86.61.107.123
174,Valerye,Twiddle,vtwiddle4t@google.com.hk,Female,84.192.232.40
175,Herb,Marzellano,hmarzellano4u@irs.gov,Male,49.186.215.240
176,Ricki,Pionter,rpionter4v@disqus.com,Non-binary,25.186.144.106
177,Sheelah,Opie,sopie4w@chicagotribune.com,Female,204.70.143.172
178,Evin,Hansford,ehansford4x@fotki.com,Male,61.85.164.251
179,Woodman,Gunter,wgunter4y@github.io,Male,78.39.112.185
180,Vinita,Loosely,vloosely4z@accuweather.com,Female,43.179.46.186
181,Travis,Stutte,tstutte50@bigcartel.com,Male,13.1.72.56
182,Adara,Spadoni,aspadoni51@sciencedirect.com,Female,174.219.189.93
183,Neron,Blencoe,nblencoe52@ftc.gov,Male,186.126.205.97
184,Rolph,Matusson,rmatusson53@go.com,Male,204.237.200.10
185,Paton,Dyde,pdyde54@so-net.ne.jp,Male,97.92.174.112
186,Mandel,Castagne,mcastagne55@gmpg.org,Male,104.150.47.190
187,Kennedy,Sarra,ksarra56@exblog.jp,Male,155.118.8.120
188,Marcela,Bartomeu,mbartomeu57@yahoo.com,Bigender,124.214.216.217
189,Crichton,Meehan,cmeehan58@slashdot.org,Male,234.102.61.117
190,Avram,Timeby,atimeby59@nasa.gov,Male,155.186.82.128
191,Bertina,Jandl,bjandl5a@oakley.com,Female,26.122.131.109
192,Jillie,Pescod,jpescod5b@163.com,Female,183.178.25.66
193,Kean,Ratcliff,kratcliff5c@ezinearticles.com,Male,123.251.246.201
194,Morgan,Sarrell,msarrell5d@stanford.edu,Male,158.136.121.162
195,Frannie,Ingrey,fingrey5e@tripod.com,Agender,136.240.168.178
196,Galvan,Squier,gsquier5f@java.com,Male,132.26.210.213
197,Judy,Wenderott,jwenderott5g@amazon.de,Agender,74.137.226.181
198,Misha,Davids,mdavids5h@123-reg.co.uk,Female,140.137.243.32
199,Sidney,Tothe,stothe5i@indiatimes.com,Male,90.91.89.130
200,Alastair,Laval,alaval5j@blogtalkradio.com,Male,80.51.8.21
201,Kenn,Pensom,kpensom5k@arstechnica.com,Male,162.212.145.162
202,Rufus,Kinnett,rkinnett5l@wix.com,Male,51.236.250.96
203,Amaleta,Farnworth,afarnworth5m@tinypic.com,Female,162.128.151.226
204,Farr,Stirley,fstirley5n@ifeng.com,Male,229.210.203.132
205,Nannette,Hinze,nhinze5o@shutterfly.com,Bigender,170.177.137.183
206,Holmes,MacTimpany,hmactimpany5p@yandex.ru,Male,158.195.64.70
207,Rubie,Reignard,rreignard5q@theatlantic.com,Female,95.171.127.100
208,Dion,Mico,dmico5r@time.com,Female,138.188.39.205
209,Mureil,Volks,mvolks5s@indiegogo.com,Female,145.32.173.175
210,Sadye,Estoile,sestoile5t@skype.com,Female,37.182.58.168
211,Cos,Rhyme,crhyme5u@cyberchimps.com,Male,2.50.26.246
212,Barr,O' Donohue,bodonohue5v@hugedomains.com,Male,19.79.166.246
213,Denna,Muxworthy,dmuxworthy5w@google.nl,Female,82.199.41.228
214,Ewart,Bernhardsson,ebernhardsson5x@theatlantic.com,Male,254.173.66.76
215,Bucky,Williams,bwilliams5y@un.org,Male,202.152.45.63
216,Wanids,Callander,wcallander5z@dailymotion.com,Female,233.68.167.249
217,Zelda,Macieiczyk,zmacieiczyk60@bandcamp.com,Female,46.228.27.228
218,Candi,Pechet,cpechet61@ucoz.com,Female,218.125.93.65
219,Hillier,Roon,hroon62@examiner.com,Genderqueer,131.85.159.104
220,Jordon,Kleinstub,jkleinstub63@weibo.com,Male,231.155.233.202
221,Zelig,Pentony,zpentony64@wunderground.com,Male,238.31.11.96
222,Eben,Lourens,elourens65@shinystat.com,Male,92.18.225.138
223,Obidiah,O'Kielt,ookielt66@house.gov,Male,68.27.8.7
224,Kathrine,Turland,kturland67@mail.ru,Female,215.175.87.231
225,Lamont,Collier,lcollier68@mozilla.org,Polygender,195.81.31.129
226,Ailey,Dacey,adacey69@de.vu,Female,5.159.183.91
227,Sissie,Fouch,sfouch6a@angelfire.com,Female,197.212.197.139
228,Earlie,Ridges,eridges6b@ycombinator.com,Male,16.141.92.199
229,Truda,Broune,tbroune6c@reverbnation.com,Female,215.171.61.207
230,Juliane,Jeannet,jjeannet6d@spotify.com,Female,172.121.196.217
231,Alistair,Nutbeam,anutbeam6e@macromedia.com,Male,176.41.96.226
232,Sibelle,Ellam,sellam6f@timesonline.co.uk,Female,9.123.131.42
233,Roth,Dalgety,rdalgety6g@usgs.gov,Male,169.3.71.125
234,Odilia,Sowersby,osowersby6h@facebook.com,Female,75.43.32.80
235,Adah,Tigwell,atigwell6i@networkadvertising.org,Female,15.4.248.70
236,Antoine,Cochran,acochran6j@hibu.com,Male,98.5.144.5
237,Garald,Skypp,gskypp6k@hugedomains.com,Male,153.5.181.117
238,Harriott,Orrice,horrice6l@businessweek.com,Female,227.101.152.66
239,Cymbre,Valler,cvaller6m@auda.org.au,Female,140.95.57.178
240,Chrotoem,Bazelle,cbazelle6n@imgur.com,Male,22.41.77.191
241,Coretta,Teasell,cteasell6o@fastcompany.com,Female,75.125.33.246
242,Friedrick,Kattenhorn,fkattenhorn6p@slashdot.org,Male,4.9.209.24
243,Steffi,MacMichael,smacmichael6q@cmu.edu,Female,16.48.3.241
244,Nikolaos,Tolchar,ntolchar6r@w3.org,Male,166.111.38.158
245,Giacopo,Amorts,gamorts6s@kickstarter.com,Male,109.146.177.159
246,Drusy,Ipsly,dipsly6t@yolasite.com,Female,80.55.97.119
247,Trueman,Fulker,tfulker6u@umich.edu,Genderfluid,174.202.127.236
248,Felicia,Klemensiewicz,fklemensiewicz6v@youtube.com,Female,189.212.174.100
249,Raye,Shailer,rshailer6w@parallels.com,Female,253.255.92.181
250,Benoite,Laffling,blaffling6x@ihg.com,Female,44.198.22.210
251,Brandea,Klehyn,bklehyn6y@go.com,Female,61.76.131.42
252,Prentice,Ausiello,pausiello6z@house.gov,Male,177.253.232.141
253,Jasmine,Daugherty,jdaugherty70@surveymonkey.com,Female,100.5.54.17
254,Gwenora,Martinovic,gmartinovic71@discovery.com,Female,193.64.103.210
255,Drugi,McGeachie,dmcgeachie72@ed.gov,Male,72.230.146.99
256,Albie,Georges,ageorges73@reference.com,Male,16.143.227.127
257,Ches,Coakley,ccoakley74@dot.gov,Male,38.208.210.42
258,Bryon,Bouette,bbouette75@oaic.gov.au,Agender,35.127.190.167
259,Mallory,Hazle,mhazle76@imdb.com,Male,127.45.67.100
260,Alessandro,Hunnicutt,ahunnicutt77@samsung.com,Male,153.119.81.142
261,Belinda,Snalham,bsnalham78@mediafire.com,Female,136.120.80.8
262,Merrick,Eynon,meynon79@alibaba.com,Male,204.193.193.124
263,Morie,Markwell,mmarkwell7a@oracle.com,Male,223.148.158.247
264,Dionis,Terrans,dterrans7b@youtu.be,Female,78.61.241.203
265,Tove,Wackly,twackly7c@nationalgeographic.com,Female,57.173.32.193
266,Consuelo,Gaskal,cgaskal7d@moonfruit.com,Female,28.205.233.124
267,Othello,Girardin,ogirardin7e@cnn.com,Non-binary,54.138.243.207
268,Anette,Treen,atreen7f@wikipedia.org,Polygender,115.92.189.150
269,Ted,Spurdon,tspurdon7g@exblog.jp,Female,254.191.156.110
270,Eugenia,Finlator,efinlator7h@deliciousdays.com,Agender,235.198.56.249
271,Cymbre,Woollam,cwoollam7i@bing.com,Female,95.216.222.217
272,Chen,Gipps,cgipps7j@nih.gov,Male,19.22.103.4
273,Moritz,McInerney,mmcinerney7k@skype.com,Male,8.45.129.182
274,Etheline,Parrish,eparrish7l@dmoz.org,Female,133.22.191.230
275,Sandie,Francescotti,sfrancescotti7m@jalbum.net,Female,209.223.148.191
276,Tybi,Bartell,tbartell7n@jiathis.com,Female,15.124.81.75
277,Constantine,Cannavan,ccannavan7o@blogger.com,Male,166.36.161.147
278,Avis,Frostdick,afrostdick7p@forbes.com,Female,17.198.212.56
279,Eddy,Valdes,evaldes7q@squarespace.com,Female,207.24.64.247
280,Juieta,Service,jservice7r@noaa.gov,Female,121.130.224.35
281,Pasquale,Piele,ppiele7s@geocities.com,Male,166.197.84.121
282,Margi,Bolduc,mbolduc7t@infoseek.co.jp,Female,64.112.219.184
283,Rollin,Djuricic,rdjuricic7u@ucla.edu,Male,47.215.94.141
284,Valaree,Finnimore,vfinnimore7v@businessweek.com,Female,74.77.42.208
285,Gay,Rhymer,grhymer7w@harvard.edu,Male,250.156.227.153
286,Christy,Rummery,crummery7x@qq.com,Female,176.240.14.248
287,Vickie,Stibbs,vstibbs7y@scientificamerican.com,Female,71.122.82.246
288,Felecia,Greensall,fgreensall7z@pbs.org,Female,19.0.207.240
289,Boniface,Mehmet,bmehmet80@unc.edu,Male,248.197.237.92
290,Vick,Ruddiman,vruddiman81@rambler.ru,Male,18.51.183.106
291,Randee,Comoletti,rcomoletti82@cnn.com,Female,160.196.173.192
292,Arch,Rabidge,arabidge83@jimdo.com,Male,116.61.201.45
293,Enrico,Blakely,eblakely84@ovh.net,Male,7.184.149.49
294,Norry,Pulham,npulham85@issuu.com,Female,101.242.251.155
295,Mead,Judkin,mjudkin86@jalbum.net,Male,80.131.0.129
296,Melodie,Gemnett,mgemnett87@bloglines.com,Female,249.112.234.165
297,Eleanor,Tizard,etizard88@mozilla.com,Female,52.115.187.27
298,Phillie,Fairbeard,pfairbeard89@google.com.hk,Female,136.170.248.176
299,Dody,Casotti,dcasotti8a@vk.com,Female,5.228.148.120
300,Jeno,Tutill,jtutill8b@facebook.com,Male,130.167.186.54
301,Jemie,Philipet,jphilipet8c@gmpg.org,Female,126.47.201.191
302,Aretha,Pinnocke,apinnocke8d@archive.org,Agender,230.241.120.167
303,Cazzie,Crannell,ccrannell8e@sphinn.com,Male,23.7.243.74
304,Marleah,Lowle,mlowle8f@csmonitor.com,Female,7.113.23.169
305,Katerina,Oleszcuk,koleszcuk8g@hubpages.com,Female,248.50.122.140
306,Tobie,Esposi,tesposi8h@wordpress.org,Male,73.22.183.92
307,Sianna,Ferraraccio,sferraraccio8i@booking.com,Female,80.214.109.244
308,George,Ferron,gferron8j@princeton.edu,Male,144.58.111.167
309,Dorine,Goldsack,dgoldsack8k@howstuffworks.com,Female,104.185.197.216
310,Maye,Rigmand,mrigmand8l@ustream.tv,Female,92.110.190.133
311,Gram,Goodwell,ggoodwell8m@typepad.com,Male,221.191.191.153
312,Marrilee,Koppens,mkoppens8n@pcworld.com,Female,191.26.45.213
313,Andreana,Pennacci,apennacci8o@msn.com,Female,191.233.228.246
314,Chrysa,Aldersley,caldersley8p@webmd.com,Female,36.98.99.164
315,Gorden,Werrilow,gwerrilow8q@eventbrite.com,Male,122.196.252.175
316,Giustino,Botright,gbotright8r@pen.io,Male,48.14.70.67
317,Nealy,Sharphurst,nsharphurst8s@usgs.gov,Male,153.193.249.18
318,Matthias,Comberbeach,mcomberbeach8t@constantcontact.com,Male,88.60.204.54
319,Eward,Delieu,edelieu8u@360.cn,Male,248.33.69.38
320,Betty,Vollam,bvollam8v@independent.co.uk,Female,171.241.140.119
321,Berkie,Ceney,bceney8w@slate.com,Male,152.13.164.135
322,Emmie,Del Dello,edeldello8x@deviantart.com,Female,96.10.25.173
323,Gabbi,Guerreau,gguerreau8y@java.com,Female,24.71.43.57
324,Hadrian,Glasspoole,hglasspoole8z@twitpic.com,Polygender,230.120.174.255
325,Karina,Buncom,kbuncom90@wunderground.com,Female,108.77.137.63
326,Maryanne,Elgie,melgie91@dot.gov,Female,104.183.18.43
327,Amberly,Ceyssen,aceyssen92@latimes.com,Female,153.212.148.99
328,Damien,Pfaffel,dpfaffel93@mysql.com,Male,214.130.151.64
329,Paulo,Paulmann,ppaulmann94@google.ca,Male,223.206.104.52
330,Konstance,Drillingcourt,kdrillingcourt95@alibaba.com,Genderqueer,2.162.13.210
331,Garfield,Pettiward,gpettiward96@hubpages.com,Male,38.100.207.205
332,Koral,Mawson,kmawson97@prnewswire.com,Female,104.193.205.157
333,Jamie,Lumbley,jlumbley98@hud.gov,Male,101.172.80.176
334,Anne,Coney,aconey99@cdc.gov,Female,242.15.65.196
335,Holly,McKellar,hmckellar9a@blogs.com,Male,86.22.47.115
336,Hendrika,Enga,henga9b@imdb.com,Female,190.141.61.185
337,Lori,Giovannini,lgiovannini9c@oracle.com,Female,227.70.158.76
338,Marti,Gartsyde,mgartsyde9d@sfgate.com,Female,181.141.252.112
339,Alvie,Malarkey,amalarkey9e@weather.com,Male,119.158.19.161
340,Sybilla,Lambersen,slambersen9f@blogtalkradio.com,Agender,229.14.230.203
341,Barney,McLaverty,bmclaverty9g@craigslist.org,Agender,8.16.131.52
342,Ariadne,Danielis,adanielis9h@i2i.jp,Female,67.111.16.187
343,Wayne,Ahern,wahern9i@ning.com,Male,39.114.19.191
344,Malvin,Junifer,mjunifer9j@networkadvertising.org,Genderqueer,57.169.249.197
345,Olav,Sweetzer,osweetzer9k@youku.com,Male,158.150.6.164
346,Sebastien,Rowcliffe,srowcliffe9l@vk.com,Male,61.224.15.63
347,Noemi,Attril,nattril9m@creativecommons.org,Female,183.247.209.83
348,Garland,Borgnol,gborgnol9n@biblegateway.com,Female,60.51.2.104
349,Damaris,Pirrie,dpirrie9o@java.com,Female,113.122.165.129
350,Ilise,Diehn,idiehn9p@virginia.edu,Female,123.181.47.233
351,Taite,Baudacci,tbaudacci9q@jiathis.com,Male,33.131.49.60
352,Codie,Slane,cslane9r@ycombinator.com,Male,15.92.178.28
353,Urbano,Coggon,ucoggon9s@trellian.com,Male,25.201.227.122
354,Finley,Bambridge,fbambridge9t@is.gd,Male,210.180.134.146
355,Yvon,Farrington,yfarrington9u@liveinternet.ru,Male,195.87.165.54
356,Maire,Clift,mclift9v@uiuc.edu,Non-binary,183.150.50.139
357,Fay,Prettejohns,fprettejohns9w@geocities.jp,Female,57.122.30.124
358,Mordecai,Busch,mbusch9x@twitter.com,Male,193.174.22.126
359,Scotti,De Bruijne,sdebruijne9y@about.me,Male,166.188.216.36
360,Myrilla,Ropcke,mropcke9z@google.com,Female,174.156.216.150
361,Bryana,Ginman,bginmana0@soundcloud.com,Female,213.139.137.8
362,Larry,Gath,lgatha1@bloglovin.com,Male,255.178.215.194
363,Daren,Inglis,dinglisa2@miitbeian.gov.cn,Male,77.27.119.48
364,Crin,Cramb,ccramba3@wufoo.com,Female,50.166.12.92
365,Vinson,Thecham,vthechama4@wordpress.org,Male,249.108.37.194
366,Monty,Colliar,mcolliara5@ucoz.ru,Male,131.72.23.69
367,Edmon,Pegram,epegrama6@instagram.com,Male,191.40.51.10
368,Konrad,Henningham,khenninghama7@thetimes.co.uk,Male,138.219.149.254
369,Rhianon,Matschek,rmatscheka8@simplemachines.org,Female,104.89.75.37
370,Alric,Samuel,asamuela9@ehow.com,Male,144.101.157.20
371,Duane,Occleshaw,doccleshawaa@redcross.org,Male,212.148.226.123
372,Othelia,Tingly,otinglyab@wikia.com,Female,47.242.73.16
373,Pegeen,Gaskamp,pgaskampac@qq.com,Female,168.30.40.15
374,Ulric,Pudge,upudgead@smugmug.com,Male,211.102.111.249
375,Mitch,Balogun,mbalogunae@npr.org,Male,76.128.220.215
376,Amos,Guiness,aguinessaf@squidoo.com,Male,249.180.164.60
377,Donna,Marsh,dmarshag@bluehost.com,Female,76.87.137.112
378,Madelina,Couldwell,mcouldwellah@prlog.org,Female,172.88.37.186
379,Abbott,Buxsey,abuxseyai@dyndns.org,Male,93.143.87.213
380,Wendy,Blaszczynski,wblaszczynskiaj@hhs.gov,Non-binary,185.123.224.193
381,Sherline,Vescovini,svescoviniak@hugedomains.com,Female,163.106.231.2
382,Leila,Murison,lmurisonal@buzzfeed.com,Female,57.46.229.162
383,Ruperto,Galer,rgaleram@wikimedia.org,Male,135.68.212.237
384,Garrik,Aldous,galdousan@blog.com,Male,23.79.240.133
385,Noel,Newgrosh,nnewgroshao@google.co.jp,Agender,208.180.239.184
386,Helge,Beardsall,hbeardsallap@engadget.com,Female,98.163.39.141
387,Maurizio,Kroger,mkrogeraq@people.com.cn,Male,83.72.235.198
388,Bertie,Lakenton,blakentonar@1und1.de,Male,37.214.154.38
389,Jaquelin,FitzGibbon,jfitzgibbonas@senate.gov,Genderqueer,224.187.197.37
390,Torr,Reston,trestonat@samsung.com,Male,58.235.40.115
391,Guy,Horley,ghorleyau@4shared.com,Male,160.111.160.49
392,Farlie,Wasbrough,fwasbroughav@tuttocitta.it,Male,199.28.50.204
393,Dian,McMurthy,dmcmurthyaw@hugedomains.com,Female,198.93.19.11
394,Sloan,Bendan,sbendanax@mozilla.org,Male,152.132.237.81
395,Amye,Upwood,aupwooday@mac.com,Female,71.118.217.134
396,Gwenni,Flockhart,gflockhartaz@sun.com,Non-binary,122.8.17.63
397,Karia,Roz,krozb0@fema.gov,Female,112.174.252.73
398,Eva,Bachs,ebachsb1@sitemeter.com,Female,197.2.11.254
399,Kilian,Ingarfield,kingarfieldb2@scribd.com,Male,34.112.41.111
400,Eugenio,Pinock,epinockb3@oracle.com,Male,76.97.176.49
401,Melisse,Haslewood,mhaslewoodb4@aol.com,Female,231.83.105.109
402,Doro,Okell,dokellb5@census.gov,Female,125.126.211.246
403,Britt,Heater,bheaterb6@cisco.com,Female,173.234.56.255
404,Florenza,Outibridge,foutibridgeb7@netvibes.com,Female,47.236.117.220
405,Michaeline,Oakes,moakesb8@home.pl,Female,193.111.147.133
406,Hurlee,Doge,hdogeb9@ycombinator.com,Male,169.22.240.215
407,Belita,Cabrera,bcabreraba@g.co,Female,171.225.15.97
408,Nichol,Slatten,nslattenbb@tripod.com,Female,26.133.134.155
409,Taddeusz,Margerrison,tmargerrisonbc@nyu.edu,Agender,17.213.103.35
410,Yankee,Speeks,yspeeksbd@ox.ac.uk,Male,172.49.13.226
411,Enrica,Challenor,echallenorbe@forbes.com,Female,173.6.21.59
412,Calida,Bines,cbinesbf@loc.gov,Female,71.240.226.79
413,Chilton,Twiddell,ctwiddellbg@icio.us,Bigender,231.247.106.46
414,Osmund,Shevelin,oshevelinbh@zdnet.com,Male,140.101.128.19
415,Berrie,Baly,bbalybi@issuu.com,Female,36.69.90.126
416,Gerik,Moncreiffe,gmoncreiffebj@ibm.com,Male,106.135.87.160
417,Paola,Berrecloth,pberreclothbk@posterous.com,Genderfluid,31.108.172.214
418,Filbert,Hawkeridge,fhawkeridgebl@amazonaws.com,Male,239.170.25.146
419,Viv,Bengochea,vbengocheabm@hp.com,Female,198.233.115.120
420,Zebedee,Sauvage,zsauvagebn@loc.gov,Male,165.231.180.14
421,Rowney,Butterwick,rbutterwickbo@xinhuanet.com,Male,94.142.81.230
422,Sunny,Hebbs,shebbsbp@devhub.com,Female,247.98.186.54
423,Adeline,Ugoletti,augolettibq@sakura.ne.jp,Female,153.52.151.58
424,Laughton,McKeachie,lmckeachiebr@lycos.com,Male,178.38.158.155
425,Judi,Coonihan,jcoonihanbs@thetimes.co.uk,Female,213.168.59.137
426,Shell,Eakeley,seakeleybt@comcast.net,Male,239.91.174.198
427,Hall,Luckin,hluckinbu@cnbc.com,Male,184.211.205.23
428,Nikolaos,Roxbee,nroxbeebv@csmonitor.com,Male,62.174.233.12
429,Sella,Cristoforetti,scristoforettibw@xrea.com,Bigender,31.17.169.225
430,Orton,Dawson,odawsonbx@tamu.edu,Male,203.122.167.170
431,Latisha,Siemandl,lsiemandlby@sogou.com,Female,152.12.175.55
432,Larine,Babst,lbabstbz@virginia.edu,Bigender,97.128.41.128
433,Oliver,Willoughby,owilloughbyc0@mlb.com,Male,185.171.190.224
434,Harmony,Fretson,hfretsonc1@mapy.cz,Female,33.43.12.174
435,Trudie,Walkinshaw,twalkinshawc2@ca.gov,Female,201.245.171.157
436,Bianka,Colquite,bcolquitec3@dmoz.org,Female,182.54.33.97
437,Daniele,Phebee,dphebeec4@wunderground.com,Female,121.146.96.80
438,Moses,Redmell,mredmellc5@4shared.com,Male,96.144.9.75
439,Lauretta,Sheaf,lsheafc6@alexa.com,Female,138.123.161.162
440,Erek,Reimer,ereimerc7@arizona.edu,Male,239.154.113.67
441,Essy,Beviss,ebevissc8@deliciousdays.com,Female,87.16.103.210
442,Tye,Early,tearlyc9@mit.edu,Male,103.187.201.126
443,Monti,Kolin,mkolinca@imageshack.us,Male,154.58.173.110
444,Marcellus,Purcell,mpurcellcb@furl.net,Male,81.221.152.229
445,Hilly,De la Yglesia,hdelayglesiacc@dagondesign.com,Male,197.246.187.171
446,Veronike,Gilhespy,vgilhespycd@umich.edu,Female,182.209.244.41
447,Iorgo,Lydiatt,ilydiattce@wunderground.com,Male,253.194.62.201
448,Gerek,Risby,grisbycf@cocolog-nifty.com,Genderqueer,122.69.78.247
449,Joni,Fane,jfanecg@sciencedaily.com,Female,209.49.172.177
450,Huntlee,Chapman,hchapmanch@constantcontact.com,Male,230.220.101.96
451,Feodora,Cullip,fcullipci@newsvine.com,Female,188.216.23.237
452,Kassi,Vanyukov,kvanyukovcj@wisc.edu,Female,240.116.227.170
453,Lane,Dufaur,ldufaurck@umich.edu,Male,7.211.174.185
454,Yorgo,Ewings,yewingscl@epa.gov,Male,202.213.124.131
455,Lucho,Wavish,lwavishcm@examiner.com,Male,187.158.15.181
456,Heinrick,Carnson,hcarnsoncn@sohu.com,Male,153.145.88.180
457,Liana,Smeuin,lsmeuinco@friendfeed.com,Female,186.195.102.220
458,Sax,Larner,slarnercp@163.com,Male,254.72.186.68
459,Dilan,Pennetti,dpennetticq@guardian.co.uk,Male,143.7.218.75
460,Davon,Yacob,dyacobcr@toplist.cz,Male,205.149.163.119
461,Novelia,Mattiussi,nmattiussics@goodreads.com,Female,208.203.230.243
462,Kristen,Clist,kclistct@ask.com,Polygender,215.163.40.155
463,Julie,Pell,jpellcu@vinaora.com,Female,191.70.28.46
464,Belicia,Mordecai,bmordecaicv@ucla.edu,Female,37.95.110.45
465,Fredi,Pilling,fpillingcw@mashable.com,Female,79.250.58.102
466,Brianne,Brombell,bbrombellcx@infoseek.co.jp,Female,149.184.186.164
467,Nadean,Frowen,nfrowency@elpais.com,Female,205.187.111.163
468,Claudianus,Gerard,cgerardcz@paginegialle.it,Non-binary,12.140.63.1
469,Gunilla,Ebrall,gebralld0@fda.gov,Female,52.163.49.71
470,Wade,Ortet,wortetd1@google.ca,Male,135.218.64.63
471,Catina,Vidloc,cvidlocd2@miibeian.gov.cn,Female,240.78.231.4
472,Si,Howkins,showkinsd3@sfgate.com,Male,247.15.196.109
473,Hertha,Beyer,hbeyerd4@amazon.co.jp,Female,211.148.212.157
474,Karney,Fishley,kfishleyd5@desdev.cn,Genderqueer,137.28.106.157
475,Ardelle,Gerbel,agerbeld6@nydailynews.com,Genderqueer,75.87.85.32
476,Bobby,Fripps,bfrippsd7@themeforest.net,Male,58.50.235.7
477,Nico,Oswick,noswickd8@php.net,Male,99.168.122.38
478,Cointon,Paragreen,cparagreend9@sun.com,Male,155.159.92.50
479,Gael,Keniwell,gkeniwellda@epa.gov,Male,111.153.36.45
480,Gabriel,Dugget,gduggetdb@washington.edu,Male,198.10.155.171
481,Joelie,Lealle,jlealledc@discuz.net,Female,202.188.213.208
482,Dorey,Dwyr,ddwyrdd@examiner.com,Female,146.185.169.113
483,Gabriello,Keywood,gkeywoodde@tuttocitta.it,Male,79.87.91.29
484,Babs,Klimas,bklimasdf@arstechnica.com,Female,112.94.88.26
485,Olivia,Areles,oarelesdg@gov.uk,Female,57.87.55.91
486,Elijah,Dewane,edewanedh@geocities.jp,Male,212.133.107.156
487,Paola,Fahrenbach,pfahrenbachdi@bizjournals.com,Female,175.74.118.56
488,Bettine,Ambrois,bambroisdj@about.com,Female,140.32.200.56
489,Dione,Spenton,dspentondk@cdc.gov,Female,102.155.38.7
490,Caryl,Southwell,csouthwelldl@archive.org,Bigender,100.133.44.7
491,Teddi,Kleiner,tkleinerdm@a8.net,Female,39.51.47.127
492,Roxana,Bon,rbondn@go.com,Female,17.239.181.197
493,Maridel,Mendel,mmendeldo@cornell.edu,Female,28.81.144.172
494,Tova,Lorie,tloriedp@mlb.com,Female,37.134.208.130
495,Graehme,Trengrouse,gtrengrousedq@xing.com,Male,49.151.255.62
496,Vicki,Gouthier,vgouthierdr@cdbaby.com,Female,196.44.1.2
497,Petr,MacDonell,pmacdonellds@t.co,Male,118.182.107.24
498,Boniface,Tinmouth,btinmouthdt@google.com.hk,Male,157.145.215.176
499,Claybourne,Pumfrett,cpumfrettdu@vkontakte.ru,Male,17.222.252.89
500,Nikki,Granleese,ngranleesedv@nytimes.com,Female,72.196.118.49
501,Dene,Mogridge,dmogridgedw@washington.edu,Male,84.162.115.209
502,Aleece,Stutte,astuttedx@comcast.net,Female,48.14.64.146
503,Sumner,Jarred,sjarreddy@soundcloud.com,Male,81.137.70.46
504,Haywood,Lawlan,hlawlandz@bravesites.com,Male,27.48.250.125
505,Drew,Tarrier,dtarriere0@independent.co.uk,Genderfluid,6.215.1.241
506,Haley,Kleeborn,hkleeborne1@w3.org,Genderqueer,130.196.201.74
507,Syd,Simes,ssimese2@japanpost.jp,Male,32.100.203.157
508,Dulce,Sewall,dsewalle3@yellowbook.com,Female,155.144.110.165
509,Sigismond,Delatour,sdelatoure4@elegantthemes.com,Male,56.25.3.227
510,Harri,Lehrle,hlehrlee5@soundcloud.com,Female,62.237.143.159
511,Elvera,Pennock,epennocke6@amazon.de,Female,89.130.175.27
512,Alexandr,Pinchin,apinchine7@bandcamp.com,Male,228.83.174.88
513,Jarrid,Gianolini,jgianolinie8@about.com,Male,21.4.251.70
514,Jennica,Maas,jmaase9@youtube.com,Female,53.167.118.34
515,Rochelle,Lockery,rlockeryea@surveymonkey.com,Female,185.14.118.30
516,Clayson,Cranshaw,ccranshaweb@gnu.org,Male,69.135.34.224
517,Patience,Poytheras,ppoytherasec@123-reg.co.uk,Female,157.245.95.242
518,Edik,Billes,ebillesed@hugedomains.com,Male,26.193.244.132
519,Chrisse,Nazareth,cnazarethee@histats.com,Male,12.161.28.249
520,Cate,Farbrother,cfarbrotheref@trellian.com,Female,248.84.154.251
521,Spencer,Zorzin,szorzineg@yellowbook.com,Male,122.194.12.0
522,Debor,Feedham,dfeedhameh@shareasale.com,Female,111.72.251.76
523,Ulysses,Sawday,usawdayei@jimdo.com,Male,100.61.225.33
524,Valida,Hatter,vhatterej@1688.com,Bigender,220.213.143.119
525,Cheslie,Goodisson,cgoodissonek@princeton.edu,Female,139.109.75.58
526,Jacquette,McElhargy,jmcelhargyel@google.fr,Female,199.84.166.157
527,Torey,Ourtic,tourticem@craigslist.org,Male,201.125.198.157
528,Mariana,Bachmann,mbachmannen@ezinearticles.com,Female,188.19.126.164
529,Emmey,Corless,ecorlesseo@eventbrite.com,Female,225.160.247.125
530,Liam,Folbig,lfolbigep@mediafire.com,Male,102.236.195.119
531,Myron,Rogier,mrogiereq@domainmarket.com,Male,224.245.181.48
532,Clarey,Heintze,cheintzeer@printfriendly.com,Female,5.104.34.54
533,Ezmeralda,Snowman,esnowmanes@mit.edu,Female,244.226.189.50
534,Lorna,Ever,leveret@weibo.com,Female,118.236.131.66
535,Lotti,Lawtie,llawtieeu@bigcartel.com,Female,82.136.102.160
536,Briano,Petcher,bpetcherev@wired.com,Male,118.36.236.81
537,Mattheus,Menat,mmenatew@marriott.com,Male,114.182.187.236
538,Essy,Knatt,eknattex@skyrock.com,Female,44.222.113.175
539,Tallie,Perelli,tperelliey@businessweek.com,Female,245.186.19.114
540,Christen,Harme,charmeez@theguardian.com,Female,30.124.255.156
541,Lilith,Butler,lbutlerf0@angelfire.com,Female,101.86.234.174
542,Gradeigh,Brayson,gbraysonf1@friendfeed.com,Male,83.36.86.116
543,Binny,Orgee,borgeef2@webnode.com,Female,182.155.229.145
544,Ambrose,Millions,amillionsf3@amazon.de,Male,255.35.88.180
545,Stefa,Danzig,sdanzigf4@slate.com,Female,8.238.170.208
546,Coop,Faughnan,cfaughnanf5@telegraph.co.uk,Male,117.77.12.107
547,Lauren,Broyd,lbroydf6@archive.org,Female,168.35.78.102
548,Roanna,Carolan,rcarolanf7@blogspot.com,Female,176.104.77.170
549,Amalea,Emtage,aemtagef8@weibo.com,Female,59.63.204.40
550,Adler,Crewdson,acrewdsonf9@123-reg.co.uk,Male,4.87.12.75
551,Vasili,Duke,vdukefa@ucoz.ru,Male,24.94.69.42
552,Mehetabel,Taylot,mtaylotfb@sina.com.cn,Female,67.31.202.47
553,Rudd,Georgius,rgeorgiusfc@yelp.com,Male,109.219.255.236
554,Justinian,Girvin,jgirvinfd@archive.org,Male,51.234.100.72
555,Zaccaria,Wooffitt,zwooffittfe@marriott.com,Non-binary,146.236.41.218
556,Sadye,Van den Dael,svandendaelff@dailymail.co.uk,Female,146.234.157.35
557,Wilbur,Eley,weleyfg@bloglovin.com,Male,40.1.76.46
558,Frazier,Kruschov,fkruschovfh@google.nl,Male,3.38.19.40
559,Guthry,McAleese,gmcaleesefi@mayoclinic.com,Male,133.111.156.188
560,Kerk,Verner,kvernerfj@bbb.org,Male,248.179.168.18
561,Giacomo,Tierney,gtierneyfk@reuters.com,Male,162.135.179.176
562,Vale,Dunning,vdunningfl@patch.com,Male,44.210.24.122
563,Elihu,Pabel,epabelfm@blogs.com,Male,131.71.29.210
564,Jared,Laybourn,jlaybournfn@parallels.com,Male,218.146.98.79
565,Lambert,Benedyktowicz,lbenedyktowiczfo@foxnews.com,Male,251.156.48.120
566,Jamill,MacGown,jmacgownfp@wp.com,Male,30.131.91.201
567,Devina,Navein,dnaveinfq@discovery.com,Female,10.206.199.129
568,Harlin,Hoggetts,hhoggettsfr@shareasale.com,Male,207.156.102.234
569,Hendrik,Karle,hkarlefs@wisc.edu,Male,72.156.137.61
570,Giralda,Goodnow,ggoodnowft@fda.gov,Female,111.87.212.18
571,Garey,Poutress,gpoutressfu@ask.com,Male,139.101.89.24
572,Wilone,Glassup,wglassupfv@over-blog.com,Female,241.148.32.12
573,Cobbie,Hainge,chaingefw@alexa.com,Male,36.67.187.205
574,Norman,Izkovitz,nizkovitzfx@google.it,Male,175.250.217.87
575,Kiersten,Collick,kcollickfy@shinystat.com,Female,62.130.234.53
576,Iain,Birchill,ibirchillfz@webmd.com,Male,157.18.226.120
577,Zitella,Duckwith,zduckwithg0@odnoklassniki.ru,Female,207.38.188.226
578,Yurik,Sollam,ysollamg1@harvard.edu,Male,88.21.252.161
579,Khalil,Damper,kdamperg2@naver.com,Polygender,14.36.42.80
580,Lonee,Landis,llandisg3@va.gov,Polygender,64.141.244.78
581,Kariotta,Danat,kdanatg4@wix.com,Agender,19.208.69.46
582,Bellina,Ivashinnikov,bivashinnikovg5@earthlink.net,Female,161.151.135.219
583,Benjamin,Amorts,bamortsg6@omniture.com,Male,136.64.36.127
584,Kitty,Foxwell,kfoxwellg7@addthis.com,Female,75.102.0.87
585,Ferrel,Prettyman,fprettymang8@fotki.com,Male,171.196.215.85
586,Worthy,Nassau,wnassaug9@webnode.com,Male,153.97.185.138
587,Anson,Archanbault,aarchanbaultga@ted.com,Male,130.157.178.180
588,Jeri,Baldery,jbalderygb@sciencedirect.com,Female,175.79.142.31
589,Ailis,McGrady,amcgradygc@opera.com,Female,66.15.188.239
590,Emylee,Frissell,efrissellgd@xinhuanet.com,Female,94.146.177.195
591,Zechariah,Lowson,zlowsonge@goodreads.com,Male,216.192.146.142
592,Augustine,Yeld,ayeldgf@kickstarter.com,Genderfluid,230.77.179.82
593,Vinny,Shanks,vshanksgg@acquirethisname.com,Female,199.53.208.129
594,Lucienne,Meers,lmeersgh@delicious.com,Female,213.247.12.189
595,Gradey,Stanger,gstangergi@live.com,Male,209.174.54.236
596,Giacopo,Vankeev,gvankeevgj@wikimedia.org,Male,241.133.215.26
597,Niven,Geist,ngeistgk@shop-pro.jp,Polygender,158.225.81.179
598,Denyse,Tenaunt,dtenauntgl@nasa.gov,Female,248.66.68.161
599,Westley,Ruggiero,wruggierogm@posterous.com,Male,203.231.133.184
600,Clare,Dwyr,cdwyrgn@china.com.cn,Male,213.48.78.199
601,Renata,Fuentes,rfuentesgo@elpais.com,Female,50.161.48.33
602,Husein,Groger,hgrogergp@prweb.com,Male,51.200.137.42
603,Arabel,Barcroft,abarcroftgq@drupal.org,Female,68.63.242.137
604,Kinsley,Nowell,knowellgr@slashdot.org,Male,69.21.222.37
605,Olenka,Gretton,ogrettongs@amazonaws.com,Female,54.206.210.116
606,Hayes,Ivancevic,hivancevicgt@shop-pro.jp,Male,167.75.15.208
607,Bendick,Sheed,bsheedgu@stanford.edu,Male,206.83.6.59
608,Clerkclaude,Stopps,cstoppsgv@oaic.gov.au,Male,174.183.128.171
609,Madalena,Ginnety,mginnetygw@creativecommons.org,Female,239.42.27.196
610,Alejandro,Pietron,apietrongx@over-blog.com,Male,152.106.126.230
611,Francklyn,Licas,flicasgy@shinystat.com,Male,143.150.95.222
612,Blair,Carde,bcardegz@webeden.co.uk,Female,18.36.41.206
613,Minetta,Graysmark,mgraysmarkh0@mashable.com,Female,29.242.73.85
614,Clare,Nendick,cnendickh1@fotki.com,Male,214.199.128.109
615,Ardyth,Eldred,aeldredh2@huffingtonpost.com,Non-binary,47.226.51.232
616,Lawrence,Swayton,lswaytonh3@usnews.com,Male,214.36.42.196
617,Demetris,Cockrell,dcockrellh4@yelp.com,Genderqueer,240.44.237.120
618,Boigie,Lowdwell,blowdwellh5@netvibes.com,Male,53.116.204.130
619,Rocky,Rodie,rrodieh6@rediff.com,Male,123.7.167.227
620,Ebeneser,Pideon,epideonh7@issuu.com,Male,105.136.3.24
621,Ernestus,Mitcheson,emitchesonh8@reference.com,Male,161.132.194.207
622,Debora,Hanks,dhanksh9@hp.com,Agender,118.7.163.172
623,Carlynn,Crennell,ccrennellha@reddit.com,Female,107.247.226.213
624,Ringo,Martynka,rmartynkahb@jiathis.com,Male,201.141.159.148
625,Milzie,Boundey,mboundeyhc@jalbum.net,Female,204.152.23.24
626,Jonell,Kinnane,jkinnanehd@opera.com,Female,61.94.196.26
627,Maighdiln,Burds,mburdshe@howstuffworks.com,Female,48.83.99.112
628,Page,Kernermann,pkernermannhf@reddit.com,Male,116.58.90.226
629,Chrotoem,Bryenton,cbryentonhg@imageshack.us,Polygender,108.60.140.194
630,Agosto,Crispe,acrispehh@drupal.org,Male,221.4.208.111
631,Maureene,Etoile,metoilehi@seesaa.net,Female,116.177.194.178
632,Orrin,Flinn,oflinnhj@istockphoto.com,Male,28.190.152.234
633,Engracia,Wiz,ewizhk@microsoft.com,Agender,39.171.0.217
634,Maddie,Chelsom,mchelsomhl@cdc.gov,Female,0.94.245.175
635,Nowell,Kitley,nkitleyhm@arizona.edu,Male,244.116.9.40
636,Neda,Von Hindenburg,nvonhindenburghn@foxnews.com,Female,219.176.3.109
637,Bowie,Cino,bcinoho@japanpost.jp,Male,4.239.203.101
638,Nappie,Hopkyns,nhopkynshp@mail.ru,Male,208.158.145.232
639,Anatole,Wondraschek,awondraschekhq@gravatar.com,Male,241.68.87.233
640,Ashlin,Bernardt,abernardthr@nbcnews.com,Bigender,110.135.164.122
641,Stepha,Arnley,sarnleyhs@examiner.com,Agender,20.213.247.231
642,Inigo,Farrell,ifarrellht@scientificamerican.com,Genderqueer,137.255.110.132
643,Antonia,Redgrave,aredgravehu@pagesperso-orange.fr,Polygender,73.211.221.3
644,Wyatan,Northbridge,wnorthbridgehv@state.tx.us,Male,56.193.182.243
645,Audra,Petrelli,apetrellihw@cbslocal.com,Female,117.211.19.138
646,Adam,Caudelier,acaudelierhx@diigo.com,Male,181.205.47.1
647,Wolf,Wakeford,wwakefordhy@spiegel.de,Male,97.55.61.131
648,Loralee,Waple,lwaplehz@smugmug.com,Female,199.195.195.135
649,Alma,Loker,alokeri0@msn.com,Female,223.41.251.251
650,Jerome,Bazoge,jbazogei1@sbwire.com,Male,175.166.45.129
651,Issie,McClory,imccloryi2@blogtalkradio.com,Female,109.83.65.65
652,Melvyn,Crowhurst,mcrowhursti3@baidu.com,Male,131.187.28.233
653,Parry,Newlin,pnewlini4@hexun.com,Male,153.177.99.176
654,Terrijo,Poland,tpolandi5@fastcompany.com,Female,7.193.29.226
655,Jennica,Bang,jbangi6@biglobe.ne.jp,Female,135.54.237.58
656,Nicoli,Yanne,nyannei7@blinklist.com,Female,229.182.176.176
657,Pierrette,Cowtherd,pcowtherdi8@who.int,Female,217.95.141.29
658,Shanan,Baynes,sbaynesi9@sciencedirect.com,Male,116.203.27.120
659,Hastie,Betjes,hbetjesia@wikimedia.org,Bigender,28.141.131.109
660,Celestine,Salan,csalanib@jimdo.com,Female,100.1.102.11
661,Wynn,Ibbs,wibbsic@devhub.com,Polygender,119.124.29.187
662,Addia,Philpott,aphilpottid@forbes.com,Female,201.231.178.49
663,Ulrike,Yanin,uyaninie@woothemes.com,Female,180.80.98.133
664,Kristina,Ravenhill,kravenhillif@canalblog.com,Female,58.192.46.63
665,Land,Ashburne,lashburneig@opera.com,Male,71.31.94.240
666,Verena,Aitken,vaitkenih@dot.gov,Female,174.32.224.22
667,Lisette,Wrintmore,lwrintmoreii@tinypic.com,Female,150.173.90.13
668,Lesya,Goldstein,lgoldsteinij@google.co.jp,Female,156.63.3.222
669,Ingaborg,Slyman,islymanik@surveymonkey.com,Female,250.131.243.225
670,Marlena,Linscott,mlinscottil@cbslocal.com,Polygender,254.48.154.73
671,Ralf,Gobbet,rgobbetim@state.gov,Male,149.150.39.143
672,Flossi,Hunte,fhuntein@reverbnation.com,Female,215.155.137.34
673,Janka,Benyan,jbenyanio@gravatar.com,Female,50.48.146.229
674,Maurice,Scrogges,mscroggesip@multiply.com,Male,157.50.1.196
675,Lia,Kurdani,lkurdaniiq@cdc.gov,Non-binary,132.214.91.208
676,Marysa,Swanston,mswanstonir@wordpress.com,Female,167.197.51.86
677,Der,Claypole,dclaypoleis@seesaa.net,Male,26.164.36.201
678,Cathrine,Harverson,charversonit@webeden.co.uk,Polygender,30.75.129.109
679,Cristobal,Giabucci,cgiabucciiu@com.com,Male,98.58.106.117
680,Frederik,McGrady,fmcgradyiv@zdnet.com,Male,123.202.210.9
681,Janene,Hayen,jhayeniw@youtu.be,Female,134.205.146.180
682,Bruno,Davidovics,bdavidovicsix@oakley.com,Male,177.66.220.19
683,Vanna,Totaro,vtotaroiy@typepad.com,Female,3.79.100.150
684,Margaux,Raddon,mraddoniz@infoseek.co.jp,Female,207.60.78.120
685,Leonanie,Micka,lmickaj0@seattletimes.com,Female,233.47.120.252
686,Jelene,Surmon,jsurmonj1@tuttocitta.it,Female,164.91.164.51
687,Thorpe,Hingeley,thingeleyj2@geocities.com,Male,249.168.152.241
688,Hamel,Feirn,hfeirnj3@youku.com,Male,14.55.253.154
689,Hubert,Groocock,hgroocockj4@techcrunch.com,Male,210.139.16.214
690,Shepperd,Bachmann,sbachmannj5@privacy.gov.au,Male,136.169.136.53
691,Charlotte,Bambery,cbamberyj6@springer.com,Female,29.111.25.211
692,Giselbert,Mackro,gmackroj7@opensource.org,Male,113.58.23.215
693,Paxton,Reoch,preochj8@imageshack.us,Male,40.93.87.91
694,Mureil,Scholtis,mscholtisj9@baidu.com,Female,52.213.214.38
695,Mathian,Ney,mneyja@theglobeandmail.com,Male,183.77.94.104
696,Pru,Billham,pbillhamjb@dmoz.org,Female,18.55.118.12
697,Kiel,Shellum,kshellumjc@theatlantic.com,Male,111.97.132.192
698,Mickie,Deeley,mdeeleyjd@ca.gov,Female,132.91.164.91
699,Hercules,Kikke,hkikkeje@bigcartel.com,Male,248.239.60.235
700,Edwina,Sketchley,esketchleyjf@mayoclinic.com,Female,210.119.121.37
701,Wilden,Crowley,wcrowleyjg@usnews.com,Male,234.86.188.97
702,Boycey,Sanger,bsangerjh@youtu.be,Male,139.3.194.117
703,Nola,Braiden,nbraidenji@altervista.org,Female,211.235.61.116
704,Letty,Parkeson,lparkesonjj@parallels.com,Agender,137.47.36.209
705,Emmett,Reisk,ereiskjk@etsy.com,Male,65.119.4.10
706,Rollins,Blakeway,rblakewayjl@slideshare.net,Male,105.89.238.172
707,Lief,Riccardini,lriccardinijm@miitbeian.gov.cn,Male,140.39.251.251
708,Lura,Berks,lberksjn@squarespace.com,Female,43.76.252.200
709,Tammy,Rucklesse,trucklessejo@engadget.com,Female,236.148.244.214
710,Britney,Silverthorn,bsilverthornjp@163.com,Polygender,252.28.135.51
711,Denver,Dursley,ddursleyjq@histats.com,Genderqueer,125.165.11.77
712,Naoma,Chapelhow,nchapelhowjr@acquirethisname.com,Polygender,44.70.16.126
713,Bradford,Reams,breamsjs@squarespace.com,Male,52.215.58.61
714,Lana,Laherty,llahertyjt@msu.edu,Female,35.192.180.29
715,Doroteya,Daile,ddaileju@go.com,Female,11.4.173.111
716,Waring,Downse,wdownsejv@soup.io,Male,225.11.145.94
717,Myrwyn,Ambrus,mambrusjw@salon.com,Bigender,98.70.242.21
718,Philipa,Munton,pmuntonjx@stanford.edu,Female,176.195.163.59
719,Bastian,Buncom,bbuncomjy@paypal.com,Male,214.168.36.151
720,Talya,Prandin,tprandinjz@google.co.jp,Female,12.20.214.255
721,Doloritas,Joutapaitis,djoutapaitisk0@tinyurl.com,Female,146.130.216.119
722,Paulie,Astie,pastiek1@hostgator.com,Male,161.182.42.177
723,Alf,Venediktov,avenediktovk2@biglobe.ne.jp,Male,198.64.112.235
724,Gordy,Dawbury,gdawburyk3@lycos.com,Male,144.218.212.2
725,Isiahi,Clac,iclack4@shop-pro.jp,Male,28.161.88.61
726,Sarina,Mosey,smoseyk5@wix.com,Female,18.204.150.240
727,Wolfgang,Bradberry,wbradberryk6@reference.com,Male,101.174.36.216
728,Liv,Ponte,lpontek7@meetup.com,Female,20.3.234.195
729,Gipsy,Epine,gepinek8@google.cn,Female,170.102.148.255
730,Farris,Silverwood,fsilverwoodk9@google.de,Polygender,126.63.98.45
731,Charita,Yakubovich,cyakubovichka@dyndns.org,Female,168.138.81.180
732,Selle,Vlahos,svlahoskb@prnewswire.com,Female,15.90.65.217
733,Kirby,Notton,knottonkc@discovery.com,Male,56.60.97.62
734,Francene,Momery,fmomerykd@youtu.be,Female,137.102.195.85
735,Ozzy,Laye,olayeke@furl.net,Male,165.156.97.53
736,Udale,Kitter,ukitterkf@ft.com,Male,52.104.240.197
737,Caressa,Coggill,ccoggillkg@shop-pro.jp,Female,203.46.100.118
738,Bruno,Tedman,btedmankh@privacy.gov.au,Male,43.230.165.180
739,Graig,Sargint,gsargintki@guardian.co.uk,Male,32.117.183.134
740,Ralf,Geddis,rgeddiskj@wikimedia.org,Male,155.235.35.115
741,Giles,Michelin,gmichelinkk@about.me,Male,219.101.227.254
742,Rhona,Ebbutt,rebbuttkl@jiathis.com,Female,76.181.142.16
743,Lee,Rubin,lrubinkm@infoseek.co.jp,Female,104.185.155.40
744,Lydon,Fitt,lfittkn@omniture.com,Male,100.142.124.133
745,Thorndike,Woolland,twoollandko@reverbnation.com,Male,43.171.127.97
746,Carmelle,Deegan,cdeegankp@unblog.fr,Female,17.232.87.68
747,Crichton,Foro,cforokq@edublogs.org,Male,198.63.13.114
748,Jayson,Center,jcenterkr@ocn.ne.jp,Male,189.177.43.241
749,Keen,Ludewig,kludewigks@google.ru,Male,145.44.71.32
750,Wynne,Maylin,wmaylinkt@liveinternet.ru,Polygender,150.163.101.228
751,Xerxes,Bosher,xbosherku@uiuc.edu,Genderfluid,40.255.206.44
752,Ogdan,Coskerry,ocoskerrykv@yahoo.com,Male,162.209.230.153
753,Alick,Fleming,aflemingkw@trellian.com,Male,104.88.222.36
754,Maddie,Kelcher,mkelcherkx@whitehouse.gov,Female,101.169.60.223
755,Tatiana,Dedman,tdedmanky@earthlink.net,Female,17.44.169.123
756,Sunshine,Franchyonok,sfranchyonokkz@google.com.au,Female,30.135.156.8
757,Kristina,Knibb,kknibbl0@dagondesign.com,Female,116.144.87.75
758,Loy,Rouse,lrousel1@dell.com,Male,109.202.84.12
759,Jami,O'Fallon,jofallonl2@diigo.com,Female,121.37.66.101
760,Sile,Scholefield,sscholefieldl3@state.tx.us,Female,43.236.15.15
761,Domini,Bertomier,dbertomierl4@geocities.com,Female,167.65.134.7
762,Fanchette,Watling,fwatlingl5@europa.eu,Female,206.87.127.91
763,Sutherlan,Bennen,sbennenl6@apple.com,Male,47.94.81.214
764,Rachel,Whitmore,rwhitmorel7@squidoo.com,Female,142.40.175.56
765,Arabela,Learmount,alearmountl8@google.cn,Genderfluid,165.187.246.155
766,Hallsy,Fellgett,hfellgettl9@amazonaws.com,Male,194.14.87.233
767,Sibella,Mc Gaughey,smcgaugheyla@shop-pro.jp,Female,80.84.92.254
768,Erek,MacLice,emaclicelb@over-blog.com,Male,89.4.232.158
769,Ralina,Cranstoun,rcranstounlc@comcast.net,Female,59.150.124.70
770,Antonino,Mourge,amourgeld@hatena.ne.jp,Male,177.218.111.152
771,Alice,Howler,ahowlerle@blogs.com,Female,220.76.203.169
772,Giorgia,Ubanks,gubankslf@buzzfeed.com,Female,174.201.161.209
773,Grannie,Setterthwait,gsetterthwaitlg@yandex.ru,Male,243.77.157.223
774,Clare,Walcher,cwalcherlh@nationalgeographic.com,Male,37.109.161.90
775,Wat,Redihalgh,wredihalghli@walmart.com,Male,168.165.191.64
776,Michelina,Jaggard,mjaggardlj@paypal.com,Agender,186.184.17.115
777,Drucill,Soars,dsoarslk@nba.com,Female,226.161.5.19
778,Giorgi,Furmagier,gfurmagierll@pagesperso-orange.fr,Male,23.204.144.185
779,Ofella,McElhinney,omcelhinneylm@aol.com,Female,44.4.152.151
780,Giles,Levy,glevyln@angelfire.com,Male,226.210.156.211
781,Bart,Boggas,bboggaslo@hhs.gov,Male,1.254.102.65
782,Debera,Bradnam,dbradnamlp@google.co.uk,Female,207.173.200.219
783,Ward,Buard,wbuardlq@purevolume.com,Non-binary,24.134.8.27
784,Hendrick,Goggan,hgogganlr@nature.com,Male,63.67.12.253
785,Viva,Maddern,vmaddernls@e-recht24.de,Female,93.222.211.183
786,Bonni,Alliker,ballikerlt@aol.com,Female,246.228.204.62
787,Mallorie,Poulson,mpoulsonlu@msu.edu,Female,188.123.116.38
788,Lindie,Gowers,lgowerslv@elpais.com,Female,37.156.55.126
789,Loydie,Tommasi,ltommasilw@eepurl.com,Male,73.22.33.225
790,Gabriel,Gregory,ggregorylx@imdb.com,Male,138.183.2.178
791,Danika,Davis,ddavisly@sfgate.com,Female,125.199.57.118
792,Garrek,Walczynski,gwalczynskilz@loc.gov,Male,184.86.23.168
793,Doug,Halliburton,dhalliburtonm0@reuters.com,Genderfluid,94.133.58.101
794,Hetti,Eble,heblem1@stanford.edu,Genderqueer,51.78.178.29
795,Kerr,Kingswold,kkingswoldm2@about.me,Male,151.25.207.91
796,Kennith,Brett,kbrettm3@java.com,Male,52.40.51.127
797,Gerty,Nelsey,gnelseym4@businessinsider.com,Agender,180.172.169.155
798,Kimbell,Conquer,kconquerm5@abc.net.au,Male,153.138.208.49
799,Christy,Ulyatt,culyattm6@biblegateway.com,Male,207.79.10.68
800,Essa,D'Aeth,edaethm7@nsw.gov.au,Female,66.227.133.37
801,Upton,McDoual,umcdoualm8@google.com.au,Male,28.146.109.73
802,Carrol,Menure,cmenurem9@wikipedia.org,Male,91.204.228.45
803,Gretchen,Baccus,gbaccusma@thetimes.co.uk,Agender,237.50.33.70
804,Holden,McRamsey,hmcramseymb@histats.com,Male,196.156.78.230
805,Gayler,Ashman,gashmanmc@sohu.com,Male,43.13.165.242
806,Bord,Southon,bsouthonmd@columbia.edu,Male,172.215.121.28
807,Leland,Harrisson,lharrissonme@ovh.net,Female,185.4.41.210
808,Almeda,Bartolic,abartolicmf@skyrock.com,Non-binary,43.100.202.118
809,Reid,Minshaw,rminshawmg@home.pl,Male,182.3.139.253
810,Sibelle,Binder,sbindermh@dagondesign.com,Female,81.152.212.79
811,Isa,Kamall,ikamallmi@mediafire.com,Male,184.147.189.42
812,Skylar,Fuchs,sfuchsmj@elegantthemes.com,Male,254.80.156.37
813,Ashton,Brisseau,abrisseaumk@infoseek.co.jp,Male,237.114.66.179
814,Ivie,Freyn,ifreynml@drupal.org,Female,227.159.72.119
815,Grissel,Sumshon,gsumshonmm@house.gov,Female,113.163.86.208
816,Craggy,Bartocci,cbartoccimn@feedburner.com,Male,94.69.172.14
817,Dalis,Hagyard,dhagyardmo@hatena.ne.jp,Male,246.187.12.31
818,Noak,Braganca,nbragancamp@si.edu,Male,218.45.88.35
819,Parsifal,Kimbury,pkimburymq@va.gov,Male,63.127.125.160
820,Langsdon,Hedworth,lhedworthmr@yahoo.co.jp,Male,109.51.228.139
821,Dolores,Ancliffe,dancliffems@godaddy.com,Female,227.147.147.252
822,Novelia,Signoret,nsignoretmt@seesaa.net,Female,78.177.151.18
823,Abie,Mower,amowermu@creativecommons.org,Male,172.224.95.85
824,Berna,Jedrzejewicz,bjedrzejewiczmv@shareasale.com,Female,144.1.65.133
825,Xymenes,Cometti,xcomettimw@slideshare.net,Male,164.61.170.38
826,Suki,de Vaen,sdevaenmx@slideshare.net,Female,187.138.143.6
827,Elijah,Menear,emenearmy@tmall.com,Male,252.173.192.123
828,Terence,Flaunier,tflauniermz@loc.gov,Male,201.186.101.123
829,My,Docharty,mdochartyn0@ft.com,Male,48.166.166.143
830,Budd,Kiddy,bkiddyn1@ucsd.edu,Male,10.227.47.0
831,Katherina,Denney,kdenneyn2@quantcast.com,Female,77.178.141.190
832,Noella,Raffles,nrafflesn3@dot.gov,Female,211.235.144.83
833,Harriet,Upcraft,hupcraftn4@deliciousdays.com,Female,194.65.69.71
834,Creigh,Bazley,cbazleyn5@yellowbook.com,Male,106.45.164.143
835,Glory,Greer,ggreern6@mapquest.com,Female,185.200.145.86
836,Clarey,Trench,ctrenchn7@nationalgeographic.com,Female,10.95.217.81
837,Hilary,Geaves,hgeavesn8@columbia.edu,Female,174.108.64.104
838,Adeline,Renfrew,arenfrewn9@parallels.com,Genderfluid,249.204.30.72
839,Oren,De Pero,odeperona@walmart.com,Male,102.173.146.229
840,Elisabetta,Weinham,eweinhamnb@ustream.tv,Bigender,194.233.149.233
841,Jamima,Boyland,jboylandnc@google.fr,Female,38.109.177.199
842,Fannie,Rogez,frogeznd@illinois.edu,Female,115.0.205.246
843,Teodora,Halt,thaltne@elpais.com,Female,105.95.222.97
844,Bryan,Dibbs,bdibbsnf@independent.co.uk,Male,192.50.71.98
845,Harli,Annand,hannandng@nifty.com,Female,122.86.175.97
846,Kora,Sullly,ksulllynh@booking.com,Female,130.105.81.48
847,Fanchette,Nunes Nabarro,fnunesnabarroni@ezinearticles.com,Female,148.247.141.162
848,Niall,Cash,ncashnj@uol.com.br,Male,57.177.153.234
849,Derril,Muslim,dmuslimnk@icq.com,Male,116.160.43.249
850,Osmund,O'Fearguise,oofearguisenl@hostgator.com,Male,10.28.162.94
851,Kassia,Ashborne,kashbornenm@ibm.com,Female,3.197.146.212
852,Murielle,Reeveley,mreeveleynn@pen.io,Female,211.146.215.54
853,Bernetta,Farrall,bfarrallno@whitehouse.gov,Female,169.60.236.255
854,Clayson,Sanson,csansonnp@ibm.com,Male,107.51.21.86
855,Lilli,Maunders,lmaundersnq@unblog.fr,Female,192.23.69.115
856,Jerald,Sketchley,jsketchleynr@artisteer.com,Male,161.155.105.220
857,Hermie,Camelli,hcamellins@google.com.hk,Male,77.225.133.64
858,Sherill,Quare,squarent@constantcontact.com,Female,8.242.29.162
859,Osmund,Joan,ojoannu@mozilla.org,Male,13.126.121.14
860,Yettie,Mariyushkin,ymariyushkinnv@w3.org,Female,66.245.12.83
861,Karlotte,Deluce,kdelucenw@hatena.ne.jp,Female,121.27.23.90
862,Ranique,Addinall,raddinallnx@51.la,Female,82.86.140.202
863,Derk,Purdey,dpurdeyny@spotify.com,Male,63.226.23.219
864,Dianna,Culley,dculleynz@discuz.net,Polygender,88.55.202.51
865,Keslie,Jolliss,kjollisso0@wikipedia.org,Female,150.222.20.33
866,Ivar,Wingar,iwingaro1@webnode.com,Male,251.7.201.252
867,Mirella,Franzelini,mfranzelinio2@1und1.de,Female,218.114.192.254
868,Kenna,Troy,ktroyo3@1und1.de,Female,81.252.220.146
869,Carleen,Streader,cstreadero4@tinyurl.com,Female,2.246.45.212
870,Elianora,Mitchenson,emitchensono5@istockphoto.com,Female,215.183.167.145
871,Moise,Jentle,mjentleo6@phpbb.com,Male,41.22.0.204
872,Austine,Willsmore,awillsmoreo7@phoca.cz,Female,184.103.158.233
873,Brooke,Boxer,bboxero8@oaic.gov.au,Male,200.160.219.103
874,Tressa,Baltrushaitis,tbaltrushaitiso9@arizona.edu,Female,42.131.39.200
875,Jami,Jamme,jjammeoa@nymag.com,Female,181.168.176.164
876,Parsifal,Vivash,pvivashob@army.mil,Male,163.118.11.194
877,Renado,Conor,rconoroc@prnewswire.com,Male,165.216.236.157
878,Deeanne,Amburgy,damburgyod@joomla.org,Female,114.28.15.182
879,Nonnah,Mary,nmaryoe@va.gov,Female,151.227.150.122
880,Nye,Zorzutti,nzorzuttiof@geocities.jp,Male,16.211.118.243
881,Godard,Fawson,gfawsonog@blogger.com,Male,82.59.129.183
882,Hi,Furlonge,hfurlongeoh@posterous.com,Male,222.156.200.235
883,Veronike,Bavidge,vbavidgeoi@pagesperso-orange.fr,Female,224.86.47.59
884,Susanetta,Humes,shumesoj@devhub.com,Female,122.174.109.85
885,Royce,Renac,rrenacok@discovery.com,Male,193.158.159.6
886,Kennett,Streeton,kstreetonol@prnewswire.com,Male,211.199.54.193
887,Willamina,Farnan,wfarnanom@uol.com.br,Female,72.15.229.148
888,Elvira,Lowndsborough,elowndsboroughon@wp.com,Female,70.252.231.155
889,Nickolai,Broker,nbrokeroo@nsw.gov.au,Male,128.89.125.71
890,Killy,Gerraty,kgerratyop@indiegogo.com,Male,51.228.233.154
891,Filbert,Sommerly,fsommerlyoq@psu.edu,Male,232.18.40.43
892,Elbert,Nickolls,enickollsor@nymag.com,Male,48.23.88.151
893,Neale,Firebrace,nfirebraceos@cisco.com,Genderqueer,21.92.206.187
894,Carmelina,Kirby,ckirbyot@multiply.com,Female,174.63.113.135
895,Avril,Mockford,amockfordou@auda.org.au,Female,239.196.170.111
896,Kaine,Reitenbach,kreitenbachov@examiner.com,Male,30.179.114.215
897,Duff,Lackinton,dlackintonow@virginia.edu,Genderqueer,218.24.119.13
898,Alethea,Neil,aneilox@netlog.com,Female,6.163.224.245
899,Jackquelin,Dunstone,jdunstoneoy@meetup.com,Female,16.196.65.255
900,Lennie,Spirit,lspiritoz@jigsy.com,Male,236.235.33.231
901,Magda,Croose,mcroosep0@geocities.jp,Female,184.103.64.238
902,Natalina,Claridge,nclaridgep1@a8.net,Female,92.84.91.9
903,Barnett,Scutter,bscutterp2@yellowpages.com,Male,184.51.162.126
904,Chantalle,Jessen,cjessenp3@flavors.me,Genderqueer,215.233.46.18
905,Kristy,Timberlake,ktimberlakep4@w3.org,Female,122.152.138.41
906,Rinaldo,Iddens,riddensp5@mozilla.com,Male,199.178.86.231
907,Jacky,Klessmann,jklessmannp6@360.cn,Male,27.79.197.182
908,Carissa,Beavers,cbeaversp7@state.tx.us,Female,230.150.28.193
909,Madelena,Juanico,mjuanicop8@fc2.com,Female,195.170.56.140
910,Alexio,McCracken,amccrackenp9@ca.gov,Male,89.113.122.53
911,Alys,Battle,abattlepa@scientificamerican.com,Female,46.97.8.142
912,Deana,Forton,dfortonpb@google.co.uk,Female,55.210.95.7
913,Leesa,Phillpot,lphillpotpc@reuters.com,Female,212.220.171.244
914,Emmye,Abethell,eabethellpd@is.gd,Bigender,203.56.207.113
915,Cash,Burfoot,cburfootpe@guardian.co.uk,Male,116.121.86.181
916,Nehemiah,Sachno,nsachnopf@hibu.com,Male,199.77.51.98
917,Engelbert,Grzeszczak,egrzeszczakpg@cyberchimps.com,Male,201.45.63.38
918,Brennan,Galsworthy,bgalsworthyph@europa.eu,Male,99.204.180.94
919,Nadya,Withams,nwithamspi@craigslist.org,Female,202.162.130.97
920,Joe,Gowlett,jgowlettpj@weebly.com,Male,233.152.204.21
921,Hurleigh,Lavers,hlaverspk@yale.edu,Male,56.42.129.179
922,Van,Itzchaky,vitzchakypl@zdnet.com,Male,253.235.57.167
923,Hewe,Pyett,hpyettpm@ibm.com,Male,6.27.140.141
924,Michaeline,Huniwall,mhuniwallpn@usnews.com,Female,192.70.80.254
925,Ki,Uvedale,kuvedalepo@pbs.org,Female,184.44.206.75
926,Noland,De Biasi,ndebiasipp@histats.com,Non-binary,229.38.174.121
927,Kat,Cordall,kcordallpq@businesswire.com,Female,23.105.15.210
928,Cherrita,Apfler,capflerpr@fotki.com,Female,8.128.185.253
929,Cheri,Tsarovic,ctsarovicps@ebay.com,Female,178.249.151.2
930,Emlynn,Iori,eioript@scribd.com,Female,17.250.199.178
931,Zulema,Golagley,zgolagleypu@yelp.com,Female,68.255.24.92
932,Dottie,Richards,drichardspv@google.de,Female,237.165.213.50
933,Shermy,Piggens,spiggenspw@techcrunch.com,Agender,36.27.57.255
934,Pyotr,Massot,pmassotpx@nba.com,Male,201.8.63.167
935,Giselbert,Crack,gcrackpy@deviantart.com,Male,15.129.179.255
936,Winifred,Abramof,wabramofpz@wp.com,Female,3.105.128.212
937,Major,Faloon,mfaloonq0@blogspot.com,Male,127.216.221.91
938,Lucinda,Clougher,lclougherq1@imgur.com,Female,221.41.111.234
939,Bebe,Sollitt,bsollittq2@artisteer.com,Female,12.239.40.30
940,Christie,Atrill,catrillq3@ucsd.edu,Female,236.140.157.124
941,Babita,Perigo,bperigoq4@wsj.com,Non-binary,82.161.222.51
942,Bellina,Birrane,bbirraneq5@github.com,Female,195.4.22.85
943,Ellerey,Bail,ebailq6@cnn.com,Male,151.18.139.199
944,Morgan,Rowlett,mrowlettq7@123-reg.co.uk,Male,95.123.40.82
945,Kariotta,Bratten,kbrattenq8@pinterest.com,Female,15.226.85.242
946,Morissa,Ollett,mollettq9@artisteer.com,Female,181.73.71.67
947,Robinet,Chancelier,rchancelierqa@soundcloud.com,Male,134.111.75.174
948,Gennifer,Gaskamp,ggaskampqb@ehow.com,Agender,137.125.242.156
949,Wanda,Thickin,wthickinqc@w3.org,Female,243.163.73.218
950,Windham,Shoebridge,wshoebridgeqd@telegraph.co.uk,Male,24.66.124.83
951,Luke,Bastie,lbastieqe@123-reg.co.uk,Male,63.109.99.19
952,Cathleen,Rillstone,crillstoneqf@cam.ac.uk,Female,214.135.54.195
953,Flori,Rabidge,frabidgeqg@about.me,Female,3.85.24.164
954,Tyson,Yarwood,tyarwoodqh@vkontakte.ru,Male,192.132.209.4
955,Geneva,Napoleone,gnapoleoneqi@phpbb.com,Female,31.155.242.35
956,Doy,Mayzes,dmayzesqj@ucoz.ru,Male,185.232.171.93
957,Jessalin,Bonnier,jbonnierqk@homestead.com,Non-binary,48.192.227.3
958,Wenonah,Say,wsayql@twitpic.com,Female,201.38.11.119
959,Mickie,Boulding,mbouldingqm@yahoo.com,Female,216.121.58.40
960,Sigmund,Burder,sburderqn@1und1.de,Male,153.82.181.226
961,Brennen,Goby,bgobyqo@mlb.com,Male,64.124.40.111
962,Hurleigh,Riccetti,hriccettiqp@skyrock.com,Male,116.87.70.227
963,Salomi,Goldstone,sgoldstoneqq@imageshack.us,Agender,94.81.26.126
964,Cherilyn,Brookhouse,cbrookhouseqr@digg.com,Female,219.168.160.191
965,Erena,Telfer,etelferqs@dion.ne.jp,Female,250.46.105.227
966,Steven,Mapother,smapotherqt@psu.edu,Male,153.50.84.174
967,Justinian,Polino,jpolinoqu@networksolutions.com,Male,98.223.141.52
968,Roxine,Slopier,rslopierqv@indiegogo.com,Female,1.176.30.79
969,Pattie,Belloch,pbellochqw@pinterest.com,Male,27.72.127.22
970,Eliot,Huygen,ehuygenqx@foxnews.com,Male,244.84.51.65
971,Lisle,Ondrak,londrakqy@scribd.com,Male,165.158.64.228
972,Jourdan,Veschi,jveschiqz@usgs.gov,Female,142.151.170.51
973,Amelita,Carneck,acarneckr0@sina.com.cn,Female,202.138.23.136
974,Fabien,Ashlee,fashleer1@wordpress.org,Male,9.18.88.116
975,Glyn,Lindmark,glindmarkr2@jugem.jp,Male,195.176.212.198
976,Napoleon,Ostler,nostlerr3@nba.com,Male,116.138.155.41
977,Osbert,Antunes,oantunesr4@alibaba.com,Male,24.245.118.55
978,Frederica,Huckin,fhuckinr5@constantcontact.com,Female,177.28.66.125
979,Frank,McCollum,fmccollumr6@cloudflare.com,Female,246.200.106.86
980,Remus,Offiler,roffilerr7@homestead.com,Male,117.172.37.68
981,Baxie,Gregoletti,bgregolettir8@elegantthemes.com,Male,196.107.218.119
982,Rossy,Salkild,rsalkildr9@google.com,Male,106.243.222.210
983,Alexandr,Armor,aarmorra@sbwire.com,Male,43.11.122.180
984,Dulcinea,Godden,dgoddenrb@oaic.gov.au,Female,131.60.16.174
985,Vivie,Glenny,vglennyrc@t-online.de,Female,11.105.183.161
986,Lacie,Foley,lfoleyrd@imageshack.us,Female,54.61.39.94
987,Welch,Sergant,wsergantre@newyorker.com,Male,130.164.130.3
988,Graehme,Greenside,ggreensiderf@mediafire.com,Male,201.130.6.166
989,Lothario,Moiser,lmoiserrg@guardian.co.uk,Male,48.86.235.27
990,Lazare,Ketcher,lketcherrh@pen.io,Male,229.53.49.32
991,Tessi,Sannes,tsannesri@ameblo.jp,Female,146.70.189.190
992,Marybeth,Ventura,mventurarj@ebay.com,Polygender,29.23.178.246
993,Luca,Falkner,lfalknerrk@prlog.org,Male,231.28.70.156
994,Gael,Hallt,ghalltrl@un.org,Female,186.158.120.38
995,Antony,Mounfield,amounfieldrm@trellian.com,Male,12.253.120.176
996,Saudra,Hauck,shauckrn@linkedin.com,Female,105.3.38.147
997,Marius,Gummory,mgummoryro@newyorker.com,Male,177.48.253.199
998,Alaric,Aviss,aavissrp@google.com.hk,Male,172.207.131.214
999,Price,Banes,pbanesrq@newsvine.com,Male,64.50.138.49
1000,Burg,Dodimead,bdodimeadrr@google.com.br,Male,10.72.243.148
