id,first_name,last_name,email,gender,ip_address
1,Mannie,Matthias,mmatthias0@sohu.com,Male,160.23.173.149
2,Elijah,Ferrea,eferrea1@fda.gov,Male,188.215.125.70
3,Calvin,Ingilson,cingilson2@a8.net,Male,23.117.205.25
4,Lorin,Blagden,lblagden3@jimdo.com,Male,33.253.5.217
5,Kathleen,Huddart,khuddart4@123-reg.co.uk,Female,88.102.81.16
6,Osmond,Bickerdyke,obickerdyke5@examiner.com,Male,67.159.206.191
7,Augie,Tremolieres,atremolieres6@stumbleupon.com,Male,225.125.111.250
8,Celinka,Clixby,cclixby7@exblog.jp,Female,75.149.109.178
9,Queenie,Duplain,qduplain8@bbc.co.uk,Female,227.97.234.230
10,Dimitry,Myatt,dmyatt9@homestead.com,Male,249.58.86.198
11,Herold,Eastam,heastama@amazon.de,Genderqueer,136.34.75.225
12,Noelyn,Chidlow,nchidlowb@nsw.gov.au,Female,69.247.10.191
13,Darbie,Johansson,djohanssonc@apple.com,Female,37.201.123.134
14,Donovan,Erington,deringtond@china.com.cn,Male,223.181.64.26
15,Hazel,Juleff,hjuleffe@yahoo.com,Female,189.238.127.99
16,Candy,Gregolotti,cgregolottif@lycos.com,Female,134.138.177.182
17,Yanaton,Tyreman,ytyremang@newsvine.com,Male,176.218.6.242
18,Salomon,Jolland,sjollandh@issuu.com,Male,96.218.74.211
19,Eden,Gregori,egregorii@weebly.com,Female,96.199.241.151
20,Jaquith,Ferrarone,jferraronej@360.cn,Female,176.83.74.71
21,Dun,Schohier,dschohierk@imageshack.us,Male,86.202.125.153
22,Joletta,Merriment,jmerrimentl@cnet.com,Female,235.25.227.144
23,Ginger,McLagain,gmclagainm@flavors.me,Male,35.65.210.40
24,Alphard,Bascombe,abascomben@stumbleupon.com,Genderfluid,18.112.121.242
25,Philly,Semour,psemouro@edublogs.org,Female,208.149.16.84
26,Patrica,Mullarkey,pmullarkeyp@ucsd.edu,Female,178.44.21.165
27,Judye,Turl,jturlq@360.cn,Female,237.110.46.151
28,Urbano,Horsfield,uhorsfieldr@go.com,Male,61.122.117.141
29,Imogen,Semiras,isemirass@t-online.de,Genderqueer,239.19.191.148
30,Baryram,Antosik,bantosikt@cocolog-nifty.com,Male,75.114.212.230
31,Odelle,Meriton,omeritonu@reverbnation.com,Female,7.49.255.193
32,Livia,Di Biasio,ldibiasiov@hexun.com,Female,1.100.198.117
33,Fran,Lovekin,flovekinw@163.com,Male,110.180.93.246
34,Skipton,Feltoe,sfeltoex@technorati.com,Male,88.213.64.245
35,Hadria,MacArd,hmacardy@csmonitor.com,Female,194.83.193.167
36,Ted,Youhill,tyouhillz@wikia.com,Female,142.220.171.112
37,Arnaldo,Harkness,aharkness10@ebay.co.uk,Male,172.71.186.146
38,Lucille,Yakunikov,lyakunikov11@linkedin.com,Female,171.80.51.167
39,Camey,Pithie,cpithie12@icq.com,Male,139.25.255.188
40,Jameson,Seller,jseller13@cbslocal.com,Male,121.217.34.203
41,Jennine,Crevy,jcrevy14@msu.edu,Female,122.167.17.3
42,Farica,Hullbrook,fhullbrook15@wix.com,Female,32.209.142.105
43,Bertram,Martinovic,bmartinovic16@woothemes.com,Male,2.255.116.6
44,Ryon,Hetterich,rhetterich17@webs.com,Male,63.133.215.75
45,Shawnee,Dilley,sdilley18@domainmarket.com,Female,60.26.141.71
46,Leila,Bride,lbride19@taobao.com,Female,119.181.231.235
47,Ernesto,Peckitt,epeckitt1a@timesonline.co.uk,Male,248.185.89.2
48,Phyllis,Densham,pdensham1b@qq.com,Non-binary,14.168.188.146
49,Basile,Whales,bwhales1c@irs.gov,Male,32.247.43.33
50,Myriam,Borthram,mborthram1d@studiopress.com,Female,155.241.66.127
51,Cammy,Lavallie,clavallie1e@biblegateway.com,Male,197.120.95.21
52,Margalo,Macari,mmacari1f@webnode.com,Female,169.9.208.236
53,Ramsey,Weedon,rweedon1g@ifeng.com,Male,152.129.15.75
54,Rikki,Fenners,rfenners1h@cnn.com,Female,193.35.190.237
55,Rudiger,Billes,rbilles1i@ihg.com,Male,28.33.115.138
56,Gerome,McQuillin,gmcquillin1j@plala.or.jp,Male,208.191.57.18
57,Vitoria,Ofield,vofield1k@clickbank.net,Female,211.150.57.113
58,Alessandro,Shimman,ashimman1l@biblegateway.com,Male,72.175.119.197
59,Odilia,Abrahart,oabrahart1m@tripod.com,Female,174.2.13.150
60,Westbrooke,Zannetti,wzannetti1n@illinois.edu,Male,221.118.141.159
61,Cairistiona,Kingsnode,ckingsnode1o@shareasale.com,Genderqueer,42.221.175.233
62,Justino,Caudell,jcaudell1p@cnbc.com,Male,12.130.227.84
63,Elroy,Hubbucke,ehubbucke1q@msu.edu,Male,201.13.27.62
64,Frederigo,Libreros,flibreros1r@indiegogo.com,Male,174.38.20.87
65,Sioux,Terbruggen,sterbruggen1s@dell.com,Female,209.144.104.43
66,Kristine,Junes,kjunes1t@house.gov,Female,162.185.168.34
67,Dore,Mein,dmein1u@gmpg.org,Male,66.147.62.162
68,Karlee,Burrell,kburrell1v@amazon.de,Female,106.118.20.168
69,Haily,Blaydes,hblaydes1w@buzzfeed.com,Male,175.91.160.24
70,Ginnifer,Hutable,ghutable1x@canalblog.com,Female,33.106.36.247
71,Ed,Leimster,eleimster1y@hostgator.com,Male,171.65.39.191
72,Delphine,Dunning,ddunning1z@hud.gov,Female,226.186.52.76
73,Claudelle,Biscomb,cbiscomb20@fc2.com,Polygender,163.140.63.16
74,Kissiah,Eskrigg,keskrigg21@craigslist.org,Female,226.91.75.226
75,Terencio,Crusham,tcrusham22@prweb.com,Male,241.38.230.147
76,Kathe,Ackermann,kackermann23@wunderground.com,Female,167.236.173.59
77,Ritchie,Iacobini,riacobini24@harvard.edu,Male,143.119.10.190
78,Trip,Leathwood,tleathwood25@google.cn,Male,228.13.44.17
79,Odelia,Laffoley-Lane,olaffoleylane26@i2i.jp,Female,94.34.100.77
80,Hammad,Wimpeney,hwimpeney27@mashable.com,Male,211.245.56.226
81,Ring,Ronchetti,rronchetti28@alibaba.com,Male,47.100.184.204
82,Joscelin,Haycroft,jhaycroft29@scribd.com,Female,131.126.158.159
83,Jacqueline,Ubsdell,jubsdell2a@nsw.gov.au,Female,113.196.103.34
84,Stephanie,Ellcock,sellcock2b@symantec.com,Female,116.142.235.166
85,Joyan,Edeson,jedeson2c@lulu.com,Female,118.124.220.143
86,Cori,Dearsley,cdearsley2d@privacy.gov.au,Male,2.40.46.47
87,Natal,Snell,nsnell2e@admin.ch,Male,8.54.118.200
88,Nollie,Jesty,njesty2f@nyu.edu,Male,41.187.204.184
89,Clemente,Pryce,cpryce2g@aol.com,Male,204.209.119.77
90,Cherie,Phebee,cphebee2h@squidoo.com,Female,201.213.222.107
91,Lindsey,Stillwell,lstillwell2i@bandcamp.com,Female,85.142.47.248
92,Oby,Genese,ogenese2j@army.mil,Male,252.113.92.30
93,Sherlock,Braywood,sbraywood2k@buzzfeed.com,Male,39.249.130.121
94,Letty,Bointon,lbointon2l@clickbank.net,Female,50.236.41.118
95,Mariellen,Jojic,mjojic2m@spotify.com,Female,92.83.92.72
96,Den,Heibl,dheibl2n@about.me,Male,183.30.93.234
97,Jess,Tourry,jtourry2o@zimbio.com,Male,47.123.41.65
98,Constancia,Epp,cepp2p@bluehost.com,Genderqueer,160.146.193.217
99,Otho,Cleugh,ocleugh2q@psu.edu,Male,163.255.248.254
100,Charisse,Peddar,cpeddar2r@senate.gov,Female,94.219.188.108
101,Kimble,Dealey,kdealey2s@xinhuanet.com,Male,120.207.225.86
102,Hill,Ocklin,hocklin2t@feedburner.com,Male,166.246.172.69
103,Trev,Gooley,tgooley2u@seattletimes.com,Male,75.21.20.51
104,Olia,Caras,ocaras2v@cmu.edu,Female,89.207.110.188
105,Miguela,Edinborough,medinborough2w@usgs.gov,Female,190.205.119.226
106,Silvester,Sier,ssier2x@a8.net,Male,166.162.40.150
107,Louie,Bullant,lbullant2y@joomla.org,Male,178.222.63.69
108,Amory,Dinsdale,adinsdale2z@google.es,Non-binary,108.231.51.20
109,Flinn,Macieja,fmacieja30@wikia.com,Male,62.39.207.196
110,Ceciley,Reinbach,creinbach31@quantcast.com,Female,196.106.184.115
111,Tommie,Charlwood,tcharlwood32@google.ru,Female,146.196.16.202
112,Devlin,Aleksich,daleksich33@howstuffworks.com,Male,181.166.216.194
113,Irvin,Raiman,iraiman34@bloglovin.com,Male,84.84.135.231
114,Beryl,Sills,bsills35@usnews.com,Female,237.79.96.139
115,Saudra,Dearl,sdearl36@sun.com,Genderfluid,220.34.55.182
116,Reid,Bocken,rbocken37@umn.edu,Male,64.151.136.18
117,Cameron,Doherty,cdoherty38@seattletimes.com,Male,147.140.47.82
118,Broddie,Allsepp,ballsepp39@seattletimes.com,Male,193.51.19.105
119,Markos,Hendrich,mhendrich3a@nymag.com,Male,159.138.134.2
120,Jozef,Saldler,jsaldler3b@google.com.br,Male,108.53.187.245
121,Gherardo,Bricham,gbricham3c@wisc.edu,Male,126.65.52.123
122,Pippy,Pegram,ppegram3d@arizona.edu,Female,130.250.174.146
123,Horatia,Pfeiffer,hpfeiffer3e@bloomberg.com,Genderfluid,77.142.13.43
124,Micheal,Wheelan,mwheelan3f@mozilla.org,Male,2.202.197.97
125,Trula,Chatten,tchatten3g@wikimedia.org,Female,2.188.195.10
126,Julietta,Paulton,jpaulton3h@amazon.co.uk,Female,105.123.68.118
127,Christy,Hastwell,chastwell3i@webeden.co.uk,Female,186.56.230.155
128,Catha,Arderne,carderne3j@umich.edu,Female,92.124.40.148
129,Georgena,Fortnon,gfortnon3k@zimbio.com,Female,108.175.241.6
130,Rriocard,Sargeaunt,rsargeaunt3l@toplist.cz,Male,172.50.6.52
131,Bowie,Hastie,bhastie3m@eepurl.com,Male,10.174.111.19
132,Nichols,Kay,nkay3n@list-manage.com,Male,27.85.106.37
133,Hollyanne,Coulsen,hcoulsen3o@accuweather.com,Female,49.129.85.157
134,Paulie,Blackader,pblackader3p@columbia.edu,Female,217.202.142.39
135,Ignacio,Hens,ihens3q@multiply.com,Male,93.127.197.46
136,Manuel,Dacks,mdacks3r@jiathis.com,Male,28.129.238.151
137,Dulciana,Mills,dmills3s@economist.com,Female,170.27.42.24
138,Glenda,Gilberthorpe,ggilberthorpe3t@amazon.de,Female,126.158.240.202
139,Brian,Soltan,bsoltan3u@t-online.de,Male,17.18.239.1
140,Ortensia,Cliff,ocliff3v@soup.io,Female,2.238.96.45
141,Silvana,Echelle,sechelle3w@moonfruit.com,Female,155.208.76.253
142,Nikolaos,Antuoni,nantuoni3x@bluehost.com,Bigender,138.190.254.238
143,Arleta,Andrag,aandrag3y@yale.edu,Female,21.219.84.74
144,Bertrand,Vannuccini,bvannuccini3z@photobucket.com,Male,36.132.193.149
145,Farrell,Lamble,flamble40@ihg.com,Male,149.138.174.152
146,Christopher,Watchorn,cwatchorn41@blog.com,Agender,29.22.217.180
147,Boonie,Flaxon,bflaxon42@elpais.com,Male,50.114.217.122
148,Demetrius,Jendrys,djendrys43@wp.com,Male,215.126.187.63
149,Rosella,Abrahamoff,rabrahamoff44@topsy.com,Female,114.9.13.86
150,Nellie,Brecknock,nbrecknock45@imgur.com,Non-binary,177.114.27.221
151,Cecile,Hayley,chayley46@ftc.gov,Female,227.193.61.167
152,Porty,Maffucci,pmaffucci47@stumbleupon.com,Male,68.133.181.48
153,Benni,Rosettini,brosettini48@ameblo.jp,Female,11.206.39.227
154,Claudian,Cassells,ccassells49@vinaora.com,Male,252.173.118.182
155,Millard,Teideman,mteideman4a@e-recht24.de,Male,201.244.246.179
156,Arte,Kench,akench4b@auda.org.au,Male,115.26.140.85
157,Bowie,Geraudy,bgeraudy4c@gravatar.com,Genderfluid,73.39.8.216
158,Shannon,Sumshon,ssumshon4d@edublogs.org,Male,46.9.113.98
159,Marshall,Iddon,middon4e@ox.ac.uk,Male,215.103.27.100
160,Daphna,Corringham,dcorringham4f@theglobeandmail.com,Female,186.164.121.125
161,Lauren,Whittuck,lwhittuck4g@joomla.org,Male,118.153.183.104
162,Jana,Arpur,jarpur4h@addthis.com,Female,23.80.177.51
163,Colas,Liven,cliven4i@amazon.co.uk,Male,250.158.17.185
164,Agata,Coutts,acoutts4j@yellowbook.com,Female,109.10.131.126
165,Cazzie,Curling,ccurling4k@so-net.ne.jp,Male,196.177.151.32
166,Norrie,Gumley,ngumley4l@home.pl,Male,206.78.19.120
167,Baird,Arkow,barkow4m@scientificamerican.com,Genderqueer,104.185.193.238
168,Kial,Eliasen,keliasen4n@usa.gov,Female,137.82.127.78
169,Syman,Gouldthorpe,sgouldthorpe4o@apple.com,Male,113.86.158.134
170,Gregorius,De Lasci,gdelasci4p@multiply.com,Male,214.23.121.80
171,Washington,Marfield,wmarfield4q@wordpress.org,Agender,103.187.204.157
172,Dell,Silver,dsilver4r@joomla.org,Genderqueer,115.186.240.66
173,Neils,McFie,nmcfie4s@cornell.edu,Genderfluid,147.56.170.236
174,Curr,Scutching,cscutching4t@ucoz.ru,Bigender,31.79.165.39
175,Duffie,Janatka,djanatka4u@home.pl,Male,58.17.97.196
176,Catlee,Kleinstub,ckleinstub4v@xinhuanet.com,Female,249.244.85.19
177,Mace,De Rye Barrett,mderyebarrett4w@ucoz.ru,Agender,52.194.39.62
178,Wendall,Teissier,wteissier4x@princeton.edu,Male,112.186.64.154
179,Baily,Chable,bchable4y@amazonaws.com,Male,129.225.71.196
180,Travis,Llewelly,tllewelly4z@eventbrite.com,Male,144.187.194.214
181,Giorgi,Sprull,gsprull50@craigslist.org,Male,233.4.89.69
182,Sheelagh,Hunston,shunston51@rakuten.co.jp,Female,238.59.177.69
183,Silvester,Clendennen,sclendennen52@mit.edu,Male,251.81.179.140
184,Ario,Danaher,adanaher53@goo.ne.jp,Male,46.157.32.227
185,Maurizia,Swetman,mswetman54@exblog.jp,Female,63.227.74.77
186,Jere,Pibsworth,jpibsworth55@rambler.ru,Female,55.57.193.128
187,Donnajean,McDowell,dmcdowell56@telegraph.co.uk,Female,129.92.118.64
188,Ezequiel,Rummery,erummery57@jalbum.net,Male,44.218.196.102
189,Tedmund,Cathie,tcathie58@google.pl,Male,254.81.213.233
190,Fanny,Meller,fmeller59@mac.com,Female,0.141.241.92
191,Giovanni,Dudman,gdudman5a@msu.edu,Male,98.4.148.143
192,Hercule,Treswell,htreswell5b@theguardian.com,Male,207.182.74.251
193,Kerianne,Ivy,kivy5c@house.gov,Female,62.115.193.110
194,Pamela,Ottery,pottery5d@canalblog.com,Female,5.46.172.194
195,Cecil,Trelevan,ctrelevan5e@tripod.com,Female,27.47.209.174
196,Stacy,Watting,swatting5f@lycos.com,Male,23.78.191.191
197,Adrianna,Ebbin,aebbin5g@stanford.edu,Female,97.76.130.22
198,Humphrey,Arundale,harundale5h@irs.gov,Male,54.122.208.101
199,Phyllys,Dowears,pdowears5i@google.com.au,Female,251.36.15.94
200,Emmery,Gorges,egorges5j@wikia.com,Male,198.240.170.139
201,Kev,Carbry,kcarbry5k@issuu.com,Polygender,15.89.156.26
202,Ruprecht,Cowin,rcowin5l@si.edu,Male,14.122.64.137
203,Jacquenette,Kegan,jkegan5m@uol.com.br,Female,212.247.151.170
204,Gav,Osichev,gosichev5n@stumbleupon.com,Male,248.88.53.200
205,Brion,Berzins,bberzins5o@yale.edu,Male,55.183.96.181
206,Geno,McCoy,gmccoy5p@patch.com,Male,53.3.34.75
207,Beale,Cathcart,bcathcart5q@umich.edu,Male,87.107.163.39
208,Marnia,Yoskowitz,myoskowitz5r@prweb.com,Female,200.109.44.152
209,Urbano,Phette,uphette5s@123-reg.co.uk,Male,53.49.134.215
210,Estevan,Siverns,esiverns5t@parallels.com,Agender,72.109.166.172
211,Kingsly,Iacobetto,kiacobetto5u@bbb.org,Male,86.104.18.47
212,Massimiliano,Borit,mborit5v@wp.com,Male,64.126.35.162
213,Avery,Follacaro,afollacaro5w@hp.com,Male,86.254.33.238
214,Sandy,Assad,sassad5x@istockphoto.com,Male,35.4.111.154
215,Dorolice,Andersen,dandersen5y@simplemachines.org,Female,198.80.122.234
216,Roldan,Volke,rvolke5z@typepad.com,Male,63.242.7.152
217,Keri,Olman,kolman60@gov.uk,Female,90.182.82.76
218,Blanca,Yakobovitz,byakobovitz61@dion.ne.jp,Female,182.105.210.6
219,Benedetto,Pebworth,bpebworth62@businessinsider.com,Male,48.64.151.62
220,Sydney,Donovan,sdonovan63@facebook.com,Female,142.160.140.163
221,Clarence,Bleythin,cbleythin64@arstechnica.com,Male,178.157.247.65
222,Mirilla,Shepcutt,mshepcutt65@cdc.gov,Female,72.44.159.188
223,Camile,Pilipyak,cpilipyak66@alibaba.com,Female,25.195.159.17
224,Theressa,Toppas,ttoppas67@cafepress.com,Female,176.18.225.187
225,Gaby,Ranahan,granahan68@livejournal.com,Female,123.86.10.11
226,Kathi,Monard,kmonard69@jugem.jp,Female,139.159.14.114
227,Carney,Abisetti,cabisetti6a@people.com.cn,Male,55.180.164.170
228,Harwell,Warham,hwarham6b@typepad.com,Male,210.66.224.224
229,Randie,Kimpton,rkimpton6c@ucsd.edu,Male,93.129.198.147
230,Chaddy,Makey,cmakey6d@wikipedia.org,Bigender,121.109.150.138
231,Benedetta,Botham,bbotham6e@sina.com.cn,Female,42.75.213.173
232,Kin,Bertelsen,kbertelsen6f@linkedin.com,Polygender,86.248.126.60
233,Thorny,Beek,tbeek6g@360.cn,Male,240.251.93.0
234,Paolo,Earle,pearle6h@meetup.com,Male,104.123.3.73
235,Onfroi,McCosh,omccosh6i@tinypic.com,Male,225.36.239.16
236,Nissy,Goodredge,ngoodredge6j@noaa.gov,Female,250.197.48.151
237,Jonas,Faas,jfaas6k@example.com,Male,214.233.54.214
238,Alvie,Russel,arussel6l@jugem.jp,Non-binary,131.246.229.70
239,Ceciley,Dowber,cdowber6m@techcrunch.com,Female,163.138.210.154
240,Reggie,Valintine,rvalintine6n@nih.gov,Genderqueer,153.220.15.253
241,Karolina,McKendry,kmckendry6o@mediafire.com,Female,165.49.7.156
242,Riley,Hallaways,rhallaways6p@google.nl,Male,94.91.245.24
243,Bernette,Bartkowiak,bbartkowiak6q@telegraph.co.uk,Female,110.226.198.135
244,Hewitt,McCoveney,hmccoveney6r@csmonitor.com,Male,99.128.186.75
245,Jacob,Mingay,jmingay6s@unesco.org,Male,87.32.11.162
246,Dilan,Dignan,ddignan6t@woothemes.com,Male,75.55.187.73
247,Denni,Sellner,dsellner6u@nymag.com,Female,193.197.178.146
248,Filide,Cantwell,fcantwell6v@comcast.net,Female,236.137.63.68
249,Scotty,Struys,sstruys6w@slideshare.net,Male,111.142.30.102
250,Keelby,Pregal,kpregal6x@eepurl.com,Male,224.240.14.19
251,Aime,Doorey,adoorey6y@merriam-webster.com,Female,250.210.173.210
252,Cal,Skittrell,cskittrell6z@google.fr,Female,125.66.107.27
253,Wells,Ponsford,wponsford70@photobucket.com,Male,130.109.189.87
254,Van,Stolte,vstolte71@timesonline.co.uk,Male,232.190.76.244
255,Darrick,Brisson,dbrisson72@mtv.com,Male,136.141.170.56
256,Rafaelita,Devlin,rdevlin73@google.co.jp,Genderqueer,252.186.90.157
257,Allissa,Dand,adand74@printfriendly.com,Female,98.147.198.100
258,Harlin,Cufflin,hcufflin75@upenn.edu,Male,49.141.213.147
259,Gerald,Durnian,gdurnian76@europa.eu,Male,88.18.83.186
260,Emelen,Slaymaker,eslaymaker77@washington.edu,Male,58.55.78.138
261,Upton,Sporle,usporle78@umn.edu,Male,49.117.46.157
262,Fanni,Pedrocco,fpedrocco79@indiegogo.com,Female,12.49.13.225
263,Vinita,Epinay,vepinay7a@nbcnews.com,Female,0.112.62.119
264,Leonerd,Crosdill,lcrosdill7b@yandex.ru,Genderfluid,215.28.114.71
265,Britni,Baccup,bbaccup7c@arizona.edu,Genderfluid,52.169.228.71
266,Nico,Sharrock,nsharrock7d@illinois.edu,Male,191.60.73.32
267,Tyne,Scurfield,tscurfield7e@webmd.com,Female,16.27.18.243
268,Lexie,Grouvel,lgrouvel7f@rediff.com,Female,20.193.0.80
269,Mallissa,Gavozzi,mgavozzi7g@friendfeed.com,Female,43.216.28.213
270,Lidia,Pinder,lpinder7h@csmonitor.com,Female,250.243.67.84
271,Keelia,Shovelin,kshovelin7i@dell.com,Female,230.190.182.142
272,Cris,Gresty,cgresty7j@pcworld.com,Female,149.228.190.202
273,Gaby,Isenor,gisenor7k@cpanel.net,Male,238.26.36.215
274,Stephani,Flippelli,sflippelli7l@narod.ru,Genderqueer,26.80.199.238
275,Kikelia,Solleme,ksolleme7m@nationalgeographic.com,Female,205.77.44.108
276,Jeannette,Jeffries,jjeffries7n@cloudflare.com,Female,105.163.60.137
277,Kiri,Moggach,kmoggach7o@instagram.com,Agender,97.181.47.30
278,Noelle,Chamberlayne,nchamberlayne7p@cornell.edu,Female,241.227.14.30
279,Carita,Havesides,chavesides7q@chronoengine.com,Female,157.68.126.27
280,Melisa,Heinzel,mheinzel7r@about.com,Female,225.249.155.249
281,Dulcea,Maccrae,dmaccrae7s@examiner.com,Female,240.211.167.16
282,Raviv,Creffield,rcreffield7t@ted.com,Male,17.233.223.138
283,Pinchas,Adelberg,padelberg7u@comcast.net,Male,222.168.124.186
284,Ignace,Juares,ijuares7v@aboutads.info,Non-binary,119.97.191.44
285,Rudolfo,Eassom,reassom7w@hostgator.com,Genderfluid,250.48.96.135
286,Kelsey,Satchell,ksatchell7x@economist.com,Female,102.5.22.225
287,Tedd,Veltmann,tveltmann7y@uiuc.edu,Male,7.1.206.251
288,Perry,Manston,pmanston7z@zimbio.com,Male,149.73.16.129
289,Wang,Sewart,wsewart80@utexas.edu,Male,140.180.66.126
290,Pierce,McPhee,pmcphee81@aol.com,Male,209.58.147.191
291,Chiquita,Geal,cgeal82@gizmodo.com,Female,159.6.66.150
292,Sidney,Ashpole,sashpole83@omniture.com,Male,8.169.87.124
293,Cherise,Shapland,cshapland84@mlb.com,Female,60.162.96.186
294,Doy,Spridgen,dspridgen85@mit.edu,Male,201.230.177.236
295,Curr,Soldi,csoldi86@nifty.com,Male,221.25.28.185
296,Jen,Hay,jhay87@statcounter.com,Female,115.20.123.190
297,Rodrique,Early,rearly88@tuttocitta.it,Male,27.4.239.150
298,Orelie,Escale,oescale89@narod.ru,Genderqueer,220.85.253.62
299,Chloe,Cranny,ccranny8a@arizona.edu,Female,95.4.115.143
300,Trudy,Stock,tstock8b@time.com,Female,114.152.219.87
301,Tannie,Zuppa,tzuppa8c@amazon.de,Non-binary,218.86.127.73
302,Eileen,McSperrin,emcsperrin8d@imdb.com,Polygender,196.227.206.173
303,Karl,Housby,khousby8e@twitpic.com,Male,192.230.88.105
304,Rocky,Reardon,rreardon8f@guardian.co.uk,Male,50.183.201.175
305,Cris,Chalder,cchalder8g@google.ca,Male,250.249.67.81
306,Emalia,Eyres,eeyres8h@qq.com,Female,12.24.171.152
307,Naoma,Readings,nreadings8i@fc2.com,Female,215.134.217.176
308,Bunni,Bugs,bbugs8j@home.pl,Female,56.13.161.128
309,Cedric,Winkell,cwinkell8k@state.tx.us,Male,100.248.94.34
310,Marta,Bann,mbann8l@chicagotribune.com,Female,131.52.212.41
311,Jarrad,Moughtin,jmoughtin8m@nydailynews.com,Male,93.83.8.213
312,Zechariah,Hurch,zhurch8n@tiny.cc,Male,109.140.140.61
313,Serene,Ascraft,sascraft8o@tumblr.com,Female,186.80.124.186
314,Sheelagh,Lammertz,slammertz8p@nydailynews.com,Female,244.49.175.172
315,Marcelo,Cozby,mcozby8q@imageshack.us,Male,172.139.243.213
316,Malchy,Huntley,mhuntley8r@ca.gov,Male,253.168.97.40
317,Carlene,Peterson,cpeterson8s@unicef.org,Female,56.41.62.165
318,Vinni,Boyan,vboyan8t@cdbaby.com,Female,206.12.183.46
319,Celle,Presho,cpresho8u@answers.com,Female,254.235.171.31
320,Kaspar,Micah,kmicah8v@mac.com,Male,147.84.81.53
321,Carry,Margach,cmargach8w@intel.com,Female,183.190.148.6
322,Ophelia,Langdridge,olangdridge8x@networkadvertising.org,Female,59.8.213.166
323,Coral,Leah,cleah8y@apache.org,Female,211.202.46.2
324,Olivier,Crandon,ocrandon8z@de.vu,Male,168.44.131.27
325,Yul,Blackstone,yblackstone90@buzzfeed.com,Male,184.68.255.198
326,Trevor,Vakhrushin,tvakhrushin91@yale.edu,Non-binary,130.20.112.48
327,Ame,Blasing,ablasing92@sbwire.com,Female,180.208.87.116
328,Stanton,Plumbridge,splumbridge93@gnu.org,Agender,43.64.72.138
329,Lotty,Rathmell,lrathmell94@independent.co.uk,Female,226.127.217.56
330,Killy,Rodder,krodder95@imdb.com,Male,217.210.30.46
331,Ricoriki,Iskow,riskow96@ed.gov,Male,130.77.133.140
332,Maynord,Ovell,movell97@skype.com,Male,31.160.144.254
333,Broddie,Conwell,bconwell98@about.com,Genderfluid,109.56.242.30
334,Susana,McIlreavy,smcilreavy99@soundcloud.com,Female,238.177.156.226
335,Nikki,Vassbender,nvassbender9a@mail.ru,Male,33.171.174.21
336,Leo,Fritz,lfritz9b@epa.gov,Male,92.230.177.163
337,Carce,Leyden,cleyden9c@blog.com,Male,193.89.184.78
338,Jacenta,Gloy,jgloy9d@pbs.org,Female,199.19.22.65
339,Lamond,Skepper,lskepper9e@utexas.edu,Male,163.54.118.93
340,Reginald,Mazella,rmazella9f@vinaora.com,Male,29.17.50.153
341,Clair,Peaddie,cpeaddie9g@nps.gov,Female,29.226.135.207
342,Gabriell,Beran,gberan9h@typepad.com,Female,82.19.231.115
343,Ailis,Tack,atack9i@skype.com,Female,231.152.249.7
344,Netty,Salvadori,nsalvadori9j@unesco.org,Female,44.85.167.222
345,Kary,Peete,kpeete9k@bizjournals.com,Female,149.128.18.73
346,Averell,Duckett,aduckett9l@imgur.com,Male,106.17.191.185
347,Brendin,Franciskiewicz,bfranciskiewicz9m@mail.ru,Male,129.123.37.142
348,Amanda,Zorzini,azorzini9n@irs.gov,Female,140.27.82.16
349,Cherey,Bringloe,cbringloe9o@wp.com,Female,252.158.174.168
350,Onfroi,Ellaman,oellaman9p@pbs.org,Male,218.7.134.114
351,Erek,Ohrtmann,eohrtmann9q@xing.com,Male,144.224.68.18
352,Jessa,Stroobant,jstroobant9r@angelfire.com,Female,61.49.180.252
353,Lorenza,Hawkett,lhawkett9s@ning.com,Female,230.43.205.128
354,Iosep,Beaumont,ibeaumont9t@ihg.com,Bigender,223.135.217.187
355,Alexei,Swatheridge,aswatheridge9u@feedburner.com,Male,37.145.214.39
356,Bud,Dronsfield,bdronsfield9v@shareasale.com,Male,145.42.16.55
357,Betteanne,Dunk,bdunk9w@spotify.com,Female,180.240.237.18
358,Briggs,Casale,bcasale9x@google.com,Male,11.21.62.188
359,Loydie,Gormley,lgormley9y@npr.org,Male,96.17.8.127
360,Rocky,Coatham,rcoatham9z@sina.com.cn,Male,131.100.222.42
361,Kahlil,McGuirk,kmcguirka0@barnesandnoble.com,Male,176.46.23.169
362,Kurt,Banes,kbanesa1@google.de,Male,86.186.114.55
363,Janka,Housby,jhousbya2@jalbum.net,Female,75.7.83.20
364,Shalne,Shemilt,sshemilta3@biglobe.ne.jp,Female,120.19.91.106
365,Gareth,Puckham,gpuckhama4@arstechnica.com,Male,197.245.203.128
366,Alex,Enticknap,aenticknapa5@nps.gov,Male,243.188.120.47
367,Muffin,Deackes,mdeackesa6@amazon.co.jp,Female,95.51.98.143
368,Oriana,Gerkens,ogerkensa7@mozilla.com,Female,163.100.238.94
369,Cassy,Charrett,ccharretta8@photobucket.com,Female,247.92.60.86
370,Tamiko,Boneham,tbonehama9@gnu.org,Female,32.180.194.168
371,Julie,Bampford,jbampfordaa@ameblo.jp,Genderfluid,83.216.179.161
372,Krishna,Corbert,kcorbertab@hao123.com,Male,165.7.150.7
373,Malachi,Hempel,mhempelac@ezinearticles.com,Male,29.6.45.106
374,Andeee,Timbridge,atimbridgead@indiatimes.com,Genderqueer,43.200.56.148
375,Courtney,Errichi,cerrichiae@telegraph.co.uk,Male,62.3.72.163
376,Cami,Mailey,cmaileyaf@purevolume.com,Female,33.27.225.20
377,Gordan,Battson,gbattsonag@canalblog.com,Male,208.216.229.219
378,Viola,Labbet,vlabbetah@shinystat.com,Female,72.246.215.251
379,Odo,Firpo,ofirpoai@macromedia.com,Male,72.84.213.66
380,Arlyn,Giraldez,agiraldezaj@wix.com,Female,57.123.229.160
381,Glendon,Reeveley,greeveleyak@wisc.edu,Male,149.137.108.31
382,Ashlan,Curnock,acurnockal@foxnews.com,Female,155.39.166.100
383,Reinaldos,Bullman,rbullmanam@senate.gov,Bigender,130.78.81.110
384,Bradly,Rees,breesan@columbia.edu,Male,177.134.30.5
385,Rabbi,Kettley,rkettleyao@icq.com,Male,227.223.101.216
386,Rouvin,Kedie,rkedieap@usgs.gov,Male,115.63.242.228
387,Norri,Youings,nyouingsaq@skyrock.com,Female,2.226.39.13
388,Pippo,Karolczyk,pkarolczykar@samsung.com,Male,101.142.196.166
389,Sammy,Guinnane,sguinnaneas@lycos.com,Male,105.72.113.141
390,Glenn,Chalke,gchalkeat@fotki.com,Male,180.50.124.21
391,Tony,Glassborow,tglassborowau@ucoz.com,Female,44.244.240.93
392,Louella,Scates,lscatesav@ucla.edu,Female,152.168.58.119
393,Kelley,Bread,kbreadaw@si.edu,Male,79.222.208.12
394,Samuel,Lachaize,slachaizeax@princeton.edu,Male,227.225.197.166
395,Bird,Telfer,btelferay@uol.com.br,Female,86.50.229.124
396,Ave,Formie,aformieaz@umich.edu,Male,115.157.232.142
397,Martie,Mylechreest,mmylechreestb0@slideshare.net,Female,210.239.76.253
398,Darnall,Winham,dwinhamb1@acquirethisname.com,Male,193.162.208.197
399,Chase,Dignum,cdignumb2@independent.co.uk,Male,13.93.242.201
400,Ethe,Neasam,eneasamb3@tinypic.com,Genderqueer,187.194.8.208
401,Micheline,Tommen,mtommenb4@illinois.edu,Female,38.209.22.88
402,Joachim,Seleway,jselewayb5@taobao.com,Male,141.93.5.187
403,Serge,Moizer,smoizerb6@ca.gov,Male,91.177.71.11
404,Alexis,De Cruce,adecruceb7@facebook.com,Female,22.58.127.170
405,Goddart,Levet,glevetb8@blogtalkradio.com,Male,178.105.44.57
406,Ainsley,Mc Dermid,amcdermidb9@cdbaby.com,Female,146.164.175.16
407,Carling,Ghest,cghestba@weebly.com,Male,68.2.152.249
408,Gustie,Rugieri,grugieribb@reverbnation.com,Female,67.169.90.125
409,Ebony,Beaton,ebeatonbc@woothemes.com,Female,172.2.118.16
410,Hansiain,Hexham,hhexhambd@cyberchimps.com,Male,225.247.243.56
411,Nicko,Bogie,nbogiebe@sfgate.com,Male,70.40.16.221
412,Northrop,Bartholin,nbartholinbf@hibu.com,Male,243.14.181.5
413,Bowie,Turmell,bturmellbg@earthlink.net,Male,160.7.101.52
414,Dyanna,Liddon,dliddonbh@tinyurl.com,Agender,90.33.104.10
415,Germaine,Lammenga,glammengabi@printfriendly.com,Genderqueer,139.65.189.65
416,Grete,Bushel,gbushelbj@columbia.edu,Female,14.17.19.92
417,Gale,Grzesiak,ggrzesiakbk@state.gov,Female,53.42.225.217
418,Emlen,Westgate,ewestgatebl@ucoz.com,Male,214.38.63.14
419,Prissie,Codlin,pcodlinbm@cbc.ca,Female,107.208.32.102
420,Moise,Lorriman,mlorrimanbn@kickstarter.com,Male,222.207.10.198
421,Greg,Pettiford,gpettifordbo@mac.com,Male,39.217.224.178
422,Galen,Weakley,gweakleybp@ucsd.edu,Polygender,16.213.15.100
423,Violet,McCrillis,vmccrillisbq@cnet.com,Female,122.139.89.99
424,Herminia,Heymes,hheymesbr@ehow.com,Female,174.65.156.118
425,Genny,Mattei,gmatteibs@cdbaby.com,Female,137.122.55.101
426,Frank,Jeffryes,fjeffryesbt@buzzfeed.com,Female,206.62.253.213
427,Selena,Marion,smarionbu@nsw.gov.au,Non-binary,233.145.49.181
428,Wallace,Haycox,whaycoxbv@bing.com,Male,171.35.46.157
429,Damian,Halfpenny,dhalfpennybw@csmonitor.com,Male,140.167.151.34
430,Raynor,Grevatt,rgrevattbx@t-online.de,Male,125.134.117.176
431,Murielle,Spaducci,mspaducciby@ehow.com,Female,133.128.86.254
432,Alan,Chartman,achartmanbz@geocities.com,Male,255.185.185.6
433,Kassey,Gouinlock,kgouinlockc0@statcounter.com,Female,238.74.105.248
434,Konstanze,Richfield,krichfieldc1@amazon.co.jp,Female,207.45.61.134
435,Yehudi,Delbergue,ydelberguec2@bluehost.com,Male,136.166.230.51
436,Romona,Vallintine,rvallintinec3@ifeng.com,Female,253.4.246.107
437,Griz,Smallpeace,gsmallpeacec4@vkontakte.ru,Genderqueer,90.7.27.139
438,Loretta,Stiell,lstiellc5@ca.gov,Female,35.50.101.4
439,Jaynell,Antonioni,jantonionic6@infoseek.co.jp,Female,61.242.99.46
440,Darci,Beddis,dbeddisc7@woothemes.com,Female,202.250.93.152
441,Giffer,Rudinger,grudingerc8@sourceforge.net,Bigender,234.109.109.185
442,Lyn,Hobell,lhobellc9@domainmarket.com,Male,22.176.136.79
443,Niel,Venable,nvenableca@gov.uk,Male,32.143.14.166
444,Stanwood,Stanbury,sstanburycb@ocn.ne.jp,Male,67.248.210.165
445,Ximenez,Gladtbach,xgladtbachcc@foxnews.com,Male,53.31.73.109
446,Maud,Ellerton,mellertoncd@sakura.ne.jp,Female,47.4.123.162
447,Jacqui,Spohrmann,jspohrmannce@google.co.jp,Female,144.116.245.28
448,Roseann,Malyj,rmalyjcf@soundcloud.com,Female,183.199.226.216
449,Kristi,Biasetti,kbiasetticg@independent.co.uk,Female,116.184.228.218
450,Louie,Harmar,lharmarch@wikipedia.org,Male,217.205.109.46
451,Ryun,Chaffyn,rchaffynci@netscape.com,Male,89.55.236.192
452,Sue,Proudman,sproudmancj@eventbrite.com,Female,13.233.200.84
453,Gonzales,Bittlestone,gbittlestoneck@joomla.org,Male,64.247.224.54
454,Hesther,Cathcart,hcathcartcl@bigcartel.com,Female,248.137.135.242
455,Guenevere,Nazer,gnazercm@xing.com,Female,70.240.175.23
456,Chiarra,Thibodeaux,cthibodeauxcn@symantec.com,Female,211.76.80.215
457,Nollie,Stebbins,nstebbinsco@google.co.uk,Male,146.94.123.33
458,Worth,De Cristoforo,wdecristoforocp@mapy.cz,Male,9.82.63.132
459,Frederich,Fergusson,ffergussoncq@ed.gov,Male,230.171.254.68
460,Caesar,Davids,cdavidscr@tumblr.com,Male,110.233.212.251
461,Chlo,Ilyinykh,cilyinykhcs@wix.com,Female,58.19.5.4
462,Bamby,Andrzejowski,bandrzejowskict@nyu.edu,Female,122.106.157.157
463,Englebert,Shrimplin,eshrimplincu@noaa.gov,Male,222.208.223.240
464,Waverley,Dominetti,wdominetticv@intel.com,Male,248.16.57.152
465,Pammie,Murkus,pmurkuscw@bbb.org,Female,208.7.113.206
466,Xylia,Mangeon,xmangeoncx@feedburner.com,Female,149.68.76.98
467,Mendy,Godney,mgodneycy@ftc.gov,Male,77.5.234.98
468,Dayna,Antill,dantillcz@csmonitor.com,Female,135.26.12.149
469,Roley,Hamner,rhamnerd0@admin.ch,Male,75.33.170.253
470,Janessa,Ellen,jellend1@xrea.com,Female,186.114.55.88
471,Susie,Cyson,scysond2@yahoo.com,Female,23.206.71.166
472,Gabriello,Asprey,gaspreyd3@narod.ru,Male,211.39.145.139
473,Brigit,Coggings,bcoggingsd4@noaa.gov,Female,108.5.169.160
474,Merwin,MacNish,mmacnishd5@hao123.com,Male,206.252.85.89
475,Saundra,Attride,sattrided6@techcrunch.com,Female,106.201.228.174
476,Joseito,Gianolo,jgianolod7@webs.com,Male,96.185.42.188
477,Robinetta,Ramirez,rramirezd8@tamu.edu,Genderfluid,209.100.42.218
478,Rancell,Eskriet,reskrietd9@usa.gov,Male,89.132.144.12
479,Lauren,Munehay,lmunehayda@java.com,Non-binary,159.145.11.224
480,Dagmar,Alexsandrowicz,dalexsandrowiczdb@stumbleupon.com,Female,244.147.106.10
481,Chester,Maureen,cmaureendc@360.cn,Male,55.166.110.29
482,Barnabe,Meltetal,bmeltetaldd@woothemes.com,Male,226.4.101.184
483,Guglielmo,Anstiss,ganstissde@last.fm,Male,204.67.100.36
484,Franchot,Flori,ffloridf@ocn.ne.jp,Genderqueer,102.94.126.221
485,Dev,Stoneman,dstonemandg@businesswire.com,Male,14.161.194.204
486,Ryun,O'Keevan,rokeevandh@shinystat.com,Bigender,118.214.27.212
487,Moina,Linklet,mlinkletdi@biblegateway.com,Female,235.61.159.184
488,Jarred,Heis,jheisdj@cam.ac.uk,Male,238.103.159.177
489,Lia,Grimme,lgrimmedk@photobucket.com,Female,66.150.248.189
490,Antonetta,Gearing,agearingdl@reddit.com,Female,234.192.39.13
491,Cyndi,Viger,cvigerdm@guardian.co.uk,Polygender,143.24.163.237
492,Viv,Longbone,vlongbonedn@sina.com.cn,Female,159.232.15.178
493,Borg,Caslin,bcaslindo@vimeo.com,Male,166.7.82.90
494,Thedrick,Sneyd,tsneyddp@4shared.com,Male,72.180.188.102
495,Bartolemo,Gulston,bgulstondq@miibeian.gov.cn,Male,210.66.203.138
496,Wes,Bleas,wbleasdr@addthis.com,Male,109.6.20.29
497,Opal,Tuer,otuerds@mapy.cz,Female,124.253.55.82
498,Nathanil,Ginsie,nginsiedt@joomla.org,Male,104.187.78.91
499,Rodolph,Scattergood,rscattergooddu@opera.com,Male,5.240.98.106
500,Major,Shirrell,mshirrelldv@springer.com,Male,18.126.45.151
501,Ward,Antonovic,wantonovicdw@g.co,Male,98.224.104.80
502,Morten,Fawthrop,mfawthropdx@acquirethisname.com,Male,10.150.128.77
503,Justus,Lafee,jlafeedy@about.me,Male,37.164.21.209
504,Jarvis,Mulqueen,jmulqueendz@senate.gov,Male,226.119.58.246
505,Reyna,Breeton,rbreetone0@aol.com,Female,224.63.148.172
506,Sorcha,Coryndon,scoryndone1@github.io,Female,70.60.14.200
507,Norah,Quan,nquane2@sogou.com,Female,179.216.225.231
508,Janith,Dennison,jdennisone3@tamu.edu,Female,222.247.117.243
509,Bennie,Hartness,bhartnesse4@dion.ne.jp,Male,164.135.59.14
510,Madalena,Lacroux,mlacrouxe5@ebay.co.uk,Female,62.161.132.93
511,Tobi,Slesser,tslessere6@artisteer.com,Female,85.95.92.9
512,Ewan,Antonetti,eantonettie7@ed.gov,Male,90.214.73.26
513,Skye,Shorter,sshortere8@etsy.com,Male,77.14.119.60
514,Gaylord,Trow,gtrowe9@soup.io,Male,98.208.103.238
515,Elora,Sehorsch,esehorschea@redcross.org,Female,84.56.72.42
516,Shina,Rayer,srayereb@unesco.org,Female,60.193.7.40
517,Cecile,Aulton,caultonec@hao123.com,Female,73.156.193.106
518,Aleta,Bristowe,abristoweed@blog.com,Female,72.105.103.189
519,Jodi,Chaloner,jchaloneree@quantcast.com,Female,217.83.180.45
520,Cesya,Dingwall,cdingwallef@yale.edu,Genderfluid,90.195.185.111
521,Fredra,Raeside,fraesideeg@cloudflare.com,Female,95.37.173.43
522,Alisander,Borles,aborleseh@barnesandnoble.com,Male,100.146.205.161
523,Decca,Coast,dcoastei@delicious.com,Male,208.127.165.165
524,Caspar,Goldhill,cgoldhillej@booking.com,Male,76.4.14.76
525,Berenice,Cammell,bcammellek@skype.com,Female,146.164.226.135
526,Bobette,Folkerd,bfolkerdel@dropbox.com,Female,41.113.191.190
527,Raddy,Probet,rprobetem@cbc.ca,Male,103.233.162.145
528,Nannie,Magor,nmagoren@nationalgeographic.com,Bigender,174.93.52.92
529,Rayner,Jevons,rjevonseo@seattletimes.com,Male,53.225.128.24
530,Homere,Larraway,hlarrawayep@aboutads.info,Male,72.175.116.237
531,Antony,Archdeckne,aarchdeckneeq@irs.gov,Male,155.142.106.19
532,Ruth,Scading,rscadinger@archive.org,Female,225.180.7.90
533,Sascha,Trounce,strouncees@indiatimes.com,Male,199.223.161.7
534,Traci,Freeberne,tfreeberneet@pcworld.com,Female,59.64.136.114
535,Aldrich,McKain,amckaineu@ebay.co.uk,Male,148.30.135.172
536,Evyn,Lettsom,elettsomev@symantec.com,Male,139.251.120.185
537,Ricoriki,McPhail,rmcphailew@theguardian.com,Male,111.126.181.95
538,Weider,Jeanin,wjeaninex@scientificamerican.com,Male,97.17.117.230
539,Jose,Nerval,jnervaley@rediff.com,Non-binary,89.30.101.187
540,Elfreda,Davydenko,edavydenkoez@devhub.com,Female,106.53.72.205
541,Gilburt,Norheny,gnorhenyf0@geocities.jp,Male,137.5.95.192
542,Suzann,McKeller,smckellerf1@networkadvertising.org,Female,167.42.246.4
543,Mandel,Kennedy,mkennedyf2@springer.com,Male,72.252.174.150
544,Austen,Clifforth,aclifforthf3@zdnet.com,Male,253.233.155.172
545,Wes,Ringwood,wringwoodf4@skype.com,Male,183.137.137.148
546,Tarrah,Blees,tbleesf5@cdc.gov,Female,98.67.52.32
547,Billie,Georgeou,bgeorgeouf6@disqus.com,Male,113.196.100.220
548,Leilah,Rilston,lrilstonf7@ocn.ne.jp,Female,66.48.161.126
549,Jone,Grishkov,jgrishkovf8@mayoclinic.com,Male,68.245.13.232
550,Whitby,Jaeggi,wjaeggif9@xrea.com,Male,77.48.67.255
551,Rosita,Lots,rlotsfa@w3.org,Female,189.23.249.225
552,Dalton,Coghlin,dcoghlinfb@cyberchimps.com,Male,223.187.11.176
553,Jessie,Moseley,jmoseleyfc@bbb.org,Male,31.71.142.172
554,Florenza,Bartholomieu,fbartholomieufd@wunderground.com,Female,203.237.207.255
555,Arnold,Marskell,amarskellfe@salon.com,Male,197.217.27.255
556,Mandi,Kedward,mkedwardff@census.gov,Female,173.44.235.217
557,Denney,Sweeten,dsweetenfg@mediafire.com,Male,199.8.248.112
558,Ted,Timmermann,ttimmermannfh@blogtalkradio.com,Female,67.93.112.136
559,Tasia,Prantl,tprantlfi@sina.com.cn,Female,112.57.46.155
560,Sonia,Bellworthy,sbellworthyfj@noaa.gov,Female,200.77.116.227
561,Keefer,Dunstone,kdunstonefk@prlog.org,Male,242.71.189.219
562,Tynan,Adamov,tadamovfl@ezinearticles.com,Male,240.101.195.37
563,Deni,Leckey,dleckeyfm@quantcast.com,Female,19.211.138.72
564,Brian,MacCarter,bmaccarterfn@dell.com,Male,46.152.195.176
565,Anselma,Broun,abrounfo@buzzfeed.com,Female,141.96.36.149
566,Cary,Pochet,cpochetfp@smh.com.au,Female,62.172.237.215
567,Hobie,Kirlin,hkirlinfq@creativecommons.org,Male,114.171.10.117
568,Anni,Rupp,aruppfr@amazon.co.uk,Polygender,163.241.88.52
569,Leontine,Alderwick,lalderwickfs@amazon.co.jp,Female,250.231.149.137
570,Elisabeth,McCart,emccartft@tmall.com,Female,137.62.109.38
571,Mitchel,Pady,mpadyfu@1688.com,Male,185.6.112.79
572,Tome,Neale,tnealefv@yahoo.com,Male,14.30.147.142
573,Adlai,Tobin,atobinfw@dot.gov,Male,97.3.203.248
574,Kearney,Dodman,kdodmanfx@nps.gov,Male,123.105.139.198
575,Giustino,Crichton,gcrichtonfy@51.la,Male,191.108.42.165
576,Caitrin,Gifford,cgiffordfz@comcast.net,Female,246.8.197.227
577,Zandra,Swarbrigg,zswarbriggg0@businessinsider.com,Genderfluid,60.122.248.0
578,Ariana,Vennard,avennardg1@opensource.org,Female,96.94.219.213
579,Donny,MacNelly,dmacnellyg2@dagondesign.com,Male,128.126.1.183
580,Lukas,Janota,ljanotag3@webmd.com,Male,44.183.214.78
581,Pete,Christol,pchristolg4@marriott.com,Male,186.245.136.165
582,Caron,Kirkup,ckirkupg5@sitemeter.com,Female,68.238.13.85
583,Adara,Stein,asteing6@cloudflare.com,Female,109.185.176.110
584,Mehetabel,Farnsworth,mfarnsworthg7@bing.com,Agender,169.177.32.232
585,Daphne,Wickes,dwickesg8@photobucket.com,Female,110.138.110.60
586,D'arcy,Skoyles,dskoylesg9@odnoklassniki.ru,Male,72.247.68.223
587,Ber,Shiel,bshielga@yelp.com,Male,73.198.184.42
588,Molli,Hark,mharkgb@ow.ly,Female,43.65.83.124
589,Alick,Longbottom,alongbottomgc@tmall.com,Male,38.97.234.197
590,Justine,Kurten,jkurtengd@yale.edu,Polygender,188.5.116.177
591,Liesa,Fairnie,lfairniege@princeton.edu,Female,230.70.246.232
592,Shannon,Yuranovev,syuranovevgf@twitter.com,Female,142.51.27.237
593,Elvira,Sainsbury-Brown,esainsburybrowngg@e-recht24.de,Female,226.86.246.132
594,Mirella,O'Day,modaygh@dagondesign.com,Female,85.221.55.14
595,Merill,Inge,mingegi@mit.edu,Male,218.43.231.81
596,Dyan,Turfin,dturfingj@yolasite.com,Female,93.43.120.105
597,Liana,Leander,lleandergk@abc.net.au,Female,7.118.45.22
598,Olia,Opdenort,oopdenortgl@desdev.cn,Female,150.69.221.221
599,Axe,Fernez,afernezgm@ovh.net,Male,67.164.17.234
600,Bethany,Ughini,bughinign@wufoo.com,Female,206.71.107.183
601,Amabel,Schaumann,aschaumanngo@surveymonkey.com,Female,96.191.44.241
602,Chariot,Blackesland,cblackeslandgp@unc.edu,Male,214.179.212.226
603,Pennie,Gelder,pgeldergq@addthis.com,Male,187.187.206.141
604,Kathye,Teal,ktealgr@nsw.gov.au,Female,56.161.170.237
605,Orlando,Bridgeman,obridgemangs@elpais.com,Male,43.165.235.213
606,Johanna,Cleghorn,jcleghorngt@mozilla.com,Female,27.18.4.61
607,Morna,Cheek,mcheekgu@canalblog.com,Polygender,163.0.221.49
608,Antonius,Bernette,abernettegv@squidoo.com,Male,216.127.132.197
609,Sly,Beldom,sbeldomgw@dailymail.co.uk,Male,155.37.43.222
610,Meaghan,Meus,mmeusgx@fotki.com,Agender,203.144.52.198
611,Eustacia,Dulany,edulanygy@1688.com,Female,42.250.30.162
612,Jillian,Potebury,jpoteburygz@yellowbook.com,Female,142.142.28.85
613,Brucie,Mordon,bmordonh0@topsy.com,Male,255.38.75.246
614,Marianna,Dagg,mdaggh1@moonfruit.com,Female,102.120.7.35
615,Colman,Rait,craith2@purevolume.com,Male,3.191.157.198
616,Rickie,Secretan,rsecretanh3@merriam-webster.com,Female,58.5.63.12
617,Erhard,Blissett,eblissetth4@photobucket.com,Male,200.172.42.208
618,Carl,Kreutzer,ckreutzerh5@gov.uk,Genderqueer,167.17.18.245
619,Karyn,Bretherick,kbretherickh6@nba.com,Female,113.204.55.132
620,Jamil,Bransom,jbransomh7@prlog.org,Genderqueer,78.87.160.189
621,Hugo,Smellie,hsmellieh8@ameblo.jp,Male,115.234.74.20
622,Keene,Dillamore,kdillamoreh9@adobe.com,Polygender,48.129.154.204
623,Stanislaus,Bottom,sbottomha@com.com,Male,239.183.110.215
624,Cristiano,Merrgan,cmerrganhb@etsy.com,Male,242.63.8.82
625,Shaughn,Langstone,slangstonehc@washington.edu,Male,230.225.196.28
626,Othello,Weathers,oweathershd@foxnews.com,Male,21.66.216.111
627,Joy,Coveley,jcoveleyhe@amazon.co.uk,Female,170.49.189.82
628,Ronald,Michallat,rmichallathf@goo.ne.jp,Male,139.122.147.98
629,Roxy,Quadling,rquadlinghg@google.co.uk,Female,185.80.153.247
630,Salmon,Beardsall,sbeardsallhh@reddit.com,Male,37.137.95.73
631,Barbee,Yorkston,byorkstonhi@fda.gov,Female,253.78.114.185
632,Claudina,O' Driscoll,codriscollhj@nytimes.com,Female,175.213.236.178
633,Briggs,Hentzer,bhentzerhk@unicef.org,Male,121.149.237.142
634,Addy,Mossom,amossomhl@google.it,Male,225.197.26.34
635,Leonard,Dearell,ldearellhm@psu.edu,Male,8.14.166.141
636,Nonah,Euplate,neuplatehn@nature.com,Female,204.83.39.217
637,Thaine,Riccelli,triccelliho@buzzfeed.com,Male,146.194.194.149
638,Juliet,Huntley,jhuntleyhp@histats.com,Female,89.74.82.194
639,Arline,Blackwood,ablackwoodhq@ameblo.jp,Female,6.159.95.95
640,Gretal,Senechault,gsenechaulthr@mysql.com,Female,250.194.55.161
641,Schuyler,Shird,sshirdhs@wikipedia.org,Male,22.243.179.26
642,Jodee,Vipan,jvipanht@apache.org,Female,134.252.168.208
643,Mercedes,Spybey,mspybeyhu@jiathis.com,Polygender,125.42.174.148
644,Shay,Widocks,swidockshv@dedecms.com,Female,106.194.46.229
645,Jarrett,Bambury,jbamburyhw@guardian.co.uk,Male,249.90.110.19
646,Abram,Syer,asyerhx@comcast.net,Male,18.137.32.108
647,Horacio,Collough,hcolloughhy@usa.gov,Male,255.39.61.19
648,Bernette,Stockney,bstockneyhz@wisc.edu,Female,158.28.249.21
649,Thaine,McNaughton,tmcnaughtoni0@eventbrite.com,Male,143.203.212.33
650,Darcey,Tutt,dtutti1@stumbleupon.com,Female,215.186.197.14
651,Adi,O'Crigan,aocrigani2@google.fr,Female,191.189.8.159
652,Vite,Breckell,vbreckelli3@smh.com.au,Male,195.108.216.102
653,Tobe,Sprigings,tsprigingsi4@imgur.com,Female,2.46.218.22
654,Willette,Smewin,wsmewini5@woothemes.com,Female,247.47.154.152
655,Diego,Figgures,dfigguresi6@technorati.com,Male,127.169.220.192
656,Lorilyn,Dolligon,ldolligoni7@sciencedirect.com,Female,181.240.169.88
657,Joelle,Sellman,jsellmani8@opensource.org,Female,93.247.16.180
658,Dewitt,Brinsden,dbrinsdeni9@joomla.org,Male,65.62.101.22
659,Alva,Dennett,adennettia@issuu.com,Male,23.146.117.117
660,Gerrie,Jedraszczyk,gjedraszczykib@java.com,Male,120.45.197.244
661,Berti,Matantsev,bmatantsevic@yellowbook.com,Male,146.236.195.149
662,Mayne,Pittway,mpittwayid@toplist.cz,Male,107.90.98.15
663,Romain,O' Driscoll,rodriscollie@nifty.com,Male,21.75.110.215
664,Beverly,Solan,bsolanif@theatlantic.com,Female,51.192.18.87
665,Hallie,Budden,hbuddenig@mozilla.org,Female,158.151.15.103
666,Kinsley,Pay,kpayih@statcounter.com,Male,39.188.187.13
667,Neda,Feavers,nfeaversii@discuz.net,Female,251.63.205.171
668,Joly,Charon,jcharonij@wp.com,Female,120.184.118.141
669,Jerad,Mattioni,jmattioniik@yolasite.com,Male,236.150.103.148
670,Lauri,Volcker,lvolckeril@amazon.co.uk,Female,116.121.14.125
671,Susanetta,Chittim,schittimim@dmoz.org,Female,42.213.88.241
672,Etienne,Shropsheir,eshropsheirin@blogtalkradio.com,Male,67.50.170.175
673,Thorpe,Clendening,tclendeningio@storify.com,Male,225.209.22.65
674,Jim,Melia,jmeliaip@so-net.ne.jp,Male,137.201.100.47
675,Ramonda,Roser,rroseriq@unicef.org,Female,102.97.132.158
676,Cass,Nunn,cnunnir@t.co,Genderfluid,203.111.5.11
677,Bambi,Towll,btowllis@columbia.edu,Female,136.186.127.60
678,Ethyl,Gopsill,egopsillit@instagram.com,Female,120.135.152.142
679,Brock,Sterrick,bsterrickiu@xrea.com,Male,182.108.107.17
680,Cary,Hadaway,chadawayiv@mapy.cz,Female,79.190.164.116
681,Dode,Tredinnick,dtredinnickiw@marketwatch.com,Female,148.91.15.162
682,Keenan,Grealy,kgrealyix@ibm.com,Male,14.226.235.98
683,Fifi,Kalkhoven,fkalkhoveniy@guardian.co.uk,Female,126.182.195.211
684,Gusta,Sutherington,gsutheringtoniz@aboutads.info,Female,127.224.18.90
685,Lorenza,Brayshay,lbrayshayj0@wikispaces.com,Female,173.243.107.180
686,Godfree,Kniveton,gknivetonj1@edublogs.org,Male,119.143.185.66
687,Kingston,Gore,kgorej2@nhs.uk,Male,208.1.41.18
688,Bax,Chartres,bchartresj3@istockphoto.com,Male,196.18.60.36
689,Margi,Candlin,mcandlinj4@bizjournals.com,Female,92.6.226.10
690,Fran,Egiloff,fegiloffj5@facebook.com,Male,187.229.148.204
691,Lesly,Benzi,lbenzij6@buzzfeed.com,Female,173.101.142.115
692,Roanna,Robbert,rrobbertj7@imgur.com,Female,114.68.127.201
693,Selle,Jeakins,sjeakinsj8@ed.gov,Female,193.32.166.89
694,Puff,McDonand,pmcdonandj9@rambler.ru,Male,42.30.233.120
695,Bendix,Collum,bcollumja@ocn.ne.jp,Male,238.42.103.54
696,Demott,Fellgatt,dfellgattjb@disqus.com,Male,203.149.211.62
697,Jae,Londer,jlonderjc@e-recht24.de,Male,108.220.173.194
698,Danny,McKain,dmckainjd@hibu.com,Female,40.43.75.229
699,Irvine,Barnard,ibarnardje@taobao.com,Male,36.163.252.89
700,Angel,Moye,amoyejf@deviantart.com,Female,79.185.84.113
701,Marylinda,Henzer,mhenzerjg@webmd.com,Female,223.252.127.144
702,Gabrila,Cronchey,gcroncheyjh@upenn.edu,Female,206.146.167.96
703,Jesse,Stennett,jstennettji@epa.gov,Male,209.224.82.103
704,Hy,Chittock,hchittockjj@upenn.edu,Male,156.115.132.120
705,Alasdair,Louca,aloucajk@yale.edu,Male,107.119.48.148
706,Kristos,Collaton,kcollatonjl@jalbum.net,Male,239.71.149.182
707,Val,Goward,vgowardjm@pen.io,Male,34.220.15.151
708,Sharyl,Lougheed,slougheedjn@bloglines.com,Female,245.62.70.154
709,Pier,Lammerich,plammerichjo@storify.com,Female,101.21.164.156
710,Brien,Hayhow,bhayhowjp@google.pl,Agender,57.75.48.118
711,Donal,Kingsman,dkingsmanjq@virginia.edu,Male,246.227.144.166
712,Erda,Paulot,epaulotjr@instagram.com,Female,102.144.67.27
713,Brandon,Killiam,bkilliamjs@opera.com,Male,46.253.164.60
714,Cthrine,Mor,cmorjt@cornell.edu,Female,250.122.188.69
715,Wanids,Chatburn,wchatburnju@merriam-webster.com,Female,37.10.148.37
716,Dalli,Srutton,dsruttonjv@qq.com,Male,165.0.133.78
717,Herby,Eversfield,heversfieldjw@noaa.gov,Male,93.215.7.202
718,Maxy,Gallen,mgallenjx@studiopress.com,Male,228.252.93.172
719,Sancho,Wotherspoon,swotherspoonjy@irs.gov,Male,186.130.226.25
720,Huntlee,Spargo,hspargojz@reuters.com,Male,175.59.81.62
721,Eustacia,Kimmel,ekimmelk0@tinyurl.com,Female,32.248.42.17
722,Meara,Oldred,moldredk1@google.com.br,Polygender,175.99.188.143
723,Fredric,Heaker,fheakerk2@businessinsider.com,Male,67.139.215.78
724,Theodosia,Earwaker,tearwakerk3@businessinsider.com,Polygender,14.76.57.128
725,Roberta,Bewley,rbewleyk4@washington.edu,Polygender,154.21.102.8
726,Brandice,Martellini,bmartellinik5@about.me,Bigender,81.240.113.108
727,Winslow,Snead,wsneadk6@mysql.com,Male,144.99.221.104
728,Emile,Atling,eatlingk7@ucoz.com,Male,185.190.128.209
729,Elroy,Rushmer,erushmerk8@mtv.com,Male,15.154.93.220
730,Genny,Broske,gbroskek9@usa.gov,Female,113.3.28.144
731,Archer,McKaile,amckaileka@discovery.com,Polygender,74.71.118.128
732,Sherilyn,Reitenbach,sreitenbachkb@mac.com,Female,22.234.102.51
733,Kenn,Botley,kbotleykc@icq.com,Agender,124.73.20.131
734,Roxana,Reucastle,rreucastlekd@list-manage.com,Non-binary,157.156.149.31
735,Bearnard,Petrov,bpetrovke@java.com,Male,251.149.167.155
736,Harland,Caso,hcasokf@hhs.gov,Male,83.74.53.177
737,Ibbie,Pressey,ipresseykg@google.cn,Female,184.12.226.223
738,Nataline,Tampin,ntampinkh@addtoany.com,Genderfluid,1.233.207.131
739,Orville,Schall,oschallki@icio.us,Male,56.194.158.168
740,Gallagher,Twells,gtwellskj@exblog.jp,Male,231.240.183.60
741,Ekaterina,Bollon,ebollonkk@disqus.com,Female,36.71.108.75
742,Delphinia,Denisyev,ddenisyevkl@jugem.jp,Female,96.39.211.172
743,Menard,Reye,mreyekm@tripadvisor.com,Male,3.133.252.94
744,Sergeant,Petrak,spetrakkn@prlog.org,Male,15.130.85.234
745,Garfield,Munsey,gmunseyko@w3.org,Male,205.168.16.215
746,Durante,Olanda,dolandakp@webmd.com,Male,131.4.119.174
747,Gusti,Timmens,gtimmenskq@php.net,Female,213.93.206.12
748,Bird,Gumley,bgumleykr@photobucket.com,Female,187.117.186.150
749,Alis,Platt,aplattks@jugem.jp,Female,64.75.221.24
750,Brewster,Ben,bbenkt@netscape.com,Genderfluid,191.159.237.160
751,Fritz,Ranyell,franyellku@google.pl,Male,131.54.214.133
752,Michaela,Maingot,mmaingotkv@bluehost.com,Female,29.254.149.199
753,Barde,Le Teve,bletevekw@shop-pro.jp,Male,82.110.35.173
754,Hakeem,Henrion,hhenrionkx@wisc.edu,Male,205.66.51.214
755,Garland,Dudmarsh,gdudmarshky@dmoz.org,Female,92.68.80.99
756,Cullan,Ledson,cledsonkz@infoseek.co.jp,Male,185.126.35.255
757,Khalil,Sweetland,ksweetlandl0@surveymonkey.com,Male,242.107.137.10
758,Clovis,Moorwood,cmoorwoodl1@aboutads.info,Female,84.53.133.204
759,Devondra,Lasslett,dlasslettl2@geocities.com,Female,65.4.232.121
760,Zeb,Hulke,zhulkel3@sphinn.com,Male,99.141.169.135
761,Carola,McLoney,cmcloneyl4@themeforest.net,Female,206.112.43.127
762,Krishna,Redsell,kredselll5@sciencedirect.com,Male,113.4.198.211
763,Carmelle,McRill,cmcrilll6@npr.org,Female,192.218.19.158
764,Tab,Stalman,tstalmanl7@cbc.ca,Male,40.221.43.233
765,Danya,Velasquez,dvelasquezl8@webeden.co.uk,Male,67.167.4.103
766,Stillmann,Haighton,shaightonl9@army.mil,Male,66.222.30.37
767,Hannah,Dewdney,hdewdneyla@thetimes.co.uk,Female,99.115.78.82
768,Marline,Roderighi,mroderighilb@issuu.com,Female,252.148.249.216
769,Aurilia,Noni,anonilc@yahoo.com,Female,159.88.200.97
770,Vittorio,Bridywater,vbridywaterld@hp.com,Male,135.214.42.180
771,Mahmud,Rattenberie,mrattenberiele@rakuten.co.jp,Male,86.9.40.144
772,Hew,Rydings,hrydingslf@scientificamerican.com,Male,222.218.102.166
773,Ailbert,Lideard,alideardlg@newsvine.com,Male,127.136.21.161
774,Helyn,Bothram,hbothramlh@google.com.br,Female,246.133.87.183
775,Albert,Lunam,alunamli@vimeo.com,Male,243.128.93.15
776,Ryley,McCarly,rmccarlylj@sakura.ne.jp,Male,132.58.57.106
777,Robinia,McCulley,rmcculleylk@macromedia.com,Female,217.52.241.217
778,Jasen,Ruff,jruffll@goo.ne.jp,Polygender,181.23.56.193
779,Lilah,Vasichev,lvasichevlm@about.com,Female,126.82.81.242
780,Issy,Koppel,ikoppelln@state.tx.us,Female,232.13.43.46
781,Angel,McNeely,amcneelylo@irs.gov,Male,190.235.52.92
782,Minette,Demogeot,mdemogeotlp@who.int,Female,222.253.88.117
783,Tabby,Privost,tprivostlq@msu.edu,Male,132.109.222.77
784,Lavinia,Windeatt,lwindeattlr@weather.com,Female,131.210.158.96
785,Lamond,Benduhn,lbenduhnls@tripod.com,Male,21.41.12.141
786,Greg,Rugg,grugglt@washington.edu,Male,217.246.183.94
787,Griz,Bende,gbendelu@topsy.com,Bigender,112.162.72.55
788,Alberik,Sainte Paul,asaintepaullv@t-online.de,Male,70.31.75.198
789,Janetta,Baumber,jbaumberlw@nymag.com,Female,118.46.206.89
790,Doroteya,Gozzard,dgozzardlx@multiply.com,Female,126.209.84.92
791,Judon,Minichi,jminichily@spiegel.de,Male,139.190.54.203
792,Benton,Gulliford,bgullifordlz@baidu.com,Male,132.0.206.47
793,Had,Caswall,hcaswallm0@cyberchimps.com,Male,33.116.165.236
794,Amalie,Harwell,aharwellm1@discuz.net,Genderfluid,200.229.215.185
795,Spike,Suarez,ssuarezm2@technorati.com,Male,69.186.221.230
796,Bailie,Covert,bcovertm3@discuz.net,Male,173.154.16.65
797,Calida,Considine,cconsidinem4@wunderground.com,Female,45.207.247.114
798,Susie,Jarred,sjarredm5@google.pl,Female,81.84.102.224
799,Dosi,Tegeller,dtegellerm6@state.tx.us,Female,122.222.222.51
800,Antin,Carletto,acarlettom7@blogspot.com,Genderfluid,246.205.187.109
801,Belle,Whoolehan,bwhoolehanm8@msu.edu,Female,113.155.222.102
802,Melinda,Leynagh,mleynaghm9@meetup.com,Female,112.162.93.53
803,Thaddus,Gronaller,tgronallerma@indiatimes.com,Male,249.241.202.70
804,Kayley,Aguirre,kaguirremb@eepurl.com,Female,229.71.183.211
805,Dallis,Corkill,dcorkillmc@github.com,Polygender,252.98.79.55
806,Frank,Boldison,fboldisonmd@paginegialle.it,Female,30.159.120.29
807,Isac,Jaye,ijayeme@telegraph.co.uk,Male,253.48.137.233
808,Kathrine,Pic,kpicmf@google.fr,Female,80.72.124.154
809,Kean,Slixby,kslixbymg@indiegogo.com,Male,15.219.132.79
810,Lissy,Vinecombe,lvinecombemh@domainmarket.com,Female,25.193.10.24
811,Shaun,Roglieri,sroglierimi@soup.io,Male,172.27.106.101
812,Nick,Benoiton,nbenoitonmj@theguardian.com,Male,146.86.60.117
813,Sherrie,Odd,soddmk@forbes.com,Female,193.70.151.191
814,Florentia,Nickoles,fnickolesml@dion.ne.jp,Female,214.36.220.163
815,Lester,Wainscoat,lwainscoatmm@icio.us,Male,71.249.151.193
816,Norton,Minchella,nminchellamn@google.cn,Male,79.121.39.0
817,Consalve,Bobasch,cbobaschmo@woothemes.com,Male,242.129.134.23
818,Glenden,Pedrocchi,gpedrocchimp@topsy.com,Male,9.245.123.146
819,Amby,Arnson,aarnsonmq@w3.org,Male,225.230.136.226
820,Anabella,Liepmann,aliepmannmr@amazonaws.com,Female,254.121.223.168
821,Cordy,Parlor,cparlorms@arstechnica.com,Male,236.53.149.15
822,Millard,Kitt,mkittmt@privacy.gov.au,Male,247.0.25.33
823,Jermaine,Hartell,jhartellmu@eventbrite.com,Female,36.177.83.36
824,Shawn,Vasyushkhin,svasyushkhinmv@feedburner.com,Polygender,218.192.166.52
825,Flora,Cowl,fcowlmw@cargocollective.com,Female,253.184.74.131
826,Trude,Mathieson,tmathiesonmx@vistaprint.com,Female,230.101.255.25
827,Rafaello,Sully,rsullymy@kickstarter.com,Male,72.31.251.70
828,Silvano,Fache,sfachemz@mit.edu,Male,180.144.47.8
829,Christy,Francello,cfrancellon0@goodreads.com,Male,252.20.60.107
830,Stefa,Stodart,sstodartn1@yahoo.com,Female,105.232.220.206
831,Lottie,Thurstance,lthurstancen2@sbwire.com,Female,22.27.217.138
832,Johann,Satchell,jsatchelln3@alibaba.com,Male,98.43.117.202
833,Sylvester,Baldini,sbaldinin4@unicef.org,Male,29.25.198.15
834,Dorette,Pymer,dpymern5@mac.com,Genderqueer,71.251.123.164
835,Aguistin,Pirrey,apirreyn6@hugedomains.com,Male,133.194.69.231
836,Constantino,Muncie,cmuncien7@skype.com,Male,111.186.22.239
837,Gladi,Treadgear,gtreadgearn8@lycos.com,Female,38.41.199.63
838,Virgie,Jacmar,vjacmarn9@nydailynews.com,Male,145.156.92.26
839,Kellina,Hixson,khixsonna@godaddy.com,Female,123.102.147.132
840,Shellysheldon,Vaskin,svaskinnb@sina.com.cn,Male,84.204.189.231
841,Maryanne,Munday,mmundaync@blogs.com,Female,239.81.44.3
842,Kingston,Younglove,kyounglovend@rakuten.co.jp,Male,88.96.83.189
843,Meridith,Hadgkiss,mhadgkissne@barnesandnoble.com,Female,105.220.221.173
844,Benedikta,Kermath,bkermathnf@spiegel.de,Polygender,120.12.18.82
845,Rose,Bonsall,rbonsallng@squidoo.com,Female,144.40.173.234
846,Tripp,Slessor,tslessornh@constantcontact.com,Male,251.117.84.25
847,Deanna,Dixsee,ddixseeni@sbwire.com,Female,181.136.55.210
848,Clarance,Bahia,cbahianj@amazon.co.jp,Male,213.11.165.99
849,Melicent,Sissland,msisslandnk@dyndns.org,Female,116.234.153.102
850,Karlik,Bende,kbendenl@thetimes.co.uk,Male,242.172.33.84
851,Hugues,Luto,hlutonm@census.gov,Male,159.218.167.69
852,Olia,Larrington,olarringtonnn@meetup.com,Female,7.199.87.112
853,Gray,Griswaite,ggriswaiteno@etsy.com,Female,5.111.255.252
854,Base,Ollerenshaw,bollerenshawnp@psu.edu,Male,69.65.46.132
855,Tab,Rickardsson,trickardssonnq@bbc.co.uk,Male,162.223.170.59
856,Gwendolen,Leupoldt,gleupoldtnr@imageshack.us,Female,163.92.39.68
857,Liliane,Wyllie,lwylliens@imageshack.us,Female,201.73.24.116
858,Karina,Runcieman,krunciemannt@dyndns.org,Female,131.215.213.136
859,Joseph,Padfield,jpadfieldnu@woothemes.com,Genderqueer,56.16.186.186
860,Tito,Woosnam,twoosnamnv@paypal.com,Male,56.232.121.143
861,Aguste,Hellikes,ahellikesnw@businessweek.com,Male,106.162.101.207
862,Skipper,Saing,ssaingnx@utexas.edu,Male,63.42.139.21
863,Junia,Reilly,jreillyny@blogger.com,Female,217.12.207.229
864,Temp,Iddins,tiddinsnz@slate.com,Male,202.112.66.171
865,Royal,Morten,rmorteno0@umich.edu,Male,235.239.59.143
866,Ginger,Odd,goddo1@fotki.com,Male,45.163.141.72
867,Edie,Espinal,eespinalo2@buzzfeed.com,Female,214.19.18.41
868,Cesare,Grey,cgreyo3@github.io,Male,34.240.36.118
869,Cirilo,Ruane,cruaneo4@dropbox.com,Male,224.134.167.232
870,Enriqueta,Silverson,esilversono5@oaic.gov.au,Female,116.168.194.161
871,Antony,Losel,aloselo6@sbwire.com,Male,166.159.133.204
872,Roxine,Kohrs,rkohrso7@typepad.com,Female,14.35.39.66
873,Jermayne,Nansom,jnansomo8@wix.com,Male,30.70.193.180
874,Barrie,Millsom,bmillsomo9@studiopress.com,Female,109.10.24.144
875,Ab,Rillstone,arillstoneoa@bloglines.com,Male,65.10.253.45
876,Phillip,Plewes,pplewesob@theguardian.com,Male,48.107.55.207
877,Julieta,Ferrea,jferreaoc@craigslist.org,Polygender,213.217.221.208
878,Bogart,Aguilar,baguilarod@lycos.com,Male,71.0.60.10
879,Raynor,Sandiland,rsandilandoe@ebay.com,Male,144.225.195.159
880,Marthena,Burberry,mburberryof@walmart.com,Female,103.189.99.100
881,Corene,Dederick,cdederickog@ed.gov,Female,50.239.240.93
882,Zsa zsa,Labadini,zlabadinioh@sakura.ne.jp,Female,18.199.83.252
883,Mallory,Senton,msentonoi@163.com,Male,231.93.239.21
884,Herc,Elkin,helkinoj@yahoo.co.jp,Male,45.207.242.207
885,Jeana,Janson,jjansonok@amazon.co.jp,Female,150.22.47.164
886,Adara,Shrubshall,ashrubshallol@icio.us,Female,77.189.215.129
887,Fenelia,Isacoff,fisacoffom@blogtalkradio.com,Female,191.138.243.58
888,Anabal,Riddich,ariddichon@vimeo.com,Female,54.105.83.49
889,Jillene,Placido,jplacidooo@yelp.com,Female,129.1.19.98
890,Torre,Aujean,taujeanop@imdb.com,Genderqueer,43.43.97.54
891,Gib,Feldbrin,gfeldbrinoq@google.co.jp,Male,185.14.198.96
892,Andres,Cornthwaite,acornthwaiteor@indiegogo.com,Male,213.224.222.16
893,Christye,Scarf,cscarfos@umich.edu,Female,92.223.211.20
894,Corene,Wasmuth,cwasmuthot@ft.com,Female,64.108.133.83
895,Lemmie,Cubitt,lcubittou@usgs.gov,Male,65.7.26.74
896,Butch,Jacquest,bjacquestov@hc360.com,Male,119.209.231.31
897,Byram,Jolliff,bjolliffow@about.me,Male,200.237.121.37
898,Felisha,Gribble,fgribbleox@tumblr.com,Bigender,37.21.134.128
899,Kimmi,Osgood,kosgoodoy@forbes.com,Female,159.174.19.128
900,Bernadette,Reade,breadeoz@bbc.co.uk,Female,251.110.116.90
901,Worth,Miklem,wmiklemp0@omniture.com,Male,66.126.0.78
902,Fairfax,Gilluley,fgilluleyp1@uol.com.br,Male,82.16.114.194
903,Bill,Elrick,belrickp2@booking.com,Female,129.71.151.5
904,Arlene,de Mendoza,ademendozap3@reuters.com,Female,86.21.199.107
905,Beatrix,Gilbride,bgilbridep4@hp.com,Female,10.120.239.183
906,Dell,Carabine,dcarabinep5@multiply.com,Female,31.241.118.12
907,Luce,Anthoine,lanthoinep6@hc360.com,Male,42.133.170.43
908,Micky,Snookes,msnookesp7@amazon.de,Female,112.140.37.62
909,Monty,Dickon,mdickonp8@mysql.com,Male,200.42.156.120
910,Kellina,Samarth,ksamarthp9@un.org,Female,178.99.219.208
911,Toddie,Treble,ttreblepa@huffingtonpost.com,Male,154.213.214.238
912,Caspar,Loveitt,cloveittpb@altervista.org,Male,98.139.101.58
913,Cecily,Dunlop,cdunloppc@nifty.com,Agender,20.246.43.202
914,Kaylee,Tanby,ktanbypd@simplemachines.org,Female,22.180.246.199
915,Nadeen,Bote,nbotepe@hao123.com,Bigender,33.226.250.21
916,Nicol,Blaxton,nblaxtonpf@nature.com,Genderqueer,15.218.84.64
917,Thacher,Bus,tbuspg@tripadvisor.com,Male,95.66.99.178
918,Griswold,Simonazzi,gsimonazziph@arstechnica.com,Male,162.177.49.170
919,Free,Blincoe,fblincoepi@nationalgeographic.com,Male,189.137.71.141
920,Cynthia,Wudeland,cwudelandpj@smh.com.au,Female,236.247.128.75
921,Edmund,Giffen,egiffenpk@parallels.com,Male,100.103.56.40
922,Layla,Wickardt,lwickardtpl@theglobeandmail.com,Female,26.124.14.197
923,Karleen,Brumhead,kbrumheadpm@wisc.edu,Female,246.201.195.170
924,Wendi,Rush,wrushpn@ezinearticles.com,Female,131.196.228.39
925,Hope,Thewless,hthewlesspo@163.com,Bigender,172.95.182.242
926,Averil,Gothup,agothuppp@miitbeian.gov.cn,Female,6.173.172.217
927,Ruthann,Cruz,rcruzpq@washington.edu,Female,236.88.122.220
928,Benoite,MacNeil,bmacneilpr@photobucket.com,Female,77.7.48.113
929,Teriann,Bertomeu,tbertomeups@symantec.com,Female,89.71.202.235
930,Ken,Rex,krexpt@boston.com,Male,12.84.116.72
931,Ibby,Graham,igrahampu@4shared.com,Female,50.192.139.183
932,Garv,Blackboro,gblackboropv@shutterfly.com,Male,252.236.185.16
933,Ashleigh,Rainford,arainfordpw@arstechnica.com,Female,179.216.193.211
934,Mackenzie,Del Monte,mdelmontepx@moonfruit.com,Male,51.102.35.76
935,Andre,Seneschal,aseneschalpy@cnn.com,Male,14.246.73.29
936,Flossi,Blakeden,fblakedenpz@addtoany.com,Female,129.82.92.196
937,Tiffani,Greenard,tgreenardq0@ft.com,Female,5.156.118.232
938,Frederich,Dennick,fdennickq1@independent.co.uk,Male,11.81.59.25
939,Roslyn,Danielis,rdanielisq2@spotify.com,Female,152.231.118.253
940,Camellia,Frickey,cfrickeyq3@timesonline.co.uk,Female,125.189.136.224
941,Georges,Deverall,gdeverallq4@scribd.com,Male,166.116.129.88
942,Erich,Jerrold,ejerroldq5@amazon.com,Male,96.179.29.91
943,Gaspar,Dowthwaite,gdowthwaiteq6@ihg.com,Male,20.10.54.67
944,Claudell,Rouchy,crouchyq7@t.co,Male,235.18.217.122
945,Jed,Clogg,jcloggq8@biblegateway.com,Male,207.104.83.132
946,Darb,Drinnan,ddrinnanq9@ihg.com,Male,211.234.246.9
947,Nicolai,Bartozzi,nbartozziqa@zimbio.com,Male,118.189.180.160
948,Modestine,O'Hagirtie,mohagirtieqb@hugedomains.com,Female,173.106.225.220
949,Sherman,Aldis,saldisqc@uol.com.br,Male,55.59.0.95
950,Annalise,Elletson,aelletsonqd@jugem.jp,Female,234.199.249.92
951,Theo,Jenk,tjenkqe@drupal.org,Female,135.185.101.147
952,Robbert,Shuard,rshuardqf@google.pl,Male,186.79.143.154
953,Margeaux,Lavallin,mlavallinqg@1688.com,Female,169.70.228.134
954,Conroy,Cottrill,ccottrillqh@state.tx.us,Male,127.244.28.145
955,Dorie,Nickerson,dnickersonqi@webmd.com,Female,209.192.1.118
956,Ayn,Hasel,ahaselqj@google.es,Female,87.224.130.19
957,Tobiah,Salzburg,tsalzburgqk@indiegogo.com,Male,91.32.222.247
958,Hashim,Pietrowski,hpietrowskiql@mozilla.org,Male,94.37.248.90
959,Thorstein,Thinn,tthinnqm@google.com.au,Male,88.18.17.4
960,Burk,Dudin,bdudinqn@narod.ru,Male,246.137.39.155
961,Valerye,Billyeald,vbillyealdqo@chronoengine.com,Female,204.237.6.55
962,Lacey,Hook,lhookqp@example.com,Female,162.249.58.206
963,Augie,Lemm,alemmqq@yellowpages.com,Male,175.3.160.195
964,Antoinette,Seeborne,aseeborneqr@forbes.com,Female,53.222.169.92
965,Sibylla,Dionisi,sdionisiqs@hibu.com,Female,194.107.145.235
966,Nick,Cockin,ncockinqt@hao123.com,Male,66.85.12.234
967,Hillery,Pinnion,hpinnionqu@un.org,Agender,19.230.51.156
968,Tomasine,Desseine,tdesseineqv@bizjournals.com,Female,210.164.195.94
969,Avrit,Connerly,aconnerlyqw@github.io,Female,180.249.24.52
970,Rosabel,Sloper,rsloperqx@spotify.com,Female,149.223.65.15
971,Shirleen,Derrington,sderringtonqy@miitbeian.gov.cn,Female,119.153.254.229
972,Ronni,O'Haire,rohaireqz@abc.net.au,Female,167.233.0.70
973,Sunny,Heiton,sheitonr0@wikimedia.org,Male,94.18.117.36
974,Orelie,Volke,ovolker1@freewebs.com,Polygender,225.223.30.139
975,Carolynn,Coggin,ccogginr2@abc.net.au,Female,232.121.39.213
976,Orran,Snasel,osnaselr3@squidoo.com,Male,28.5.93.57
977,Ashbey,Sobey,asobeyr4@illinois.edu,Male,208.75.94.98
978,Kylynn,Brothers,kbrothersr5@blog.com,Female,42.85.17.133
979,Belvia,Readman,breadmanr6@google.es,Female,25.119.34.236
980,Base,Jahner,bjahnerr7@xrea.com,Male,19.10.205.200
981,Claudio,Radleigh,cradleighr8@latimes.com,Male,67.36.64.71
982,Sheba,Rampton,sramptonr9@unblog.fr,Female,102.159.182.2
983,Andeee,Skinner,askinnerra@dion.ne.jp,Female,9.51.252.188
984,Barnard,Vickerman,bvickermanrb@wikipedia.org,Male,72.254.186.239
985,Denny,Morsom,dmorsomrc@earthlink.net,Female,205.208.80.137
986,Prince,Hampson,phampsonrd@jimdo.com,Non-binary,231.169.244.97
987,Livvie,Leicester,lleicesterre@samsung.com,Female,3.252.39.241
988,Worthy,Swanger,wswangerrf@usgs.gov,Male,92.239.66.130
989,Tobiah,Vannucci,tvannuccirg@weebly.com,Male,42.215.90.38
990,Ax,Willingam,awillingamrh@edublogs.org,Male,105.145.21.210
991,Dino,Willgoose,dwillgooseri@rakuten.co.jp,Male,84.93.120.81
992,Jard,Sweetmore,jsweetmorerj@google.pl,Male,103.24.163.70
993,Eb,Gething,egethingrk@pbs.org,Male,91.215.233.144
994,Betsey,Hemms,bhemmsrl@example.com,Female,116.240.109.207
995,Kirstyn,Boobyer,kboobyerrm@naver.com,Female,232.119.125.36
996,Pebrook,Tomasian,ptomasianrn@aboutads.info,Male,33.30.168.132
997,Zitella,Duval,zduvalro@technorati.com,Female,84.47.34.68
998,Elyssa,Wasbey,ewasbeyrp@yellowpages.com,Female,95.241.227.215
999,Perkin,Arnot,parnotrq@merriam-webster.com,Male,80.19.43.25
1000,Susana,Denny,sdennyrr@va.gov,Female,41.144.224.90
