id,first_name,last_name,email,gender,ip_address
1,Bourke,Tipping,btipping0@dailymail.co.uk,Male,40.139.14.125
2,Ericka,Wedderburn,ewedderburn1@pagesperso-orange.fr,Female,82.55.27.41
3,Ewen,Lerwell,elerwell2@a8.net,Agender,21.27.21.139
4,Edee,De Biasio,edebiasio3@amazon.co.jp,Female,25.15.7.0
5,Aileen,Burberow,aburberow4@skyrock.com,Female,75.86.2.98
6,Catriona,M'cowis,cmcowis5@biglobe.ne.jp,Female,189.113.213.144
7,Banky,Braime,bbraime6@opensource.org,Male,26.20.188.97
8,Lotti,Duggen,lduggen7@arizona.edu,Female,82.252.77.185
9,Katharina,Barker,kbarker8@digg.com,Female,94.68.108.203
10,Kaleb,Glanton,kglanton9@un.org,Male,125.113.55.18
11,Elisabeth,Knowling,eknowlinga@uiuc.edu,Female,253.225.69.181
12,Monro,MacConnel,mmacconnelb@ning.com,Male,148.175.249.189
13,Giorgio,Bofield,gbofieldc@ezinearticles.com,Male,153.86.158.95
14,Fletch,Sedwick,fsedwickd@sciencedirect.com,Male,246.252.213.17
15,Fidelia,Heggman,fheggmane@zdnet.com,Female,236.62.182.233
16,Judith,Jerrems,jjerremsf@reverbnation.com,Female,47.217.183.250
17,Beilul,Presdie,bpresdieg@gnu.org,Polygender,242.185.15.225
18,Merrile,Lathee,mlatheeh@creativecommons.org,Female,169.176.205.123
19,Brant,Connolly,bconnollyi@nba.com,Male,90.125.49.108
20,Blisse,Tukely,btukelyj@un.org,Female,41.165.223.247
21,Dory,Eliaz,deliazk@furl.net,Female,29.225.176.118
22,Patton,Ledger,pledgerl@icq.com,Male,89.147.189.55
23,Sunny,Vinton,svintonm@posterous.com,Polygender,216.150.35.152
24,Dorree,Shutle,dshutlen@merriam-webster.com,Female,126.57.37.225
25,Brinn,Barwell,bbarwello@nytimes.com,Female,216.82.156.36
26,Lewes,Delacote,ldelacotep@networksolutions.com,Male,21.205.188.132
27,Cris,Steljes,csteljesq@forbes.com,Male,98.203.238.199
28,Sonia,Toomey,stoomeyr@washingtonpost.com,Female,0.157.233.87
29,Osmund,Baselli,obasellis@360.cn,Male,28.105.68.60
30,Emmalee,Lunney,elunneyt@constantcontact.com,Female,141.234.97.111
31,Amelita,Fried,afriedu@europa.eu,Female,71.105.122.84
32,Juditha,Ducker,jduckerv@hatena.ne.jp,Female,65.46.121.92
33,Valaree,Beeston,vbeestonw@kickstarter.com,Female,41.143.183.242
34,Renee,Gerald,rgeraldx@ycombinator.com,Female,94.154.141.136
35,Dud,Spradbrow,dspradbrowy@fastcompany.com,Male,136.202.158.219
36,Jorge,Ellicock,jellicockz@odnoklassniki.ru,Male,167.98.90.179
37,Selma,Langhorn,slanghorn10@berkeley.edu,Female,202.251.68.82
38,Con,Serjeantson,cserjeantson11@last.fm,Male,244.220.121.52
39,Valle,Findlater,vfindlater12@alexa.com,Male,145.116.156.34
40,Suzy,Ohrtmann,sohrtmann13@gnu.org,Female,196.65.208.213
41,Rafaello,Sweedy,rsweedy14@icio.us,Male,149.224.216.57
42,Oona,Beadnell,obeadnell15@blog.com,Female,54.58.62.248
43,Elijah,Greenhalf,egreenhalf16@cafepress.com,Male,207.181.161.131
44,Ofilia,Danovich,odanovich17@loc.gov,Female,158.18.211.22
45,Freedman,Alliker,falliker18@dedecms.com,Male,56.32.254.48
46,Baxie,Screach,bscreach19@webmd.com,Male,170.111.18.189
47,Burton,Mathivet,bmathivet1a@blinklist.com,Bigender,136.100.1.179
48,Henriette,Dallemore,hdallemore1b@ning.com,Female,227.69.141.147
49,Kareem,Tall,ktall1c@xing.com,Agender,20.219.123.101
50,Angel,Tregidga,atregidga1d@homestead.com,Female,11.116.156.62
51,Margalit,Gierke,mgierke1e@jimdo.com,Female,102.178.148.14
52,Dale,Starsmore,dstarsmore1f@zdnet.com,Non-binary,103.6.2.146
53,Debra,De Lorenzo,ddelorenzo1g@webnode.com,Female,246.120.99.10
54,Peyton,Saura,psaura1h@histats.com,Male,167.76.210.161
55,Angelique,Grunnill,agrunnill1i@biglobe.ne.jp,Female,171.50.233.179
56,Tina,Kearn,tkearn1j@cdc.gov,Female,216.63.64.205
57,Paton,McDyer,pmcdyer1k@census.gov,Polygender,10.27.75.192
58,Gery,Larner,glarner1l@buzzfeed.com,Male,96.249.77.238
59,Fallon,Yashunin,fyashunin1m@sbwire.com,Female,169.153.224.163
60,Neall,Janczak,njanczak1n@thetimes.co.uk,Male,243.247.93.25
61,Nerita,Tolefree,ntolefree1o@bandcamp.com,Genderfluid,39.17.25.46
62,Tremaine,MacCallam,tmaccallam1p@github.io,Male,116.141.25.56
63,Marie-jeanne,Southerton,msoutherton1q@japanpost.jp,Female,1.8.192.193
64,Nicolas,Dunlop,ndunlop1r@is.gd,Male,38.53.52.75
65,Thor,Snepp,tsnepp1s@mit.edu,Male,49.184.24.10
66,Rivalee,Jelley,rjelley1t@nature.com,Female,62.3.39.112
67,Kara,Philpot,kphilpot1u@deliciousdays.com,Female,52.89.167.145
68,Savina,Baldetti,sbaldetti1v@mayoclinic.com,Female,170.217.228.254
69,Baxter,Dryburgh,bdryburgh1w@chicagotribune.com,Male,224.161.111.178
70,Oren,Guillot,oguillot1x@cafepress.com,Non-binary,142.201.20.13
71,Genevieve,Boken,gboken1y@cdbaby.com,Polygender,14.94.159.118
72,Sal,Swindlehurst,sswindlehurst1z@comsenz.com,Male,157.140.0.155
73,Mose,Gaddas,mgaddas20@bbc.co.uk,Male,28.133.158.21
74,Pearce,Anker,panker21@goo.ne.jp,Male,150.178.247.207
75,Nikoletta,Gair,ngair22@mapy.cz,Female,39.140.228.189
76,Alica,Belchambers,abelchambers23@tripadvisor.com,Female,201.122.56.60
77,Virgilio,Shakle,vshakle24@hugedomains.com,Male,154.207.22.131
78,Bartholemy,Moryson,bmoryson25@slashdot.org,Male,48.173.73.28
79,Reece,Leake,rleake26@bluehost.com,Male,99.196.121.249
80,Basilio,Demange,bdemange27@e-recht24.de,Male,107.71.169.180
81,Serge,Augur,saugur28@yahoo.com,Male,178.15.216.149
82,Derrek,Gossipin,dgossipin29@weather.com,Male,195.182.60.146
83,Mikol,Bellocht,mbellocht2a@unblog.fr,Male,105.232.216.175
84,Liesa,Diaper,ldiaper2b@gov.uk,Female,41.212.26.157
85,Rodi,Rubenchik,rrubenchik2c@desdev.cn,Female,17.104.221.99
86,Jack,Tregear,jtregear2d@tripadvisor.com,Male,142.77.218.206
87,Marsiella,Tilt,mtilt2e@psu.edu,Female,149.122.167.61
88,Moll,Yuryev,myuryev2f@ihg.com,Female,173.129.125.83
89,Devin,Richten,drichten2g@technorati.com,Female,83.219.120.152
90,Fedora,Prevost,fprevost2h@facebook.com,Female,249.200.72.245
91,Warden,Larne,wlarne2i@amazon.co.jp,Male,254.244.178.98
92,Ruy,Rilings,rrilings2j@columbia.edu,Male,95.211.178.148
93,Giffy,Todhunter,gtodhunter2k@sakura.ne.jp,Male,172.52.80.76
94,Sula,Stilgo,sstilgo2l@yandex.ru,Female,40.65.128.65
95,Consalve,Tinan,ctinan2m@123-reg.co.uk,Male,143.47.122.34
96,Chantalle,Blunsen,cblunsen2n@dedecms.com,Female,68.229.24.244
97,Jermayne,Shead,jshead2o@washingtonpost.com,Male,129.148.236.74
98,Sanderson,Splevins,ssplevins2p@elpais.com,Male,193.11.7.17
99,Riobard,Newlove,rnewlove2q@rediff.com,Male,167.141.195.212
100,Ernestus,Marfield,emarfield2r@sphinn.com,Male,140.132.31.165
101,Inglis,Hissie,ihissie2s@washingtonpost.com,Male,173.21.233.14
102,Thane,Epdell,tepdell2t@ed.gov,Male,239.141.101.126
103,Eduardo,Simmens,esimmens2u@altervista.org,Male,250.190.22.231
104,Othilie,Tarquinio,otarquinio2v@cafepress.com,Female,190.192.42.66
105,Allianora,Gellibrand,agellibrand2w@fda.gov,Female,38.140.165.202
106,Kendricks,Hamman,khamman2x@phoca.cz,Male,157.217.95.108
107,Renaldo,Colles,rcolles2y@google.co.jp,Male,246.180.36.229
108,Franny,Eichmann,feichmann2z@skyrock.com,Male,124.79.227.47
109,Kale,Fotitt,kfotitt30@businessinsider.com,Male,247.14.238.128
110,Fabien,Shervington,fshervington31@sogou.com,Male,14.69.49.50
111,Amos,Juggings,ajuggings32@ed.gov,Male,117.181.202.16
112,Rey,Kaines,rkaines33@amazon.com,Male,99.165.7.129
113,Darrel,Jerson,djerson34@pcworld.com,Male,101.228.201.205
114,Janis,MacLennan,jmaclennan35@amazon.com,Female,112.50.249.185
115,Humfrey,Combe,hcombe36@ed.gov,Male,191.77.11.7
116,Nichol,Madge,nmadge37@domainmarket.com,Female,247.6.59.9
117,Janice,Callear,jcallear38@miibeian.gov.cn,Female,170.216.153.136
118,Emmalee,Sarjant,esarjant39@opera.com,Female,207.204.157.128
119,Rolfe,Parley,rparley3a@archive.org,Male,9.32.210.140
120,Ruby,Lamplough,rlamplough3b@macromedia.com,Male,124.188.155.168
121,Gaylor,Spreull,gspreull3c@joomla.org,Male,38.140.61.35
122,Ase,Lembke,alembke3d@ucsd.edu,Male,37.63.147.99
123,Jasmine,Manlow,jmanlow3e@si.edu,Female,220.8.222.118
124,Lizbeth,Debrett,ldebrett3f@timesonline.co.uk,Female,117.152.112.140
125,Hadrian,Thirlaway,hthirlaway3g@icq.com,Male,158.211.252.60
126,Gabe,Shotbolt,gshotbolt3h@mlb.com,Male,233.29.26.130
127,Johna,Abramovitz,jabramovitz3i@imageshack.us,Non-binary,226.194.112.27
128,Gaylene,Papierz,gpapierz3j@mozilla.com,Female,104.116.216.95
129,Haywood,Steinhammer,hsteinhammer3k@list-manage.com,Male,94.170.213.67
130,Sam,Brawson,sbrawson3l@wiley.com,Male,12.255.118.193
131,Nap,Briat,nbriat3m@dyndns.org,Male,238.92.56.53
132,Ingram,Chestnut,ichestnut3n@discuz.net,Male,14.108.78.250
133,Toiboid,Kynd,tkynd3o@surveymonkey.com,Male,213.160.164.37
134,Desiree,Stoffers,dstoffers3p@sourceforge.net,Female,198.170.70.156
135,Gustaf,Jeal,gjeal3q@cargocollective.com,Male,130.136.132.223
136,Corey,Pickworth,cpickworth3r@stanford.edu,Male,247.144.56.53
137,Lamond,Sinfield,lsinfield3s@huffingtonpost.com,Male,226.82.246.112
138,Alexandro,Fairlem,afairlem3t@hostgator.com,Male,45.70.153.1
139,Mandel,Waggett,mwaggett3u@sbwire.com,Male,171.9.38.197
140,Blakeley,Mapledorum,bmapledorum3v@bravesites.com,Female,88.142.141.167
141,Tailor,O'Garmen,togarmen3w@cocolog-nifty.com,Bigender,170.154.192.162
142,Halsy,Arndell,harndell3x@plala.or.jp,Male,38.173.160.54
143,Templeton,Perceval,tperceval3y@vimeo.com,Male,180.205.108.243
144,Nathalie,Alsopp,nalsopp3z@is.gd,Female,30.235.190.43
145,Obadias,Hamer,ohamer40@bizjournals.com,Male,184.92.83.126
146,Tully,Foxall,tfoxall41@yale.edu,Male,234.177.95.161
147,Marabel,Biddell,mbiddell42@google.es,Female,141.21.75.151
148,Carmella,Dunks,cdunks43@paypal.com,Genderfluid,67.159.172.184
149,Pauly,Alderton,palderton44@weather.com,Female,226.205.228.83
150,Forest,Thickens,fthickens45@miitbeian.gov.cn,Male,59.68.199.4
151,Louise,Catlow,lcatlow46@nydailynews.com,Female,162.108.99.27
152,Matty,Groll,mgroll47@usda.gov,Male,161.173.213.142
153,Yurik,Faire,yfaire48@1und1.de,Male,174.113.135.121
154,Jeremiah,Pech,jpech49@msu.edu,Male,195.3.240.133
155,Quinn,Demoge,qdemoge4a@va.gov,Female,118.118.71.192
156,Marilee,Allder,mallder4b@altervista.org,Female,96.125.208.119
157,Marquita,Snoad,msnoad4c@diigo.com,Female,49.229.174.103
158,Alis,Greave,agreave4d@4shared.com,Female,202.64.129.207
159,Pippo,Cumine,pcumine4e@mail.ru,Male,58.142.152.50
160,Natale,Oman,noman4f@engadget.com,Male,26.102.227.219
161,Kellie,Benford,kbenford4g@hugedomains.com,Female,167.83.188.47
162,Jayson,Harvison,jharvison4h@sina.com.cn,Genderfluid,7.246.50.210
163,Karlis,Cordrey,kcordrey4i@i2i.jp,Male,52.0.163.21
164,Piotr,Van Hesteren,pvanhesteren4j@tripadvisor.com,Genderqueer,255.184.210.245
165,Ben,Venners,bvenners4k@pcworld.com,Male,120.253.79.235
166,Skyler,Booty,sbooty4l@princeton.edu,Male,36.222.157.21
167,Cinderella,Maharry,cmaharry4m@shinystat.com,Female,31.115.112.70
168,Ephrem,Hallows,ehallows4n@umn.edu,Male,157.115.13.208
169,Shell,Elgie,selgie4o@unc.edu,Female,125.24.91.234
170,Janella,Lavers,jlavers4p@altervista.org,Female,173.51.140.236
171,Warden,Sacchetti,wsacchetti4q@webs.com,Male,11.249.171.215
172,Leta,Rosenfarb,lrosenfarb4r@kickstarter.com,Female,139.49.72.90
173,Pascal,Vesco,pvesco4s@wsj.com,Male,106.77.251.66
174,Darcy,Wailes,dwailes4t@stumbleupon.com,Female,119.105.18.251
175,Randie,Mundee,rmundee4u@illinois.edu,Male,150.121.22.13
176,Sheila-kathryn,Fibbings,sfibbings4v@yelp.com,Female,188.15.182.81
177,Caprice,Ivashintsov,civashintsov4w@ftc.gov,Female,168.70.133.200
178,Cathe,Krelle,ckrelle4x@uiuc.edu,Female,237.114.72.69
179,Ford,Gonnely,fgonnely4y@seattletimes.com,Male,106.28.62.250
180,Robinia,Euels,reuels4z@infoseek.co.jp,Female,36.170.98.238
181,Reece,Hattoe,rhattoe50@wix.com,Genderqueer,231.152.147.241
182,Lilian,McEwan,lmcewan51@spotify.com,Female,239.243.81.154
183,Frank,Christley,fchristley52@bravesites.com,Female,176.120.193.123
184,Rockey,Seekings,rseekings53@reference.com,Genderfluid,162.221.203.205
185,Tracy,Venning,tvenning54@npr.org,Female,171.183.203.235
186,Amabelle,Gaisford,agaisford55@google.pl,Female,123.45.96.185
187,Myron,Tilio,mtilio56@nasa.gov,Male,250.127.136.8
188,Tiffie,Rozenbaum,trozenbaum57@unc.edu,Agender,44.82.3.142
189,Rosemarie,Wilbud,rwilbud58@studiopress.com,Female,156.86.62.0
190,Cullin,Yeo,cyeo59@google.nl,Male,10.234.89.228
191,Nichole,Bucktrout,nbucktrout5a@sciencedaily.com,Male,46.5.94.42
192,Zita,Scougal,zscougal5b@i2i.jp,Female,163.120.150.3
193,Alric,Rime,arime5c@example.com,Male,76.88.13.15
194,Georgine,Woan,gwoan5d@unicef.org,Polygender,101.179.74.133
195,Marleah,Peschka,mpeschka5e@hubpages.com,Female,206.227.14.127
196,Sherry,Dunlop,sdunlop5f@state.gov,Female,167.123.234.197
197,Jervis,Westwater,jwestwater5g@soundcloud.com,Male,206.215.175.219
198,Irv,Herreran,iherreran5h@columbia.edu,Male,161.106.221.208
199,Kalila,Ewens,kewens5i@livejournal.com,Female,192.208.135.234
200,Janetta,Jepson,jjepson5j@yellowpages.com,Female,27.252.219.92
201,Debera,Aveling,daveling5k@1und1.de,Female,113.13.27.100
202,Morley,Beveridge,mbeveridge5l@ehow.com,Male,90.13.236.44
203,Peyter,Baddoe,pbaddoe5m@weibo.com,Male,187.205.251.46
204,Janine,Leacy,jleacy5n@wisc.edu,Female,131.204.142.249
205,Eric,Krimmer,ekrimmer5o@tiny.cc,Bigender,107.101.189.54
206,Dall,Horsewood,dhorsewood5p@macromedia.com,Male,13.21.12.9
207,Dugald,Chaimson,dchaimson5q@google.co.jp,Male,100.74.30.39
208,Lorri,Ivermee,livermee5r@meetup.com,Agender,204.119.217.55
209,Denny,Ledes,dledes5s@china.com.cn,Male,132.229.110.13
210,Asa,Posselow,aposselow5t@dmoz.org,Male,111.141.62.217
211,Adara,Mercey,amercey5u@nhs.uk,Female,36.188.36.39
212,Inez,Buckleigh,ibuckleigh5v@naver.com,Female,30.241.181.255
213,Magdalena,Cuxson,mcuxson5w@ca.gov,Bigender,198.140.208.207
214,Fergus,Baddoe,fbaddoe5x@cocolog-nifty.com,Male,161.249.30.107
215,Stormi,Gorce,sgorce5y@github.com,Female,95.206.182.138
216,Josiah,Mergue,jmergue5z@liveinternet.ru,Male,101.37.177.59
217,Lauryn,Cohrs,lcohrs60@slate.com,Female,33.217.80.21
218,Lilith,Pioch,lpioch61@creativecommons.org,Female,0.56.161.165
219,Darcy,Bradnocke,dbradnocke62@icq.com,Female,105.196.40.210
220,Timmie,Cant,tcant63@nytimes.com,Female,9.233.182.107
221,Pansy,Gethin,pgethin64@cisco.com,Female,146.232.18.6
222,Petronilla,Kinloch,pkinloch65@ihg.com,Bigender,222.135.142.123
223,Phillipe,Elmer,pelmer66@google.ru,Male,204.242.112.54
224,Vivianne,Christer,vchrister67@usatoday.com,Female,48.176.160.53
225,Pavla,Kenrat,pkenrat68@jiathis.com,Female,97.151.36.5
226,Bibby,Yendall,byendall69@cyberchimps.com,Female,42.1.89.165
227,Rhoda,Jansie,rjansie6a@wikia.com,Female,243.228.250.168
228,Godfrey,Bratley,gbratley6b@fotki.com,Male,158.126.162.73
229,Sue,Catanheira,scatanheira6c@patch.com,Female,194.59.148.53
230,Arne,Rablen,arablen6d@ucoz.com,Male,18.146.131.167
231,Garfield,Curedell,gcuredell6e@si.edu,Male,160.189.122.217
232,Solly,Andresser,sandresser6f@aol.com,Male,137.252.173.160
233,Marissa,Trorey,mtrorey6g@opensource.org,Female,44.31.73.87
234,Katleen,Kealey,kkealey6h@blogtalkradio.com,Female,154.107.153.182
235,Shurlocke,Dyter,sdyter6i@feedburner.com,Genderfluid,239.45.216.196
236,Flss,Laffoley-Lane,flaffoleylane6j@japanpost.jp,Female,170.59.74.249
237,Weidar,Sheers,wsheers6k@privacy.gov.au,Male,29.177.19.194
238,Lillis,Messenbird,lmessenbird6l@trellian.com,Female,111.141.158.251
239,Biron,Heighton,bheighton6m@techcrunch.com,Male,5.59.227.185
240,Kleon,Denyakin,kdenyakin6n@cbsnews.com,Male,174.56.4.53
241,Jorgan,Sanders,jsanders6o@csmonitor.com,Male,246.252.207.150
242,Napoleon,Manuel,nmanuel6p@vkontakte.ru,Male,14.25.43.55
243,Hagan,Fuchs,hfuchs6q@google.co.uk,Male,17.125.64.26
244,Ilario,Cicchinelli,icicchinelli6r@usa.gov,Male,171.101.207.20
245,Alica,Hogbin,ahogbin6s@nyu.edu,Female,19.85.72.236
246,Fowler,Titt,ftitt6t@sina.com.cn,Male,94.133.251.154
247,Zebulen,Tames,ztames6u@amazon.com,Male,195.182.32.213
248,Ernesto,Renouf,erenouf6v@xing.com,Male,129.228.30.51
249,Darcey,Phythian,dphythian6w@histats.com,Female,212.125.195.173
250,Phillipe,Dalgleish,pdalgleish6x@vinaora.com,Male,98.132.61.1
251,Barbabra,Catterill,bcatterill6y@archive.org,Female,30.186.44.35
252,Merrielle,Thal,mthal6z@arstechnica.com,Female,220.110.2.170
253,Tansy,Lewsie,tlewsie70@deviantart.com,Female,229.50.2.113
254,Sherie,Weldrick,sweldrick71@howstuffworks.com,Female,60.64.239.158
255,Myron,Izod,mizod72@seesaa.net,Male,172.52.119.232
256,Cornelia,Mews,cmews73@shutterfly.com,Female,226.233.108.130
257,Sadella,Durman,sdurman74@youtube.com,Female,154.173.144.124
258,Jase,Hickford,jhickford75@chronoengine.com,Male,225.119.56.185
259,Kial,Wasiel,kwasiel76@umn.edu,Female,102.151.30.144
260,Gordan,Carous,gcarous77@ustream.tv,Male,81.38.232.35
261,Lynnelle,Barhims,lbarhims78@vkontakte.ru,Female,250.86.230.3
262,Christophe,Shyram,cshyram79@xing.com,Male,84.178.45.247
263,Odele,Hopewell,ohopewell7a@networksolutions.com,Non-binary,47.208.22.121
264,Raul,Curnnok,rcurnnok7b@trellian.com,Male,219.57.210.40
265,Sukey,Plan,splan7c@twitpic.com,Female,69.67.159.199
266,Bat,Rahlof,brahlof7d@devhub.com,Male,32.34.167.6
267,Henderson,Pinnere,hpinnere7e@hc360.com,Male,241.109.33.73
268,Edsel,Erbain,eerbain7f@nifty.com,Male,242.225.207.104
269,Gabriela,Lympany,glympany7g@arizona.edu,Female,203.70.208.203
270,Pattie,Zmitrichenko,pzmitrichenko7h@wufoo.com,Female,240.55.128.111
271,Niven,Phetteplace,nphetteplace7i@loc.gov,Male,107.83.51.242
272,Farlie,Pegrum,fpegrum7j@nymag.com,Male,54.82.15.60
273,Chad,Quipp,cquipp7k@wikispaces.com,Female,55.15.111.185
274,Niles,Minithorpe,nminithorpe7l@printfriendly.com,Male,195.87.66.200
275,Else,Coonihan,ecoonihan7m@bloglovin.com,Female,141.125.161.138
276,Karly,Roseveare,kroseveare7n@columbia.edu,Female,62.47.225.1
277,Kaylee,Potapczuk,kpotapczuk7o@github.io,Female,242.44.161.247
278,Brigham,Sandyford,bsandyford7p@businessweek.com,Male,115.70.2.190
279,Norton,Southorn,nsouthorn7q@latimes.com,Male,224.94.52.185
280,Adrien,Dollimore,adollimore7r@unblog.fr,Male,202.14.228.125
281,Deva,Lomasney,dlomasney7s@foxnews.com,Female,137.112.45.103
282,Milton,Fawbert,mfawbert7t@msu.edu,Male,126.168.136.156
283,Florinda,Yard,fyard7u@google.com.au,Female,229.170.254.27
284,Micky,Flemmich,mflemmich7v@diigo.com,Male,56.29.226.169
285,Whit,Smaleman,wsmaleman7w@csmonitor.com,Male,56.49.42.128
286,Cece,Kemish,ckemish7x@friendfeed.com,Genderqueer,158.240.51.97
287,Laurette,Bednell,lbednell7y@flavors.me,Female,142.48.224.233
288,Fania,Tubble,ftubble7z@army.mil,Female,92.228.120.158
289,Umberto,MacCartan,umaccartan80@hexun.com,Male,50.162.115.158
290,Adora,Bugbee,abugbee81@eventbrite.com,Female,71.235.21.246
291,Jennee,Durnell,jdurnell82@ovh.net,Female,136.10.102.244
292,Kimmy,Lavis,klavis83@fotki.com,Female,79.226.65.108
293,Paulie,Southan,psouthan84@google.pl,Female,77.173.70.177
294,Robbie,Songer,rsonger85@oaic.gov.au,Male,51.218.236.132
295,Clayson,Gobel,cgobel86@imdb.com,Male,142.212.73.48
296,Eleanor,Dreossi,edreossi87@gravatar.com,Female,253.40.14.4
297,Burlie,Willett,bwillett88@vimeo.com,Male,68.92.170.104
298,Salem,Banger,sbanger89@economist.com,Male,172.62.26.225
299,Filmore,Cosgrave,fcosgrave8a@t.co,Male,8.55.103.230
300,Katlin,Horsley,khorsley8b@scientificamerican.com,Female,203.12.153.92
301,Ermanno,Dunley,edunley8c@weibo.com,Male,235.138.214.218
302,Hilton,Kinnock,hkinnock8d@mayoclinic.com,Male,172.146.215.196
303,Wainwright,Dunlap,wdunlap8e@cyberchimps.com,Male,179.252.88.112
304,Shelli,Mabone,smabone8f@mediafire.com,Female,221.202.237.2
305,Eugenius,MacPeake,emacpeake8g@addtoany.com,Polygender,150.246.88.60
306,Binky,Durdle,bdurdle8h@ucsd.edu,Male,72.5.158.133
307,Robinetta,Goodfield,rgoodfield8i@mtv.com,Female,25.77.20.22
308,Kassey,MacKenney,kmackenney8j@washington.edu,Female,203.77.67.174
309,Abramo,Deppe,adeppe8k@goo.ne.jp,Male,207.180.102.40
310,Drucie,Chezier,dchezier8l@a8.net,Female,235.38.66.241
311,Lucilia,Hill,lhill8m@edublogs.org,Female,81.25.70.171
312,Delphine,Overton,doverton8n@uiuc.edu,Female,201.92.216.239
313,Darsie,Pau,dpau8o@indiegogo.com,Female,146.160.141.204
314,Stanislas,Steagall,ssteagall8p@linkedin.com,Male,38.139.139.92
315,Sheelah,Straw,sstraw8q@bravesites.com,Female,38.146.5.97
316,Pepe,Orro,porro8r@google.pl,Male,114.193.113.229
317,Etheline,Wathall,ewathall8s@usgs.gov,Female,58.3.185.27
318,Marja,Poletto,mpoletto8t@chronoengine.com,Female,49.160.21.203
319,Opal,Braden,obraden8u@businessinsider.com,Female,68.220.133.144
320,Bradan,Simison,bsimison8v@godaddy.com,Male,181.91.119.72
321,Bari,Leathart,bleathart8w@patch.com,Female,39.191.197.161
322,Malinda,Oldale,moldale8x@princeton.edu,Female,197.87.187.191
323,Rory,Rutter,rrutter8y@godaddy.com,Female,242.169.194.30
324,Kean,Wilds,kwilds8z@yellowbook.com,Male,36.171.165.212
325,Freedman,Rubinowitz,frubinowitz90@tuttocitta.it,Male,109.228.228.157
326,Luce,Klugel,lklugel91@harvard.edu,Female,148.240.79.182
327,Dedie,Daniel,ddaniel92@icio.us,Female,48.111.65.83
328,Edgardo,Coleshill,ecoleshill93@cisco.com,Male,194.185.132.190
329,Christophorus,Willoughby,cwilloughby94@sourceforge.net,Male,175.206.106.10
330,Leah,Duffett,lduffett95@ustream.tv,Female,176.194.59.239
331,Felita,Gerrill,fgerrill96@salon.com,Female,97.22.226.34
332,Elvyn,Dannohl,edannohl97@prlog.org,Male,225.112.122.184
333,Paulita,Seamon,pseamon98@statcounter.com,Female,196.9.83.19
334,Kerr,Trask,ktrask99@paypal.com,Male,89.240.49.120
335,Mose,Petera,mpetera9a@gmpg.org,Male,14.250.86.87
336,Beatrice,De Paoli,bdepaoli9b@apple.com,Female,85.40.35.240
337,Dimitri,Gobert,dgobert9c@symantec.com,Male,227.119.22.115
338,Jammie,Attride,jattride9d@nymag.com,Female,57.233.97.8
339,Rourke,Lipgens,rlipgens9e@blogger.com,Male,128.127.17.148
340,Alberta,Huburn,ahuburn9f@dmoz.org,Non-binary,34.222.14.113
341,Amabelle,Mucillo,amucillo9g@goodreads.com,Female,76.46.152.228
342,Hendrick,Leidl,hleidl9h@ihg.com,Male,149.43.125.209
343,Pia,Densumbe,pdensumbe9i@wordpress.org,Female,51.109.240.100
344,Sadella,Karpmann,skarpmann9j@dailymotion.com,Female,227.131.83.91
345,Emmett,McIlrath,emcilrath9k@fda.gov,Male,76.194.34.174
346,Raul,Byng,rbyng9l@blogs.com,Male,13.227.35.82
347,Denver,De Bruyne,ddebruyne9m@ycombinator.com,Male,42.226.15.182
348,Eyde,Langran,elangran9n@google.cn,Female,232.244.249.147
349,Artair,Micah,amicah9o@indiatimes.com,Male,13.175.117.111
350,Rinaldo,Dunley,rdunley9p@columbia.edu,Male,151.245.44.49
351,Nicoli,de Clerk,ndeclerk9q@economist.com,Female,183.43.243.180
352,Laurent,Vida,lvida9r@ed.gov,Male,246.105.51.72
353,Mendel,Bowle,mbowle9s@xrea.com,Male,118.205.134.213
354,Moss,Guitton,mguitton9t@cloudflare.com,Male,123.235.179.205
355,Aubry,Mahood,amahood9u@creativecommons.org,Female,137.151.64.204
356,Elnora,Tanner,etanner9v@tinyurl.com,Female,42.40.75.116
357,Teddy,Ottee,tottee9w@soundcloud.com,Male,49.71.168.174
358,Dimitri,Dorr,ddorr9x@miitbeian.gov.cn,Male,15.152.236.30
359,Gard,Vogele,gvogele9y@hubpages.com,Male,165.42.116.201
360,Husein,Sabbins,hsabbins9z@uol.com.br,Male,71.167.174.242
361,Shaine,Seefus,sseefusa0@google.es,Male,56.73.225.112
362,Noami,Studdeard,nstuddearda1@nytimes.com,Female,146.235.6.51
363,Benny,Dougal,bdougala2@nih.gov,Male,180.51.128.223
364,Cornelius,Demougeot,cdemougeota3@google.com.hk,Male,3.167.196.116
365,Mahmud,Kennham,mkennhama4@yellowbook.com,Male,155.54.75.222
366,Kurtis,Dressell,kdressella5@nifty.com,Male,228.3.196.60
367,Selina,Screach,sscreacha6@opensource.org,Female,172.248.188.110
368,Hastie,Boncoeur,hboncoeura7@princeton.edu,Male,234.66.169.16
369,Cynde,Brabon,cbrabona8@de.vu,Female,28.15.124.139
370,Karissa,Pennycock,kpennycocka9@tinyurl.com,Female,220.15.35.118
371,Bobbie,Dobbson,bdobbsonaa@cnbc.com,Female,51.87.96.33
372,Joscelin,Saltman,jsaltmanab@washington.edu,Female,218.77.144.229
373,Reagan,Franz,rfranzac@cdc.gov,Male,136.71.126.172
374,Rand,Baudichon,rbaudichonad@tiny.cc,Male,190.214.96.79
375,Toddy,McTague,tmctagueae@chicagotribune.com,Male,184.181.149.29
376,Bruce,Chudleigh,bchudleighaf@wikipedia.org,Male,162.46.99.191
377,Orbadiah,O'Dogherty,oodoghertyag@utexas.edu,Male,235.155.129.121
378,Terrel,Bousquet,tbousquetah@geocities.jp,Male,133.47.15.207
379,Pascal,Perrycost,pperrycostai@cam.ac.uk,Male,8.195.248.106
380,Duane,Gossling,dgosslingaj@ifeng.com,Male,40.51.50.63
381,Weston,Frostdicke,wfrostdickeak@howstuffworks.com,Male,73.37.17.176
382,Gilly,Cotgrove,gcotgroveal@jimdo.com,Female,85.186.203.198
383,Pierre,Beirne,pbeirneam@bluehost.com,Male,13.201.105.107
384,Geoffry,Hartrick,ghartrickan@eepurl.com,Male,67.245.116.35
385,Dalton,Tire,dtireao@facebook.com,Male,84.76.65.219
386,Beverlee,Cucuzza,bcucuzzaap@51.la,Female,160.68.193.235
387,Eadith,Faldoe,efaldoeaq@seesaa.net,Female,149.181.100.64
388,Ingeberg,Ranken,irankenar@imgur.com,Female,252.228.85.57
389,Arley,Jolley,ajolleyas@ft.com,Male,114.136.129.10
390,Becca,Fairburn,bfairburnat@wikia.com,Female,52.72.171.226
391,Sonni,Crompton,scromptonau@examiner.com,Female,76.88.27.54
392,Nikki,Sneesby,nsneesbyav@dropbox.com,Female,56.22.122.126
393,Inglebert,Dudgeon,idudgeonaw@mlb.com,Male,34.1.60.179
394,Jarib,Kira,jkiraax@is.gd,Male,3.14.122.237
395,Rosalind,Poundesford,rpoundesforday@weebly.com,Female,83.173.186.65
396,Marlin,Malby,mmalbyaz@infoseek.co.jp,Male,57.137.195.73
397,Mary,Haskew,mhaskewb0@baidu.com,Female,229.124.10.168
398,Horst,Akers,hakersb1@vkontakte.ru,Male,138.251.83.98
399,Amil,Macak,amacakb2@wordpress.com,Female,165.137.185.153
400,Clara,Goves,cgovesb3@google.com.au,Female,224.134.98.221
401,Ivar,Maykin,imaykinb4@printfriendly.com,Male,152.135.5.11
402,Tabor,Keats,tkeatsb5@hp.com,Male,226.54.249.142
403,Kala,Birk,kbirkb6@about.com,Female,59.174.136.76
404,Reidar,Churcher,rchurcherb7@mozilla.com,Male,1.196.211.141
405,Trescha,Gonsalo,tgonsalob8@ezinearticles.com,Female,192.46.133.215
406,Dix,O'Hern,dohernb9@google.co.uk,Female,211.108.142.224
407,Joseph,Boddie,jboddieba@noaa.gov,Male,95.15.69.123
408,Zack,Smewin,zsmewinbb@goodreads.com,Male,126.58.2.20
409,Janetta,Alonso,jalonsobc@taobao.com,Bigender,156.111.238.8
410,Garvin,Mardlin,gmardlinbd@vk.com,Genderqueer,82.234.241.78
411,Mommy,Ingarfill,mingarfillbe@networksolutions.com,Female,249.103.253.95
412,Rolph,Mockford,rmockfordbf@lycos.com,Male,123.185.109.247
413,Terrijo,Chaytor,tchaytorbg@amazon.co.jp,Female,157.112.214.7
414,Martie,Solomon,msolomonbh@4shared.com,Female,74.79.142.74
415,Bald,Grenshiels,bgrenshielsbi@over-blog.com,Male,191.43.207.44
416,Homere,Hordell,hhordellbj@printfriendly.com,Male,25.40.166.159
417,Cissiee,Oakwood,coakwoodbk@who.int,Female,198.177.100.118
418,Clea,Backshill,cbackshillbl@about.com,Female,135.71.191.69
419,Reyna,Reuben,rreubenbm@patch.com,Female,19.15.195.96
420,Halie,Drewery,hdrewerybn@indiatimes.com,Female,30.232.247.8
421,Alain,Choake,achoakebo@elegantthemes.com,Genderqueer,58.185.104.144
422,Ronni,Waldie,rwaldiebp@japanpost.jp,Female,9.87.46.193
423,Selby,Muxworthy,smuxworthybq@hubpages.com,Male,172.41.82.244
424,Izak,Itscowicz,iitscowiczbr@phpbb.com,Male,138.246.72.235
425,Alphonse,Beckensall,abeckensallbs@qq.com,Non-binary,95.149.185.70
426,Amber,Hamprecht,ahamprechtbt@mashable.com,Female,30.175.142.200
427,Evy,Morillas,emorillasbu@cargocollective.com,Bigender,76.244.116.165
428,Gianni,Umfrey,gumfreybv@canalblog.com,Male,56.5.66.77
429,Blinny,Chatelot,bchatelotbw@youtube.com,Non-binary,62.115.168.43
430,Blancha,Antognozzii,bantognozziibx@unesco.org,Bigender,120.44.18.190
431,Yance,Strauss,ystraussby@blogger.com,Polygender,150.103.183.204
432,Eb,Biglin,ebiglinbz@creativecommons.org,Male,1.111.129.136
433,Jackson,Saxelby,jsaxelbyc0@ibm.com,Male,222.55.137.205
434,Quinton,Dockery,qdockeryc1@tripod.com,Male,155.254.131.103
435,Nicolea,Buzine,nbuzinec2@apple.com,Bigender,25.146.137.216
436,Celestine,Farn,cfarnc3@gov.uk,Female,112.13.147.177
437,Thaddeus,Sandbrook,tsandbrookc4@latimes.com,Male,161.13.65.255
438,Stafani,O'Regan,soreganc5@google.nl,Female,104.218.50.99
439,Dorette,Lamps,dlampsc6@linkedin.com,Female,48.26.6.230
440,Felike,Pannett,fpannettc7@unesco.org,Male,78.129.66.55
441,Jeno,Gasker,jgaskerc8@joomla.org,Male,18.195.183.127
442,Wylie,Hedderly,whedderlyc9@businesswire.com,Male,204.113.252.150
443,Nydia,Niccolls,nniccollsca@gnu.org,Female,6.164.71.223
444,Micky,Mathwen,mmathwencb@japanpost.jp,Male,110.245.154.141
445,Mandi,Azema,mazemacc@theatlantic.com,Female,139.218.225.91
446,Allistir,Eakin,aeakincd@ycombinator.com,Male,3.199.197.107
447,Dewain,Pawle,dpawlece@surveymonkey.com,Bigender,206.104.196.47
448,Jilleen,Arnaldo,jarnaldocf@comcast.net,Female,170.180.134.203
449,Veradis,Sinkin,vsinkincg@ning.com,Female,245.215.29.220
450,Bancroft,Birwhistle,bbirwhistlech@ibm.com,Male,145.220.1.191
451,Erhard,Petry,epetryci@europa.eu,Polygender,255.227.188.40
452,Brittan,Paolino,bpaolinocj@cmu.edu,Female,39.250.43.24
453,Hailey,Buten,hbutenck@gnu.org,Male,52.166.20.101
454,Cecilio,Guinane,cguinanecl@merriam-webster.com,Male,84.22.245.193
455,Fraser,Bere,fberecm@freewebs.com,Male,173.16.150.205
456,Avivah,Halloway,ahallowaycn@usa.gov,Female,7.82.153.56
457,Charil,Baffin,cbaffinco@opera.com,Female,18.6.64.56
458,Meridel,Adacot,madacotcp@guardian.co.uk,Female,32.153.54.106
459,Lev,Bolmann,lbolmanncq@mtv.com,Male,211.91.209.169
460,Kurt,Lucio,kluciocr@mashable.com,Male,203.245.13.246
461,Lulu,Blight,lblightcs@ted.com,Female,243.211.178.47
462,Sebastiano,Habishaw,shabishawct@acquirethisname.com,Male,123.54.158.59
463,Ermanno,Proffitt,eproffittcu@nyu.edu,Male,45.3.174.198
464,Tatiana,Honacker,thonackercv@yellowbook.com,Female,238.238.184.251
465,Katinka,Pariso,kparisocw@addtoany.com,Female,169.80.249.244
466,Shayla,Oty,sotycx@ehow.com,Female,211.206.100.100
467,Albie,Tremlett,atremlettcy@un.org,Male,95.236.169.85
468,Roi,Carlan,rcarlancz@oaic.gov.au,Male,193.40.155.54
469,Fanechka,Thayre,fthayred0@mit.edu,Female,236.36.62.3
470,Donia,Valentim,dvalentimd1@uol.com.br,Female,229.51.90.138
471,Gisella,Franz,gfranzd2@jigsy.com,Female,94.182.245.54
472,Novelia,Pharoah,npharoahd3@soundcloud.com,Female,128.138.152.187
473,Gerty,MacMenamy,gmacmenamyd4@4shared.com,Female,232.169.34.52
474,Dorree,Methuen,dmethuend5@qq.com,Female,121.32.117.156
475,Alexis,Sirmon,asirmond6@goo.ne.jp,Male,140.23.77.12
476,Zulema,Pilbeam,zpilbeamd7@de.vu,Female,116.0.13.159
477,Marilyn,O'Crigan,mocrigand8@imdb.com,Genderqueer,23.104.11.30
478,Daven,Bortolini,dbortolinid9@woothemes.com,Agender,255.25.120.197
479,Blake,Frensche,bfrenscheda@upenn.edu,Female,52.166.37.15
480,Joshia,Beville,jbevilledb@pbs.org,Male,193.91.239.42
481,Natty,Pietzke,npietzkedc@list-manage.com,Male,184.25.70.186
482,Alexi,Youtead,ayouteaddd@nasa.gov,Agender,92.191.112.55
483,Chanda,Ghio,cghiode@bbc.co.uk,Genderqueer,172.201.4.0
484,Reinold,Wonter,rwonterdf@addtoany.com,Male,69.107.242.109
485,Meagan,Kennewell,mkennewelldg@huffingtonpost.com,Female,173.189.208.251
486,Port,Dewen,pdewendh@sitemeter.com,Male,109.42.107.139
487,Roselia,Dorricott,rdorricottdi@friendfeed.com,Genderqueer,151.140.15.138
488,Fern,Duddle,fduddledj@statcounter.com,Female,145.140.154.142
489,Corrie,Kordt,ckordtdk@zimbio.com,Female,156.181.166.207
490,Katina,Rannigan,krannigandl@liveinternet.ru,Female,76.170.24.191
491,Gilemette,Blaschke,gblaschkedm@reverbnation.com,Female,133.162.186.247
492,Chaddie,Yurmanovev,cyurmanovevdn@ed.gov,Male,73.29.23.17
493,Dick,Burdess,dburdessdo@comcast.net,Male,239.139.249.183
494,Dominik,Constant,dconstantdp@devhub.com,Male,207.101.110.59
495,Barri,Huckle,bhuckledq@biglobe.ne.jp,Male,193.213.113.33
496,Moishe,Greenstock,mgreenstockdr@gizmodo.com,Male,27.151.75.46
497,Brennen,Rickcord,brickcordds@patch.com,Bigender,177.173.200.157
498,Waite,Zanetti,wzanettidt@ovh.net,Male,21.64.13.123
499,Mathe,Vinecombe,mvinecombedu@yandex.ru,Male,220.75.186.112
500,Aldric,Dudley,adudleydv@yelp.com,Male,228.156.203.146
501,Efrem,Catlin,ecatlindw@miitbeian.gov.cn,Male,234.198.118.25
502,Jeff,Krink,jkrinkdx@springer.com,Male,170.143.181.155
503,Martguerita,Jurisch,mjurischdy@etsy.com,Female,57.100.206.19
504,Kimberli,Ellerman,kellermandz@forbes.com,Female,120.62.174.139
505,Alfred,Briton,abritone0@cmu.edu,Male,167.112.233.44
506,Far,Tilly,ftillye1@google.com.br,Male,121.155.126.73
507,Lizzy,Benford,lbenforde2@jiathis.com,Female,222.68.251.161
508,Maddi,Neljes,mneljese3@gizmodo.com,Female,133.209.148.108
509,Deloria,Quadri,dquadrie4@networksolutions.com,Female,18.233.17.100
510,Mela,Quantrell,mquantrelle5@prlog.org,Agender,71.142.253.112
511,Paddie,Ebbers,pebberse6@mtv.com,Male,9.80.141.240
512,Lambert,Windless,lwindlesse7@tumblr.com,Male,214.76.162.13
513,Shirl,Rawlison,srawlisone8@jalbum.net,Female,101.202.118.43
514,Dacie,Werlock,dwerlocke9@webs.com,Female,221.19.46.231
515,Gun,Burgan,gburganea@guardian.co.uk,Male,144.176.181.243
516,Stormy,Limeburner,slimeburnereb@go.com,Female,136.240.25.107
517,Evaleen,Cummine,ecummineec@qq.com,Female,126.210.165.103
518,Gerianne,Laugier,glaugiered@army.mil,Female,192.205.76.77
519,Damian,Bostick,dbostickee@google.es,Male,205.37.138.145
520,Tore,Wickman,twickmanef@imdb.com,Male,10.28.162.254
521,Sacha,Hamblett,shambletteg@nationalgeographic.com,Female,219.16.162.156
522,Sylvia,Asche,sascheeh@miibeian.gov.cn,Female,39.254.39.71
523,Rozamond,Gibb,rgibbei@loc.gov,Female,11.91.140.237
524,Ailene,Bedburrow,abedburrowej@parallels.com,Female,152.206.98.168
525,Gillan,Krollman,gkrollmanek@drupal.org,Female,155.118.219.86
526,Xerxes,Avrashin,xavrashinel@elpais.com,Male,21.94.154.98
527,Gwendolyn,Nortunen,gnortunenem@toplist.cz,Female,175.44.72.11
528,Gerty,Gresch,ggreschen@360.cn,Female,27.193.20.184
529,Heindrick,Paule,hpauleeo@odnoklassniki.ru,Male,126.240.253.19
530,Meagan,Hayes,mhayesep@imgur.com,Female,158.193.61.115
531,Marika,Jennery,mjenneryeq@youtube.com,Female,199.95.222.211
532,Flint,Streader,fstreaderer@state.tx.us,Male,150.70.69.107
533,Junette,Dreye,jdreyees@taobao.com,Female,251.212.58.219
534,Estelle,Matchett,ematchettet@tripadvisor.com,Female,222.184.138.21
535,Eugenie,Lightman,elightmaneu@omniture.com,Female,222.55.100.134
536,Laryssa,Coskerry,lcoskerryev@ask.com,Female,210.127.80.48
537,Witty,McInnery,wmcinneryew@weibo.com,Male,86.98.4.107
538,Marjie,Ferrarin,mferrarinex@google.cn,Female,234.38.122.20
539,Lizzy,Beretta,lberettaey@gizmodo.com,Female,152.235.230.240
540,Richard,Stoddard,rstoddardez@nba.com,Polygender,79.134.19.198
541,Hynda,Bachelar,hbachelarf0@merriam-webster.com,Female,100.215.141.210
542,Lindy,Shortall,lshortallf1@netscape.com,Male,24.158.204.43
543,Gaby,Dever,gdeverf2@163.com,Male,66.226.79.38
544,Junette,Allchorne,jallchornef3@hibu.com,Female,127.112.97.0
545,Chelsea,Fishby,cfishbyf4@theatlantic.com,Female,239.217.103.67
546,Josselyn,Kidd,jkiddf5@usatoday.com,Female,70.10.222.103
547,Caddric,Spellacy,cspellacyf6@usnews.com,Male,252.105.39.4
548,Maridel,Binney,mbinneyf7@posterous.com,Non-binary,136.154.92.28
549,Merline,Renzo,mrenzof8@craigslist.org,Female,18.111.4.121
550,Analise,Blankley,ablankleyf9@blogtalkradio.com,Female,163.136.18.43
551,Lynnea,Hansen,lhansenfa@nytimes.com,Female,14.174.48.34
552,Marabel,Lally,mlallyfb@dagondesign.com,Female,58.164.253.157
553,Nance,Ygou,nygoufc@slate.com,Female,98.160.114.193
554,Reagen,Wasielewicz,rwasielewiczfd@jimdo.com,Male,61.106.108.36
555,Creigh,Troman,ctromanfe@github.com,Male,1.75.170.85
556,Burton,Annis,bannisff@addtoany.com,Male,249.107.170.84
557,Keely,Pulbrook,kpulbrookfg@microsoft.com,Female,53.125.179.248
558,Harper,Seeger,hseegerfh@ebay.co.uk,Male,220.14.124.65
559,Paolina,Stachini,pstachinifi@shutterfly.com,Female,13.53.132.210
560,Suzi,Frankiewicz,sfrankiewiczfj@free.fr,Genderfluid,224.165.215.65
561,Arlan,Eyer,aeyerfk@about.me,Male,119.187.151.166
562,Kayley,Kirke,kkirkefl@arstechnica.com,Female,6.159.91.210
563,Val,Syddall,vsyddallfm@digg.com,Male,76.42.17.142
564,Kassandra,Simoni,ksimonifn@merriam-webster.com,Female,32.42.70.252
565,Lonnie,Duffer,ldufferfo@bloglines.com,Male,15.211.239.36
566,Sammie,Oakden,soakdenfp@ca.gov,Male,40.255.60.151
567,Raquela,Dumberell,rdumberellfq@networkadvertising.org,Female,237.107.74.174
568,Costanza,Eginton,cegintonfr@slate.com,Female,33.64.126.107
569,Fancy,Kelland,fkellandfs@wired.com,Female,111.124.218.44
570,Ferdinand,Phillp,fphillpft@fda.gov,Male,251.5.186.253
571,Netti,Pearle,npearlefu@aboutads.info,Female,95.115.135.215
572,Dorothy,Everett,deverettfv@nih.gov,Female,188.65.243.170
573,Merrill,Ortner,mortnerfw@globo.com,Female,216.97.81.148
574,Harris,Dakers,hdakersfx@myspace.com,Male,160.100.66.223
575,Web,Larman,wlarmanfy@marriott.com,Male,218.98.211.185
576,Gar,Noades,gnoadesfz@ibm.com,Male,215.35.175.235
577,Stern,Rape,srapeg0@a8.net,Male,214.206.157.185
578,Mariellen,Tisor,mtisorg1@mashable.com,Female,113.216.191.185
579,Kiel,Ganing,kganingg2@auda.org.au,Male,126.253.92.61
580,Tandi,Keynes,tkeynesg3@blogs.com,Female,105.80.33.133
581,Maddi,Slucock,mslucockg4@weibo.com,Female,87.203.41.225
582,Adina,Eaklee,aeakleeg5@newsvine.com,Female,245.150.131.84
583,Rouvin,Barlas,rbarlasg6@phpbb.com,Male,37.41.15.177
584,Jack,Esmonde,jesmondeg7@indiatimes.com,Male,169.131.80.228
585,Edith,Bruffell,ebruffellg8@elegantthemes.com,Female,11.227.28.63
586,Carlotta,Tolputt,ctolputtg9@geocities.jp,Female,15.170.84.212
587,Merrie,Reuble,mreublega@ibm.com,Female,246.113.78.187
588,Titos,Slot,tslotgb@chicagotribune.com,Male,110.157.143.142
589,Myrtie,Addis,maddisgc@github.io,Female,163.115.255.84
590,Davina,Chatburn,dchatburngd@huffingtonpost.com,Female,166.85.243.173
591,Whitney,Cabedo,wcabedoge@yahoo.com,Male,165.113.38.199
592,Reggis,Hargraves,rhargravesgf@omniture.com,Male,64.63.157.55
593,Scotty,Twiggins,stwigginsgg@buzzfeed.com,Male,223.50.25.25
594,Trevar,Toplis,ttoplisgh@gnu.org,Male,96.90.141.199
595,Wesley,Mooney,wmooneygi@dropbox.com,Polygender,200.146.45.142
596,Mandi,Becaris,mbecarisgj@msn.com,Female,175.150.112.168
597,Roseline,Ellerington,relleringtongk@webnode.com,Female,18.226.39.100
598,Chev,Bosomworth,cbosomworthgl@flickr.com,Male,106.112.64.254
599,Neall,Sabberton,nsabbertongm@youtu.be,Male,138.194.100.242
600,Gordon,Roddy,groddygn@bloglovin.com,Male,177.34.163.130
601,Farrah,Elsegood,felsegoodgo@goodreads.com,Female,10.115.143.48
602,Harriot,Renac,hrenacgp@un.org,Female,161.76.111.91
603,Lonee,Somersett,lsomersettgq@bizjournals.com,Female,131.45.100.5
604,Peder,Carryer,pcarryergr@rakuten.co.jp,Male,198.155.188.120
605,Joshuah,Sizland,jsizlandgs@nationalgeographic.com,Male,98.214.24.25
606,Lind,Dudny,ldudnygt@alibaba.com,Male,71.189.160.135
607,Stirling,Tedstone,stedstonegu@flavors.me,Male,159.144.150.172
608,Malissia,Stoffersen,mstoffersengv@spiegel.de,Female,192.188.123.227
609,Sandor,Forgie,sforgiegw@whitehouse.gov,Male,194.151.27.82
610,Catina,Gianninotti,cgianninottigx@wikipedia.org,Agender,205.154.143.196
611,Gerri,Mourant,gmourantgy@free.fr,Male,129.102.200.85
612,Devina,Hollibone,dhollibonegz@geocities.com,Female,79.29.87.111
613,Connor,Jelphs,cjelphsh0@4shared.com,Male,126.133.45.59
614,Ara,Laxston,alaxstonh1@artisteer.com,Male,129.168.203.65
615,Daron,Banke,dbankeh2@yale.edu,Male,249.214.57.234
616,Baird,Yorkston,byorkstonh3@baidu.com,Male,14.229.170.133
617,Puff,Tromans,ptromansh4@163.com,Male,185.151.132.34
618,Faina,McPhee,fmcpheeh5@bing.com,Female,115.154.217.171
619,Frasco,Mongin,fmonginh6@businessweek.com,Male,51.89.105.223
620,Clay,Alfonsetti,calfonsettih7@bloomberg.com,Male,167.235.194.89
621,Clement,Kas,ckash8@umn.edu,Male,99.83.149.251
622,Dominick,Joincey,djoinceyh9@dailymotion.com,Male,8.57.136.86
623,Flinn,Pritchett,fpritchettha@rambler.ru,Male,120.130.143.138
624,Neils,Babe,nbabehb@netscape.com,Male,208.24.98.69
625,Theodoric,Higgoe,thiggoehc@google.es,Male,120.14.95.218
626,Daveta,Iiannoni,diiannonihd@indiatimes.com,Female,27.128.143.111
627,Rosetta,Donett,rdonetthe@slashdot.org,Female,3.205.112.72
628,Morey,Silly,msillyhf@rediff.com,Male,236.125.54.215
629,Nonna,Buddles,nbuddleshg@networkadvertising.org,Female,227.250.110.101
630,Bradford,Taplin,btaplinhh@homestead.com,Male,29.7.248.62
631,Kali,Burfitt,kburfitthi@oracle.com,Female,118.225.103.152
632,Kandace,Willingham,kwillinghamhj@statcounter.com,Female,30.29.208.58
633,Moyra,Trundle,mtrundlehk@phpbb.com,Bigender,109.200.112.65
634,Lulu,Hallsworth,lhallsworthhl@independent.co.uk,Female,198.217.74.48
635,Betteanne,Joontjes,bjoontjeshm@forbes.com,Female,154.33.91.13
636,Belle,McAnalley,bmcanalleyhn@cloudflare.com,Female,240.161.153.50
637,Marty,Lindback,mlindbackho@tinyurl.com,Male,84.0.155.219
638,Michel,Garfitt,mgarfitthp@ft.com,Female,98.237.164.184
639,Myer,Rivlin,mrivlinhq@t.co,Male,222.20.40.252
640,Margarete,Mixon,mmixonhr@nih.gov,Female,30.231.134.188
641,Sheff,Fuge,sfugehs@ebay.com,Male,78.221.247.202
642,Ricki,Pietzke,rpietzkeht@csmonitor.com,Male,196.55.41.228
643,Markus,Marlen,mmarlenhu@theglobeandmail.com,Male,11.150.19.166
644,Orsa,Ullyatt,oullyatthv@last.fm,Female,24.136.250.154
645,Dulcia,Harme,dharmehw@bandcamp.com,Female,64.72.32.224
646,Lavinia,Warrier,lwarrierhx@weibo.com,Female,44.221.212.23
647,Haily,Avery,haveryhy@bigcartel.com,Male,186.246.180.10
648,Kilian,Paoloni,kpaolonihz@dagondesign.com,Male,124.119.149.45
649,Tamra,Staig,tstaigi0@squidoo.com,Female,205.87.44.219
650,Ignacius,Spiniello,ispinielloi1@artisteer.com,Male,113.167.186.184
651,Dur,Trodd,dtroddi2@imdb.com,Male,17.121.97.242
652,Michell,Lobell,mlobelli3@domainmarket.com,Female,100.40.213.71
653,Heath,Bernuzzi,hbernuzzii4@imdb.com,Male,127.102.10.76
654,Padget,Silversmidt,psilversmidti5@ehow.com,Male,186.246.67.173
655,Tobie,Grose,tgrosei6@businessweek.com,Male,253.68.62.245
656,Tobe,Edghinn,tedghinni7@pcworld.com,Female,100.13.8.17
657,Carny,Byfford,cbyffordi8@kickstarter.com,Non-binary,215.94.21.180
658,Katee,Gainforth,kgainforthi9@upenn.edu,Female,146.255.151.119
659,Doretta,McGiven,dmcgivenia@elpais.com,Female,91.157.30.123
660,Katusha,Giacoppoli,kgiacoppoliib@sohu.com,Agender,207.247.140.126
661,Rachel,Whitehair,rwhitehairic@tuttocitta.it,Female,86.174.211.230
662,Zack,Robberecht,zrobberechtid@bbc.co.uk,Male,35.5.58.178
663,Silvio,Churchley,schurchleyie@google.pl,Male,114.250.49.212
664,Delainey,Tremoulet,dtremouletif@google.com.br,Male,235.188.208.120
665,Kelsey,Grangier,kgrangierig@dagondesign.com,Male,182.230.193.232
666,Tremayne,Ambler,tamblerih@geocities.com,Male,222.13.244.49
667,Savina,Shorey,sshoreyii@photobucket.com,Female,6.34.32.253
668,Kelcy,Searston,ksearstonij@hugedomains.com,Female,32.39.80.248
669,Boniface,Casbourne,bcasbourneik@fema.gov,Male,120.6.220.194
670,Suzanna,Elvins,selvinsil@reverbnation.com,Female,139.88.136.52
671,Malachi,Lurriman,mlurrimanim@bbc.co.uk,Male,113.87.200.246
672,Berne,Marchello,bmarchelloin@microsoft.com,Male,64.40.47.128
673,Jean,Starkie,jstarkieio@yandex.ru,Male,86.91.50.202
674,Lind,Leander,lleanderip@google.de,Male,22.4.200.41
675,Friedrick,Fakeley,ffakeleyiq@alibaba.com,Male,217.85.238.71
676,Alisha,Romeuf,aromeufir@pcworld.com,Female,114.233.45.175
677,Mata,Kerwick,mkerwickis@wordpress.com,Male,34.223.188.43
678,Davidde,Haysman,dhaysmanit@4shared.com,Male,2.10.14.252
679,Merl,Sommerton,msommertoniu@irs.gov,Female,191.137.138.111
680,Walther,Oxenden,woxendeniv@amazon.co.jp,Male,196.15.121.200
681,Eryn,Kay,ekayiw@fema.gov,Female,127.171.116.19
682,Dacie,Kielt,dkieltix@cocolog-nifty.com,Bigender,9.90.53.118
683,Riordan,Joanaud,rjoanaudiy@cyberchimps.com,Male,175.31.64.97
684,Max,Palumbo,mpalumboiz@dailymotion.com,Agender,108.193.233.58
685,Gar,Thorbon,gthorbonj0@uiuc.edu,Male,6.70.69.101
686,Henryetta,Rawlcliffe,hrawlcliffej1@sina.com.cn,Female,120.15.68.128
687,Ephraim,Goforth,egoforthj2@tmall.com,Male,251.66.11.242
688,Freeland,Clementi,fclementij3@apache.org,Male,168.248.107.232
689,Haily,Colley,hcolleyj4@wiley.com,Male,156.186.139.157
690,Emelina,Warrington,ewarringtonj5@auda.org.au,Female,116.54.17.119
691,Annemarie,Darlow,adarlowj6@newyorker.com,Female,53.157.50.42
692,Mitchell,Buxcey,mbuxceyj7@ebay.com,Male,217.108.199.51
693,Chiarra,Dayment,cdaymentj8@archive.org,Female,210.173.191.23
694,Nissa,Langrick,nlangrickj9@seattletimes.com,Female,115.81.219.92
695,Raviv,Ghiotto,rghiottoja@hostgator.com,Genderqueer,198.123.170.59
696,Netta,Meese,nmeesejb@shareasale.com,Female,83.250.152.252
697,Avigdor,Amott,aamottjc@mit.edu,Male,177.190.238.227
698,Opal,Lasselle,olassellejd@imdb.com,Female,222.243.244.174
699,Perla,Peppin,ppeppinje@businesswire.com,Female,145.142.113.104
700,Consuelo,Filochov,cfilochovjf@shinystat.com,Female,220.53.138.204
701,Margi,Grollmann,mgrollmannjg@prweb.com,Female,185.61.22.3
702,Lizzie,Guerrin,lguerrinjh@mysql.com,Female,115.228.123.51
703,Mathilde,Rowell,mrowellji@newsvine.com,Female,57.10.26.113
704,Urson,Frizell,ufrizelljj@4shared.com,Male,239.73.85.196
705,Barbara,Metzel,bmetzeljk@google.es,Female,130.118.254.51
706,Hew,Cavell,hcavelljl@goo.ne.jp,Male,80.34.118.188
707,Josias,Jantel,jjanteljm@ca.gov,Male,64.5.148.166
708,Theo,Swancott,tswancottjn@4shared.com,Male,115.142.106.182
709,Hedvige,Goncaves,hgoncavesjo@cpanel.net,Female,230.145.0.60
710,Forest,Lawfull,flawfulljp@dailymail.co.uk,Male,56.131.104.162
711,Katheryn,Newburn,knewburnjq@skyrock.com,Female,62.115.95.97
712,Cloris,Tamblyn,ctamblynjr@amazon.co.uk,Bigender,209.98.238.217
713,Karry,Mariyushkin,kmariyushkinjs@accuweather.com,Female,216.44.137.234
714,Dilan,Conville,dconvillejt@hp.com,Male,87.80.89.19
715,Dicky,Ruske,druskeju@istockphoto.com,Male,140.249.75.254
716,Rolfe,Smallcomb,rsmallcombjv@ox.ac.uk,Polygender,157.172.71.133
717,Anselm,Speeks,aspeeksjw@woothemes.com,Male,144.242.148.65
718,Bartholomew,Provest,bprovestjx@jugem.jp,Genderqueer,11.210.172.90
719,Arden,Pharrow,apharrowjy@discuz.net,Female,220.22.23.114
720,Nanon,McCurt,nmccurtjz@netlog.com,Bigender,16.86.219.149
721,Binny,Gouldsmith,bgouldsmithk0@europa.eu,Female,99.111.34.102
722,Reynolds,Tomik,rtomikk1@spotify.com,Male,76.172.100.70
723,Tonye,O' Cuolahan,tocuolahank2@etsy.com,Female,8.221.166.153
724,Coletta,Hachard,chachardk3@redcross.org,Female,103.68.239.171
725,Homerus,Haville,hhavillek4@microsoft.com,Male,148.49.0.71
726,Lauren,Spencock,lspencockk5@hexun.com,Bigender,34.29.30.122
727,Arny,Hainey,ahaineyk6@webs.com,Male,217.250.194.174
728,Sharyl,Ballentime,sballentimek7@mysql.com,Female,65.3.141.202
729,Ced,Garza,cgarzak8@joomla.org,Male,123.114.125.33
730,Celestina,Till,ctillk9@cbslocal.com,Female,43.48.37.47
731,Judas,Dymott,jdymottka@printfriendly.com,Male,221.212.198.5
732,Aindrea,Cadigan,acadigankb@mit.edu,Female,18.35.4.10
733,Tobit,Corradeschi,tcorradeschikc@multiply.com,Male,17.53.159.226
734,Rab,De Courtney,rdecourtneykd@dailymail.co.uk,Male,33.38.9.214
735,Reilly,Worthy,rworthyke@twitter.com,Male,243.54.2.157
736,Christel,Hunte,chuntekf@time.com,Female,118.201.28.199
737,Ogdan,Martellini,omartellinikg@symantec.com,Male,236.220.215.114
738,Hedwiga,Downes,hdowneskh@1und1.de,Female,59.189.48.121
739,Pammi,Cotte,pcotteki@altervista.org,Female,188.87.139.82
740,Padget,Paddon,ppaddonkj@aol.com,Male,178.250.68.190
741,Doe,Crofts,dcroftskk@lycos.com,Female,21.50.169.86
742,Darb,Kerwin,dkerwinkl@homestead.com,Male,150.238.154.227
743,Min,Vequaud,mvequaudkm@netlog.com,Female,98.208.216.97
744,Tomasine,Voules,tvouleskn@sohu.com,Female,19.16.170.210
745,Sherrie,Selland,ssellandko@prnewswire.com,Female,50.126.126.193
746,Willette,Medlin,wmedlinkp@blog.com,Female,68.145.54.39
747,Vinni,Tinson,vtinsonkq@e-recht24.de,Female,26.245.152.57
748,Gretal,Morat,gmoratkr@spotify.com,Female,243.207.190.148
749,Cari,McQuillen,cmcquillenks@lycos.com,Female,115.218.13.1
750,Cosette,Durbridge,cdurbridgekt@indiegogo.com,Female,112.172.55.100
751,Tedd,Pococke,tpocockeku@dyndns.org,Male,43.120.105.87
752,Corine,Plampin,cplampinkv@miibeian.gov.cn,Female,122.217.105.130
753,Miguelita,Frackiewicz,mfrackiewiczkw@desdev.cn,Female,184.202.2.22
754,Jody,Condit,jconditkx@pinterest.com,Male,226.83.30.99
755,Silvia,MacColm,smaccolmky@amazon.com,Genderfluid,139.188.21.70
756,Melisent,Fairweather,mfairweatherkz@google.com,Bigender,28.111.211.218
757,Adrianne,Devennie,adevenniel0@comsenz.com,Female,187.82.170.152
758,Taber,Idale,tidalel1@bigcartel.com,Male,47.121.153.54
759,Sonnnie,Gatrill,sgatrilll2@mayoclinic.com,Female,189.191.178.169
760,Mauricio,Harteley,mharteleyl3@wisc.edu,Bigender,217.17.8.75
761,Violet,Broady,vbroadyl4@phpbb.com,Female,167.0.79.48
762,Karoly,Iacoboni,kiacobonil5@vinaora.com,Male,124.55.168.89
763,Elbert,Plumm,eplumml6@cloudflare.com,Male,183.110.82.110
764,Sibel,Cutten,scuttenl7@nationalgeographic.com,Female,73.210.194.58
765,Dara,Morrissey,dmorrisseyl8@list-manage.com,Female,127.213.213.59
766,Caroline,Mapis,cmapisl9@networkadvertising.org,Female,221.140.237.199
767,Elvira,Slocom,eslocomla@illinois.edu,Female,49.16.71.146
768,Herta,Garden,hgardenlb@mac.com,Female,153.216.30.153
769,Sebastian,Harrowing,sharrowinglc@amazon.de,Male,158.124.121.244
770,Madalyn,Cotterrill,mcotterrillld@yahoo.com,Female,58.42.244.198
771,Fraser,Garrigan,fgarriganle@instagram.com,Male,141.229.55.48
772,Xenos,Dast,xdastlf@reddit.com,Male,112.137.69.138
773,Tedie,Slogrove,tslogrovelg@homestead.com,Male,158.152.91.85
774,Odey,Haugen,ohaugenlh@bbb.org,Male,72.242.189.13
775,Granthem,Scotchbourouge,gscotchbourougeli@chronoengine.com,Male,185.122.35.178
776,Bibby,Coppeard,bcoppeardlj@paypal.com,Female,39.62.253.170
777,Raven,Bloss,rblosslk@ameblo.jp,Female,96.191.164.160
778,Anthe,Nozzolii,anozzoliill@shinystat.com,Female,55.64.22.221
779,Simone,Syddall,ssyddalllm@wix.com,Male,250.214.162.182
780,Aubrey,Glidden,agliddenln@fda.gov,Female,235.222.86.107
781,Mohandis,Saltsberg,msaltsberglo@51.la,Male,92.235.233.214
782,Nada,Veare,nvearelp@exblog.jp,Agender,149.22.75.23
783,Joete,Pleasaunce,jpleasauncelq@naver.com,Female,144.92.41.40
784,Sophie,Lebbon,slebbonlr@cpanel.net,Female,176.161.87.229
785,Ray,Lynch,rlynchls@java.com,Male,118.141.196.127
786,Bank,Langcastle,blangcastlelt@phpbb.com,Male,26.31.91.186
787,Penelopa,Odda,poddalu@networksolutions.com,Female,134.250.107.126
788,Kitty,Hurd,khurdlv@boston.com,Female,56.105.253.156
789,Evyn,Wadeling,ewadelinglw@amazon.co.jp,Non-binary,178.140.85.87
790,Nesta,Dunkinson,ndunkinsonlx@uol.com.br,Female,149.149.122.81
791,Mano,Sargant,msargantly@ycombinator.com,Male,191.65.127.95
792,Jordain,Tomowicz,jtomowiczlz@sfgate.com,Female,148.96.196.12
793,Lindsey,Dudden,lduddenm0@networkadvertising.org,Male,151.247.145.245
794,Jacquenette,Kiera,jkieram1@discovery.com,Genderqueer,212.168.105.57
795,Basil,Sherry,bsherrym2@umich.edu,Male,126.44.151.185
796,Ricky,Galbreath,rgalbreathm3@weibo.com,Male,196.246.150.243
797,Barth,Klaaassen,bklaaassenm4@yellowpages.com,Male,61.88.113.89
798,Shoshana,Stranks,sstranksm5@woothemes.com,Female,219.216.237.111
799,Mac,Tash,mtashm6@aboutads.info,Male,66.241.252.184
800,Rois,Tallboy,rtallboym7@bravesites.com,Female,240.75.21.75
801,Maren,Fri,mfrim8@vk.com,Female,107.21.13.240
802,Hobey,Vicker,hvickerm9@liveinternet.ru,Agender,230.162.123.3
803,Alleyn,Havercroft,ahavercroftma@hud.gov,Male,2.230.44.220
804,Elena,Euston,eeustonmb@slashdot.org,Female,255.254.93.76
805,Vikky,Buff,vbuffmc@drupal.org,Female,136.15.249.176
806,Chris,Peron,cperonmd@amazonaws.com,Male,137.168.224.47
807,Torry,Jeffrey,tjeffreyme@telegraph.co.uk,Bigender,50.47.239.185
808,Marika,Chessun,mchessunmf@ocn.ne.jp,Genderqueer,117.73.95.213
809,Stacee,Scintsbury,sscintsburymg@ucsd.edu,Male,158.168.74.212
810,Bennie,Shutler,bshutlermh@sitemeter.com,Male,197.47.20.244
811,Alisa,McKinna,amckinnami@aol.com,Female,250.240.154.109
812,Bond,Measey,bmeaseymj@studiopress.com,Male,165.42.252.219
813,Randie,Halpen,rhalpenmk@usda.gov,Female,251.149.116.164
814,Rosa,Rove,rroveml@bizjournals.com,Female,47.230.210.28
815,Aldric,Olifard,aolifardmm@home.pl,Male,113.118.13.42
816,Elva,Blodgetts,eblodgettsmn@theguardian.com,Female,49.232.94.239
817,Pryce,Keat,pkeatmo@archive.org,Male,30.176.34.242
818,Stacie,Skeermer,sskeermermp@wiley.com,Female,242.103.211.253
819,Saxon,Berresford,sberresfordmq@goo.ne.jp,Male,30.112.187.190
820,Erv,Eads,eeadsmr@marriott.com,Male,16.92.250.180
821,Doralia,Boyton,dboytonms@typepad.com,Female,155.136.231.84
822,Lotta,Morch,lmorchmt@geocities.jp,Female,46.227.198.105
823,Aurie,Anstie,aanstiemu@mediafire.com,Female,48.19.155.123
824,Sigvard,Giorgione,sgiorgionemv@ucoz.ru,Male,186.241.162.114
825,Virgil,Robker,vrobkermw@github.io,Male,31.116.39.234
826,Trixy,Secker,tseckermx@exblog.jp,Female,79.62.112.64
827,Lilyan,Jude,ljudemy@weather.com,Female,22.91.41.30
828,Myrtice,Hayter,mhaytermz@telegraph.co.uk,Female,246.154.180.35
829,Madison,Coole,mcoolen0@pagesperso-orange.fr,Male,67.203.149.207
830,Corenda,McElhinney,cmcelhinneyn1@prlog.org,Female,36.144.220.42
831,Lianne,Sworder,lswordern2@nba.com,Polygender,204.124.99.234
832,Othelia,Castillon,ocastillonn3@prnewswire.com,Female,200.133.165.83
833,Griffie,Wrankling,gwranklingn4@patch.com,Male,66.78.16.220
834,Addi,Acory,aacoryn5@rediff.com,Female,130.9.193.62
835,Cecilius,Dally,cdallyn6@microsoft.com,Male,25.90.238.127
836,Devan,Haucke,dhaucken7@quantcast.com,Female,249.157.131.8
837,Livvyy,Olliar,lolliarn8@miibeian.gov.cn,Female,150.93.99.1
838,Shani,Smitherham,ssmitherhamn9@upenn.edu,Female,58.132.16.116
839,Jacquie,MacKeeg,jmackeegna@chron.com,Female,71.84.77.252
840,Coral,Halt,chaltnb@intel.com,Female,143.56.193.147
841,Odelinda,Werndley,owerndleync@smh.com.au,Female,225.246.6.160
842,Tracy,Roose,troosend@comsenz.com,Male,50.242.162.88
843,Sanson,Allmark,sallmarkne@php.net,Male,129.127.76.209
844,Aindrea,Camden,acamdennf@shop-pro.jp,Female,23.16.76.255
845,Dominic,Renfield,drenfieldng@seesaa.net,Male,85.153.119.236
846,Rriocard,Tawse,rtawsenh@hhs.gov,Male,135.177.107.167
847,Suzy,Vispo,svisponi@google.fr,Female,145.94.161.29
848,Rogers,Lindberg,rlindbergnj@myspace.com,Male,137.162.47.33
849,Archaimbaud,Goshawke,agoshawkenk@jalbum.net,Male,2.237.76.221
850,Marcille,MacAlpyne,mmacalpynenl@google.co.jp,Female,36.88.151.13
851,Abelard,Kall,akallnm@phpbb.com,Genderqueer,33.93.105.27
852,Harriot,Dumberell,hdumberellnn@mlb.com,Female,173.61.220.166
853,Bette,Dyson,bdysonno@twitter.com,Female,24.186.146.165
854,Randi,Pinar,rpinarnp@fc2.com,Male,239.224.39.79
855,Wilfred,Thake,wthakenq@independent.co.uk,Male,114.138.69.145
856,Aila,Pittendreigh,apittendreighnr@diigo.com,Female,128.209.129.65
857,Frederic,Grenkov,fgrenkovns@dyndns.org,Male,137.98.182.126
858,Amelita,Readshall,areadshallnt@is.gd,Female,80.159.247.51
859,Deidre,Gittis,dgittisnu@google.ru,Female,246.247.25.29
860,Fraze,Belcham,fbelchamnv@blogtalkradio.com,Male,116.150.214.116
861,Adolpho,Carolan,acarolannw@mlb.com,Male,88.102.222.76
862,Maire,Vallerine,mvallerinenx@liveinternet.ru,Female,64.234.37.5
863,Timmy,Nunn,tnunnny@ocn.ne.jp,Genderfluid,82.250.117.132
864,Pamelina,Dyble,pdyblenz@blinklist.com,Female,95.28.126.233
865,Xever,Irlam,xirlamo0@google.it,Agender,132.96.211.155
866,Marja,Quarmby,mquarmbyo1@theguardian.com,Female,180.191.245.168
867,Ashlen,Filipychev,afilipychevo2@cnn.com,Female,6.224.75.225
868,Flore,Mitkin,fmitkino3@google.ca,Non-binary,73.8.110.199
869,Lorrayne,Giroldo,lgiroldoo4@list-manage.com,Female,98.7.49.184
870,Gisele,Gildea,ggildeao5@businessinsider.com,Female,45.93.109.240
871,Burk,Bettanay,bbettanayo6@wordpress.com,Male,159.209.240.166
872,Lauren,Parnby,lparnbyo7@networkadvertising.org,Male,35.142.39.98
873,Hillary,Chapell,hchapello8@google.com.br,Male,6.95.193.209
874,Moore,Brownbill,mbrownbillo9@wikimedia.org,Male,93.196.45.169
875,Mommy,Pickaver,mpickaveroa@altervista.org,Female,253.121.182.163
876,Effie,Corneil,ecorneilob@sina.com.cn,Female,105.246.141.28
877,Gayle,Vlahos,gvlahosoc@google.com.br,Male,202.162.97.169
878,Keane,Dirand,kdirandod@businessinsider.com,Non-binary,198.4.253.44
879,Keven,Helder,khelderoe@umn.edu,Male,79.207.66.96
880,Inigo,Nerheny,inerhenyof@pagesperso-orange.fr,Male,48.60.120.249
881,Bowie,Cartmill,bcartmillog@irs.gov,Male,91.251.116.26
882,Homerus,McIlmurray,hmcilmurrayoh@mail.ru,Male,185.222.255.180
883,Meyer,Paridge,mparidgeoi@g.co,Male,40.7.86.197
884,Markos,Gaffey,mgaffeyoj@time.com,Male,14.181.97.45
885,Anderson,Baszniak,abaszniakok@dyndns.org,Male,182.163.221.234
886,Katharina,Mainwaring,kmainwaringol@chronoengine.com,Female,74.168.239.196
887,Pierrette,Ilbert,pilbertom@who.int,Female,218.31.12.244
888,Melony,Lievesley,mlievesleyon@loc.gov,Female,48.237.214.66
889,Burtie,Menier,bmenieroo@imdb.com,Male,13.230.65.204
890,Carlynn,Craft,ccraftop@technorati.com,Female,73.115.161.129
891,Rora,Olivo,rolivooq@domainmarket.com,Female,201.247.214.37
892,Jaquenetta,Daly,jdalyor@xinhuanet.com,Bigender,31.130.34.236
893,Humphrey,Battrick,hbattrickos@google.it,Male,154.73.48.84
894,Rutger,Walak,rwalakot@marketwatch.com,Male,136.218.61.53
895,Aymer,McGriele,amcgrieleou@163.com,Male,102.156.74.96
896,Chloris,Querree,cquerreeov@army.mil,Female,164.89.84.197
897,Bronnie,Semmence,bsemmenceow@topsy.com,Male,107.72.166.8
898,Shirley,Curtoys,scurtoysox@vk.com,Female,181.213.214.216
899,Massimiliano,Mildner,mmildneroy@github.com,Male,161.126.31.56
900,Goldarina,Liger,gligeroz@wikispaces.com,Female,108.181.85.12
901,Bastian,Jenney,bjenneyp0@networkadvertising.org,Genderfluid,95.27.86.52
902,Georg,Caldicott,gcaldicottp1@salon.com,Male,9.139.80.242
903,Northrup,Saltsberg,nsaltsbergp2@freewebs.com,Male,111.103.46.250
904,Marline,Wake,mwakep3@ebay.com,Female,173.38.128.139
905,Devin,Desorts,ddesortsp4@sakura.ne.jp,Female,227.35.196.91
906,Guss,Baytrop,gbaytropp5@naver.com,Male,126.230.193.229
907,Mikaela,Bulloch,mbullochp6@archive.org,Female,24.251.220.180
908,Felipa,Kenny,fkennyp7@example.com,Female,19.111.220.72
909,Boothe,Sikorsky,bsikorskyp8@addthis.com,Male,230.151.33.121
910,Arnold,Kelleway,akellewayp9@auda.org.au,Male,241.108.84.228
911,Yorgo,Odde,yoddepa@earthlink.net,Male,59.56.106.42
912,Enriqueta,Treadger,etreadgerpb@oakley.com,Female,181.76.69.49
913,Cortie,Fisbey,cfisbeypc@nbcnews.com,Male,58.85.198.219
914,Marco,Tonkin,mtonkinpd@wisc.edu,Male,255.159.194.197
915,Joelie,Northcliffe,jnorthcliffepe@hatena.ne.jp,Female,9.216.203.85
916,Danell,McVee,dmcveepf@ucla.edu,Female,221.16.151.212
917,Tarrah,Burlingame,tburlingamepg@cdc.gov,Female,51.216.180.251
918,Ruprecht,Derdes,rderdesph@dmoz.org,Male,141.230.239.47
919,Ephraim,Ubsdell,eubsdellpi@prnewswire.com,Male,75.1.32.219
920,Corena,Morbey,cmorbeypj@163.com,Female,181.216.119.99
921,Natalee,Buye,nbuyepk@t.co,Female,108.16.182.247
922,Johnathon,Laurencot,jlaurencotpl@microsoft.com,Male,135.45.131.121
923,Laurie,Quilkin,lquilkinpm@mail.ru,Bigender,154.205.75.55
924,Vernon,Pill,vpillpn@usa.gov,Agender,217.219.17.4
925,Shawn,Elen,selenpo@istockphoto.com,Male,228.206.203.227
926,Nicko,MacNeish,nmacneishpp@quantcast.com,Polygender,3.138.57.117
927,Denyse,Foyle,dfoylepq@mashable.com,Genderfluid,193.1.51.220
928,Kathleen,Mapstone,kmapstonepr@cnbc.com,Female,198.77.202.15
929,Carrol,Chew,cchewps@fc2.com,Non-binary,200.125.167.200
930,Regan,Stenet,rstenetpt@cam.ac.uk,Male,141.99.103.67
931,Georgette,Dumphy,gdumphypu@dagondesign.com,Female,180.1.5.167
932,Sim,Temlett,stemlettpv@de.vu,Male,89.38.211.3
933,Pennie,Iveagh,piveaghpw@fc2.com,Male,106.47.38.181
934,Rutherford,Lorkin,rlorkinpx@ehow.com,Male,242.19.57.84
935,Collen,McAster,cmcasterpy@paypal.com,Female,222.24.62.174
936,Alikee,Truse,atrusepz@sfgate.com,Female,184.224.185.32
937,Hobie,Gerholz,hgerholzq0@multiply.com,Male,209.160.166.38
938,Merle,Bettenay,mbettenayq1@salon.com,Female,176.201.104.95
939,Ainsley,Grishakin,agrishakinq2@goo.gl,Female,240.95.190.239
940,Sherman,Pawelczyk,spawelczykq3@amazon.com,Male,104.250.206.1
941,Gaynor,Gunby,ggunbyq4@google.com.au,Female,199.18.129.225
942,Harlene,Samsonsen,hsamsonsenq5@flavors.me,Female,233.237.194.147
943,Helli,Minocchi,hminocchiq6@drupal.org,Female,118.236.40.234
944,Matthus,Hafner,mhafnerq7@123-reg.co.uk,Male,158.232.247.101
945,Willabella,Walasik,wwalasikq8@soup.io,Female,224.107.135.175
946,Jerrilee,Raoul,jraoulq9@senate.gov,Female,17.92.46.215
947,Barty,Drewe,bdreweqa@prnewswire.com,Male,63.203.82.133
948,Knox,Mc Mechan,kmcmechanqb@symantec.com,Male,245.229.211.147
949,Beniamino,Nequest,bnequestqc@jimdo.com,Male,124.248.141.56
950,Sibylla,Wilsee,swilseeqd@youtube.com,Female,74.77.111.133
951,Emlynn,Dowdney,edowdneyqe@netlog.com,Bigender,51.172.57.5
952,Skipp,Pindar,spindarqf@scientificamerican.com,Male,80.188.59.176
953,Dora,Sperry,dsperryqg@merriam-webster.com,Female,58.190.63.183
954,Helyn,O'Cannovane,hocannovaneqh@apache.org,Female,224.158.197.182
955,Raynell,Lankford,rlankfordqi@apache.org,Female,210.3.160.216
956,Boyd,Adam,badamqj@comsenz.com,Male,59.173.203.243
957,Orlan,Merveille,omerveilleqk@google.pl,Male,212.202.13.11
958,Geri,Glede,ggledeql@usatoday.com,Male,156.1.219.85
959,Lonna,Gunton,lguntonqm@mozilla.com,Female,215.40.127.219
960,Dell,Candish,dcandishqn@techcrunch.com,Male,151.119.126.13
961,Editha,Nacey,enaceyqo@uiuc.edu,Agender,219.25.69.125
962,Selie,Shoebottom,sshoebottomqp@whitehouse.gov,Female,248.32.83.91
963,Lynnette,Delgaty,ldelgatyqq@whitehouse.gov,Female,220.152.225.144
964,Gaspar,McCathy,gmccathyqr@ehow.com,Male,197.198.200.102
965,Basia,Chapleo,bchapleoqs@abc.net.au,Female,110.251.31.225
966,Audrey,Gant,agantqt@smh.com.au,Genderfluid,124.167.99.189
967,Merl,Marguerite,mmargueritequ@illinois.edu,Female,207.82.100.100
968,Bab,Gallagher,bgallagherqv@squidoo.com,Female,189.156.147.166
969,Mill,Fanstone,mfanstoneqw@people.com.cn,Male,42.130.119.236
970,Mira,Mart,mmartqx@microsoft.com,Non-binary,204.216.255.173
971,Kaspar,Meach,kmeachqy@geocities.com,Male,53.53.198.192
972,Brinna,Francais,bfrancaisqz@e-recht24.de,Female,107.81.26.164
973,Sawyer,Peakman,speakmanr0@list-manage.com,Male,204.228.67.163
974,Grover,McDougald,gmcdougaldr1@google.de,Male,184.182.41.68
975,Benito,Hansill,bhansillr2@booking.com,Male,1.68.168.131
976,Stephie,Ridgley,sridgleyr3@chronoengine.com,Female,216.208.219.160
977,Rebe,Aps,rapsr4@goo.gl,Female,169.120.103.47
978,Deerdre,Franzke,dfranzker5@usnews.com,Female,70.123.91.68
979,Ludovika,Schulke,lschulker6@fc2.com,Female,0.150.188.4
980,Juliana,Toomer,jtoomerr7@webnode.com,Female,143.103.200.87
981,Levey,Thorius,lthoriusr8@wix.com,Male,223.9.166.235
982,Benita,Gullis,bgullisr9@cpanel.net,Female,119.167.228.187
983,Pepi,Werendell,pwerendellra@who.int,Female,134.185.248.31
984,Grover,Glasgow,gglasgowrb@deliciousdays.com,Male,147.160.94.184
985,Stevena,Garland,sgarlandrc@msn.com,Female,29.41.11.121
986,Teodor,Wolton,twoltonrd@sakura.ne.jp,Male,216.143.53.117
987,Gretal,Castelain,gcastelainre@youku.com,Female,167.80.81.182
988,Cordie,Jeves,cjevesrf@photobucket.com,Male,54.0.70.140
989,Urson,Doumerc,udoumercrg@epa.gov,Male,192.231.161.3
990,Danny,Arnaudot,darnaudotrh@parallels.com,Female,140.240.128.49
991,Cordie,Bellanger,cbellangerri@globo.com,Male,62.43.186.12
992,Hope,Fincken,hfinckenrj@amazon.com,Female,13.184.151.218
993,Camel,Marlor,cmarlorrk@github.com,Female,221.192.16.50
994,Kellby,Foy,kfoyrl@admin.ch,Male,97.197.131.116
995,Forester,Galway,fgalwayrm@ucla.edu,Bigender,243.86.97.176
996,Marne,Sterricker,msterrickerrn@friendfeed.com,Female,198.39.8.74
997,Patty,Dunlop,pdunlopro@wp.com,Female,213.85.16.166
998,Alejandro,Myall,amyallrp@unblog.fr,Male,80.125.20.64
999,Amble,O' Scallan,aoscallanrq@howstuffworks.com,Male,245.206.136.166
1000,Cesya,Kirrens,ckirrensrr@nytimes.com,Female,61.140.49.88
