id,first_name,last_name,email,gender,ip_address
1,Kliment,Matejovsky,kmatejovsky0@taobao.com,Male,210.137.233.126
2,Reinaldos,Verry,rverry1@de.vu,Male,232.129.29.132
3,Germana,Hawkyens,ghawkyens2@google.cn,Female,99.26.165.196
4,Leilah,Gresch,lgresch3@reverbnation.com,Female,32.90.101.2
5,Dickie,Feaviour,dfeaviour4@sina.com.cn,Male,210.232.45.72
6,Melinda,Faircloth,mfaircloth5@tripadvisor.com,Female,136.96.209.171
7,Andras,Bomfield,abomfield6@deliciousdays.com,Male,32.107.162.5
8,Callida,Nell,cnell7@ning.com,Female,95.55.208.108
9,Briana,Demangeot,bdemangeot8@java.com,Female,193.29.65.153
10,Renie,Dionsetto,rdionsetto9@gizmodo.com,Female,92.198.238.245
11,Kori,Penas,kpenasa@cdbaby.com,Female,35.225.209.133
12,Dionysus,Lewinton,dlewintonb@nsw.gov.au,Male,28.131.35.83
13,Nathanael,Brandin,nbrandinc@nhs.uk,Male,214.166.149.186
14,Alfie,Tilbrook,atilbrookd@ustream.tv,Male,24.156.228.177
15,Laney,Phillimore,lphillimoree@mashable.com,Male,127.68.91.228
16,Deirdre,Das,ddasf@sciencedirect.com,Female,155.198.105.176
17,Anett,Meecher,ameecherg@aol.com,Genderqueer,151.27.193.107
18,Pearl,Caverhill,pcaverhillh@furl.net,Genderfluid,164.155.252.235
19,Pebrook,Britland,pbritlandi@behance.net,Male,232.238.193.33
20,Janelle,Curtiss,jcurtissj@addthis.com,Female,99.152.128.246
21,Ally,Edelheid,aedelheidk@earthlink.net,Female,57.47.95.244
22,Rolland,Caldecott,rcaldecottl@whitehouse.gov,Male,243.203.8.240
23,Fredi,Bird,fbirdm@marketwatch.com,Female,175.40.134.131
24,Armando,Tamburi,atamburin@sbwire.com,Male,202.212.153.237
25,Ambrosius,Mursell,amursello@youtu.be,Genderqueer,149.247.251.81
26,Maxie,D'Antuoni,mdantuonip@oracle.com,Male,223.98.0.79
27,Haydon,Leal,hlealq@house.gov,Male,163.4.244.188
28,Gualterio,Bright,gbrightr@samsung.com,Male,72.39.248.214
29,Tiffani,Hanby,thanbys@edublogs.org,Female,50.26.107.227
30,Klaus,Wellwood,kwellwoodt@cbc.ca,Male,46.109.17.12
31,Caria,Mapplebeck,cmapplebecku@reuters.com,Female,214.101.210.153
32,Sven,Skokoe,sskokoev@bing.com,Male,1.123.95.122
33,Christian,Corryer,ccorryerw@ibm.com,Female,81.184.116.66
34,Faunie,Spiniello,fspiniellox@bloglines.com,Female,12.71.155.153
35,Garrik,Gebb,ggebby@pinterest.com,Male,85.103.167.108
36,Thia,Nulty,tnultyz@fema.gov,Female,85.83.249.205
37,Aurthur,Smedmore,asmedmore10@weibo.com,Bigender,14.216.149.199
38,Brittni,Wellington,bwellington11@google.com,Female,75.26.86.61
39,Lilias,Yell,lyell12@github.io,Female,109.251.26.12
40,Waverly,Buttle,wbuttle13@cornell.edu,Male,71.95.42.240
41,Faina,Gorst,fgorst14@pcworld.com,Female,92.193.224.86
42,Gertrude,Ivanov,givanov15@com.com,Female,155.25.203.242
43,Angus,Gashion,agashion16@sphinn.com,Male,93.159.203.196
44,Isidor,Cracknell,icracknell17@economist.com,Polygender,2.166.104.10
45,Dorelia,Woodbridge,dwoodbridge18@printfriendly.com,Female,220.177.146.160
46,Melanie,Seldner,mseldner19@fda.gov,Female,107.152.186.142
47,Gareth,Le Guin,gleguin1a@newyorker.com,Male,119.65.169.243
48,Bea,Crisp,bcrisp1b@tamu.edu,Female,35.170.137.46
49,Clarissa,Salzburger,csalzburger1c@skype.com,Female,90.129.98.160
50,Dagmar,Livesay,dlivesay1d@unesco.org,Female,162.172.75.195
51,Arabelle,Lanning,alanning1e@trellian.com,Female,90.23.40.31
52,Ginnie,McKnockiter,gmcknockiter1f@narod.ru,Female,128.15.247.222
53,Corbet,Goundry,cgoundry1g@jugem.jp,Male,35.233.84.79
54,Arline,Leary,aleary1h@ed.gov,Female,107.72.72.255
55,Willdon,Bridgland,wbridgland1i@homestead.com,Bigender,187.160.153.25
56,Ardisj,Echallier,aechallier1j@freewebs.com,Non-binary,154.107.94.182
57,Cosme,McIlhone,cmcilhone1k@spotify.com,Male,42.95.30.82
58,Vinnie,Enga,venga1l@ox.ac.uk,Female,175.248.102.77
59,Ichabod,Auchterlony,iauchterlony1m@smugmug.com,Male,202.126.225.20
60,Alon,Camois,acamois1n@indiegogo.com,Male,210.21.158.249
61,Mortie,Oakenford,moakenford1o@blog.com,Male,107.31.35.83
62,Tory,Bapty,tbapty1p@npr.org,Female,14.34.114.108
63,Christean,Caro,ccaro1q@unesco.org,Bigender,184.245.163.86
64,Jillian,Rheam,jrheam1r@bing.com,Female,23.17.115.245
65,Leilah,Sweetland,lsweetland1s@ameblo.jp,Female,23.177.150.103
66,Reilly,Rois,rrois1t@sitemeter.com,Male,222.244.87.69
67,Yetta,Valintine,yvalintine1u@guardian.co.uk,Non-binary,145.108.124.46
68,Inesita,Novacek,inovacek1v@imageshack.us,Female,53.211.193.25
69,Myca,Hawkings,mhawkings1w@utexas.edu,Male,126.202.159.49
70,Doralin,Counihan,dcounihan1x@sina.com.cn,Female,184.175.145.174
71,Jacky,Pragnell,jpragnell1y@a8.net,Male,26.218.217.34
72,Patin,Bodycote,pbodycote1z@naver.com,Male,130.214.24.219
73,Tasha,Peaddie,tpeaddie20@dropbox.com,Female,187.191.194.206
74,Nadine,Tuppeny,ntuppeny21@nbcnews.com,Female,114.159.34.230
75,Conroy,Wink,cwink22@samsung.com,Male,106.250.89.77
76,Hadrian,Humpatch,hhumpatch23@nationalgeographic.com,Male,118.71.131.208
77,Gar,Brydell,gbrydell24@engadget.com,Male,71.47.177.30
78,Royce,Scardafield,rscardafield25@pagesperso-orange.fr,Male,40.255.199.33
79,Gardener,Blague,gblague26@canalblog.com,Male,59.77.48.126
80,Marc,Klebes,mklebes27@wp.com,Male,208.235.173.254
81,Gerhardt,Morecomb,gmorecomb28@washington.edu,Male,149.143.116.230
82,Crissy,Lakeland,clakeland29@hhs.gov,Female,188.129.203.236
83,Eadie,Freddi,efreddi2a@blogger.com,Female,48.20.71.213
84,Izabel,Van Schafflaer,ivanschafflaer2b@icq.com,Female,91.72.59.188
85,Cassi,Rollings,crollings2c@nasa.gov,Female,167.34.232.142
86,Clevie,Marrable,cmarrable2d@slashdot.org,Male,239.31.228.145
87,Reeta,Pourvoieur,rpourvoieur2e@tripadvisor.com,Female,158.9.77.47
88,Colby,Smithers,csmithers2f@umich.edu,Male,113.158.118.217
89,Natka,Adam,nadam2g@ox.ac.uk,Female,56.222.3.146
90,Erick,Comiam,ecomiam2h@fotki.com,Male,57.185.182.250
91,Randi,Ayris,rayris2i@biblegateway.com,Male,155.252.51.55
92,Garnet,Sanches,gsanches2j@mediafire.com,Female,23.34.39.253
93,Willow,Bertrand,wbertrand2k@nsw.gov.au,Female,96.244.38.147
94,Dinah,Moughtin,dmoughtin2l@npr.org,Female,92.106.166.92
95,Ketty,Shuker,kshuker2m@hatena.ne.jp,Female,66.127.186.81
96,Dimitri,Farrans,dfarrans2n@wikimedia.org,Male,181.153.10.144
97,Virge,Salaman,vsalaman2o@chronoengine.com,Male,130.204.154.138
98,Delainey,Greatreax,dgreatreax2p@desdev.cn,Male,131.100.167.215
99,Kenyon,Englefield,kenglefield2q@skype.com,Male,101.251.184.179
100,Kenton,Northey,knorthey2r@google.co.jp,Bigender,222.191.35.103
101,Lishe,Mc Harg,lmcharg2s@cnn.com,Female,174.151.201.68
102,Germayne,Lippo,glippo2t@qq.com,Male,91.55.214.70
103,Cissiee,Beathem,cbeathem2u@spotify.com,Female,149.248.161.130
104,Scott,Spillard,sspillard2v@forbes.com,Male,248.92.94.46
105,Latia,Jorck,ljorck2w@mapy.cz,Female,169.122.73.144
106,Ewell,Findlow,efindlow2x@archive.org,Male,28.125.50.137
107,Coralyn,Skeech,cskeech2y@delicious.com,Female,146.56.126.199
108,Freedman,Smail,fsmail2z@quantcast.com,Male,223.93.196.11
109,Flory,Beneyto,fbeneyto30@intel.com,Female,188.58.159.216
110,Mariel,Gillbard,mgillbard31@spotify.com,Female,145.135.37.60
111,Cathyleen,Seldner,cseldner32@delicious.com,Female,177.112.117.197
112,Mari,Battisson,mbattisson33@privacy.gov.au,Female,226.162.223.80
113,Roger,Soldan,rsoldan34@about.com,Male,152.219.26.148
114,Nichole,Smythe,nsmythe35@mashable.com,Male,76.135.89.108
115,Jacinthe,Evangelinos,jevangelinos36@fastcompany.com,Female,7.207.243.26
116,Mavis,Metrick,mmetrick37@ocn.ne.jp,Female,162.23.195.85
117,Uri,Banane,ubanane38@cam.ac.uk,Male,16.215.117.102
118,Judy,Minghi,jminghi39@sakura.ne.jp,Female,216.87.254.146
119,Madelaine,Fisby,mfisby3a@mapy.cz,Female,88.52.22.251
120,Kris,Trahearn,ktrahearn3b@princeton.edu,Female,177.148.216.241
121,Wood,Hadfield,whadfield3c@pen.io,Male,113.159.77.227
122,Meredith,Tregensoe,mtregensoe3d@about.com,Male,219.143.11.242
123,Nana,Rays,nrays3e@xrea.com,Female,245.83.189.150
124,Laird,Bould,lbould3f@patch.com,Male,246.144.153.222
125,Brina,Allibone,ballibone3g@printfriendly.com,Genderfluid,143.12.143.137
126,Lucinda,Piburn,lpiburn3h@loc.gov,Female,36.194.10.53
127,Shirley,Karle,skarle3i@dmoz.org,Female,159.7.139.5
128,Dorisa,Althrop,dalthrop3j@bing.com,Female,234.198.25.199
129,Sherie,Gebbe,sgebbe3k@hexun.com,Female,81.232.74.91
130,Ara,Kennifick,akennifick3l@sciencedaily.com,Female,248.200.39.190
131,Darcie,Ashpole,dashpole3m@i2i.jp,Female,7.72.240.50
132,Giff,Deavin,gdeavin3n@live.com,Male,222.218.2.121
133,Etta,Pitone,epitone3o@ox.ac.uk,Female,227.20.202.164
134,Rodina,Kilbourne,rkilbourne3p@google.fr,Female,115.199.192.143
135,Silas,Gillitt,sgillitt3q@vistaprint.com,Male,65.11.232.67
136,Barby,Suller,bsuller3r@hud.gov,Female,209.232.57.129
137,Forster,Ailmer,failmer3s@tripadvisor.com,Male,109.58.164.166
138,Harcourt,Holworth,hholworth3t@adobe.com,Male,11.61.34.207
139,Jessey,Karus,jkarus3u@canalblog.com,Male,100.8.95.175
140,Lawrence,Becerro,lbecerro3v@example.com,Male,217.216.176.7
141,Alon,Langwade,alangwade3w@hao123.com,Polygender,195.103.236.159
142,Theda,Pullinger,tpullinger3x@bbc.co.uk,Female,51.80.46.110
143,Ricard,Batterton,rbatterton3y@shop-pro.jp,Male,162.116.219.2
144,Town,Heister,theister3z@webeden.co.uk,Male,236.238.62.47
145,Linell,Jerdein,ljerdein40@is.gd,Female,190.143.161.89
146,Karoly,Henfre,khenfre41@addthis.com,Female,153.175.91.174
147,Odetta,Fever,ofever42@si.edu,Female,145.120.62.210
148,Cash,Linster,clinster43@goo.gl,Male,172.97.176.163
149,Tilly,Cowley,tcowley44@123-reg.co.uk,Agender,177.85.235.132
150,Orran,Smyth,osmyth45@umn.edu,Male,25.181.250.13
151,Derk,Simmgen,dsimmgen46@house.gov,Male,79.40.93.120
152,Sybyl,Jubb,sjubb47@addtoany.com,Female,219.37.185.136
153,Denver,Woan,dwoan48@odnoklassniki.ru,Male,88.223.219.38
154,Marlow,Mertgen,mmertgen49@gizmodo.com,Male,148.108.199.128
155,Rozella,McGenis,rmcgenis4a@xinhuanet.com,Female,74.191.42.148
156,Celisse,Petyanin,cpetyanin4b@over-blog.com,Female,18.250.27.128
157,Antonia,Comino,acomino4c@yellowbook.com,Female,1.207.194.16
158,Sigfried,Musselwhite,smusselwhite4d@hibu.com,Male,57.127.165.248
159,Valeda,Marshalleck,vmarshalleck4e@npr.org,Female,212.230.90.146
160,Nickie,Rachuig,nrachuig4f@theguardian.com,Male,130.240.58.192
161,Maximilian,Awdry,mawdry4g@dailymotion.com,Male,38.106.33.39
162,Englebert,Hoston,ehoston4h@howstuffworks.com,Male,86.123.148.255
163,Ketty,Eliez,keliez4i@hc360.com,Female,161.177.35.74
164,Rosemarie,Mattam,rmattam4j@rediff.com,Female,92.39.50.156
165,Miran,Juliff,mjuliff4k@pen.io,Genderqueer,16.180.24.103
166,Nessa,Papez,npapez4l@irs.gov,Female,40.218.226.53
167,Eba,Sinderland,esinderland4m@japanpost.jp,Female,25.5.69.109
168,Raynell,Bower,rbower4n@wix.com,Female,116.126.141.28
169,Gracie,Bardwell,gbardwell4o@prweb.com,Female,167.195.150.23
170,Horacio,Guise,hguise4p@msn.com,Male,221.105.88.40
171,Yorker,Greasley,ygreasley4q@forbes.com,Male,146.15.226.88
172,Johnnie,Arrigucci,jarrigucci4r@webs.com,Male,7.48.205.143
173,Kilian,Frill,kfrill4s@tamu.edu,Male,23.173.105.154
174,Fraze,Pulsford,fpulsford4t@barnesandnoble.com,Male,197.102.112.244
175,Erastus,Diggell,ediggell4u@hhs.gov,Male,234.158.176.106
176,Tad,Allender,tallender4v@patch.com,Male,65.148.254.56
177,Storm,Gamlen,sgamlen4w@nps.gov,Female,1.174.4.210
178,Lannie,Goldster,lgoldster4x@feedburner.com,Male,90.50.79.163
179,Karry,Tomich,ktomich4y@scientificamerican.com,Female,152.42.37.150
180,Hannie,Maycey,hmaycey4z@engadget.com,Female,20.135.96.117
181,Danny,Foster-Smith,dfostersmith50@ezinearticles.com,Female,189.118.68.194
182,Vail,Sifflett,vsifflett51@live.com,Male,223.216.173.190
183,Renado,Lepick,rlepick52@nasa.gov,Male,201.142.93.52
184,Emelen,Clough,eclough53@wunderground.com,Male,18.14.141.184
185,Penny,McBrier,pmcbrier54@buzzfeed.com,Male,75.110.177.107
186,Kailey,Royden,kroyden55@godaddy.com,Female,237.123.141.240
187,Cybill,Hatherleigh,chatherleigh56@telegraph.co.uk,Female,61.39.1.61
188,Daveen,Roskeilly,droskeilly57@cmu.edu,Female,214.177.205.30
189,Cherin,Duthie,cduthie58@sphinn.com,Female,91.94.20.32
190,Milty,Hysom,mhysom59@youku.com,Genderfluid,25.88.180.240
191,Prudy,Mancell,pmancell5a@sitemeter.com,Female,109.103.150.43
192,Katherine,Suermeier,ksuermeier5b@blinklist.com,Female,139.95.171.101
193,Kristian,Le Page,klepage5c@theglobeandmail.com,Male,97.64.221.141
194,Gardy,Rowntree,growntree5d@skyrock.com,Male,60.27.37.140
195,Torie,Tootin,ttootin5e@ftc.gov,Female,0.211.174.97
196,Forbes,Mustard,fmustard5f@histats.com,Male,134.43.199.25
197,Bevvy,Reston,breston5g@jimdo.com,Female,241.81.99.142
198,Mercy,Banke,mbanke5h@wordpress.com,Female,134.190.225.131
199,Jacques,Dunnaway,jdunnaway5i@indiegogo.com,Male,245.106.52.64
200,Jennine,Norcliff,jnorcliff5j@about.com,Genderqueer,232.58.90.255
201,Worthy,O'Leary,woleary5k@prlog.org,Male,83.203.39.146
202,Garvin,Cogswell,gcogswell5l@moonfruit.com,Male,235.136.216.216
203,Zolly,Mahady,zmahady5m@oakley.com,Agender,31.108.101.164
204,Tamarra,Growcock,tgrowcock5n@wisc.edu,Bigender,9.72.205.155
205,Pembroke,Bogie,pbogie5o@psu.edu,Male,174.237.193.246
206,Fabio,Liley,fliley5p@admin.ch,Male,118.39.109.82
207,Damon,Filer,dfiler5q@vk.com,Male,27.10.54.244
208,Goldy,Stobie,gstobie5r@flickr.com,Female,216.236.4.123
209,Roselle,Kinmond,rkinmond5s@ca.gov,Female,60.54.92.211
210,Jamie,Willment,jwillment5t@blogspot.com,Female,133.187.72.1
211,Tully,Bingall,tbingall5u@army.mil,Male,213.45.45.1
212,Genevra,Smowton,gsmowton5v@liveinternet.ru,Female,103.64.191.139
213,Elysia,Matyasik,ematyasik5w@patch.com,Female,176.85.181.241
214,Guillermo,Keywood,gkeywood5x@tripod.com,Male,233.200.171.13
215,Case,Derkes,cderkes5y@pinterest.com,Male,127.95.7.135
216,Dewain,Halewood,dhalewood5z@quantcast.com,Male,46.55.184.207
217,Griffie,Dominick,gdominick60@twitpic.com,Male,155.196.138.192
218,Aubrie,Yosifov,ayosifov61@whitehouse.gov,Female,30.13.71.252
219,Dacie,Borgars,dborgars62@home.pl,Polygender,255.55.228.144
220,Odelia,Huertas,ohuertas63@java.com,Female,151.203.100.186
221,Rodolph,Careless,rcareless64@friendfeed.com,Male,196.4.108.40
222,Eberhard,Pyford,epyford65@disqus.com,Male,98.229.169.244
223,Rosemonde,Killoran,rkilloran66@amazon.co.uk,Female,165.85.139.206
224,Pedro,Loynton,ploynton67@shutterfly.com,Male,163.80.93.55
225,Agata,Theunissen,atheunissen68@creativecommons.org,Female,63.17.248.15
226,Waylin,Grent,wgrent69@flavors.me,Male,163.83.185.248
227,Katie,Twentyman,ktwentyman6a@themeforest.net,Female,230.119.24.177
228,Pet,Marcussen,pmarcussen6b@deviantart.com,Female,248.198.230.126
229,Dav,Eldrett,deldrett6c@canalblog.com,Male,82.60.168.205
230,Karine,Boays,kboays6d@joomla.org,Female,106.185.94.81
231,Carin,Sneesbie,csneesbie6e@washington.edu,Polygender,162.214.221.195
232,Ken,Aldren,kaldren6f@networkadvertising.org,Male,191.13.59.231
233,Gil,Grzelczyk,ggrzelczyk6g@cmu.edu,Male,204.136.252.71
234,Chaunce,Orts,corts6h@bluehost.com,Male,220.185.251.88
235,Sigismundo,Selborne,sselborne6i@purevolume.com,Male,84.97.146.92
236,Wayne,Formoy,wformoy6j@friendfeed.com,Male,220.250.62.70
237,Gerald,Stirton,gstirton6k@seesaa.net,Male,220.176.190.17
238,Garrek,Etteridge,getteridge6l@elpais.com,Genderqueer,91.4.125.147
239,Tobit,Grzegorzewski,tgrzegorzewski6m@skyrock.com,Male,10.117.199.76
240,Babbie,Ferrucci,bferrucci6n@slate.com,Female,114.150.3.191
241,Charmane,Grinter,cgrinter6o@berkeley.edu,Agender,92.145.95.117
242,Erek,Scrase,escrase6p@123-reg.co.uk,Male,155.134.237.112
243,Loren,Wainer,lwainer6q@washington.edu,Female,177.66.67.68
244,Conway,Yashaev,cyashaev6r@google.co.jp,Male,176.149.178.223
245,Evania,Hutten,ehutten6s@plala.or.jp,Female,137.45.24.120
246,Benoit,Naulls,bnaulls6t@tripod.com,Male,125.71.224.118
247,Ludovika,Samwaye,lsamwaye6u@lulu.com,Female,187.137.74.42
248,Wildon,Sooley,wsooley6v@deliciousdays.com,Male,142.124.254.175
249,Jo-anne,Lemerle,jlemerle6w@google.it,Agender,14.66.41.232
250,Aylmar,Ousbie,aousbie6x@paypal.com,Male,204.189.160.10
251,Tracie,Samuel,tsamuel6y@com.com,Female,249.55.65.102
252,Price,Forsard,pforsard6z@virginia.edu,Male,125.12.174.74
253,Dione,Edler,dedler70@behance.net,Female,56.45.158.152
254,Hamid,Nanson,hnanson71@diigo.com,Male,117.169.182.35
255,Maddi,Franz-Schoninger,mfranzschoninger72@smh.com.au,Female,232.229.91.47
256,Easter,Labb,elabb73@mapquest.com,Female,55.249.149.166
257,Dena,Whittleton,dwhittleton74@i2i.jp,Female,37.231.222.143
258,Hugh,Wenban,hwenban75@sphinn.com,Male,150.153.139.43
259,Cissy,Gummery,cgummery76@amazon.com,Female,36.57.35.75
260,Marline,Hounsom,mhounsom77@addtoany.com,Female,98.181.179.244
261,Tye,Wragg,twragg78@reverbnation.com,Male,191.114.160.67
262,Edan,Tremayne,etremayne79@sbwire.com,Male,132.47.45.8
263,Travers,Jedrys,tjedrys7a@opera.com,Bigender,124.90.169.74
264,Idaline,Beck,ibeck7b@dot.gov,Female,235.50.43.202
265,Joanne,Bischop,jbischop7c@wikimedia.org,Female,232.28.237.103
266,Kathi,O'Gavin,kogavin7d@slate.com,Female,201.77.95.53
267,Codie,Warhurst,cwarhurst7e@slideshare.net,Female,233.204.24.137
268,Ceciley,Dobbin,cdobbin7f@spotify.com,Female,67.229.122.30
269,Ailsun,Lorkings,alorkings7g@unblog.fr,Female,94.129.247.82
270,Levi,Spencers,lspencers7h@toplist.cz,Male,162.14.223.59
271,Kerby,Ambrogetti,kambrogetti7i@narod.ru,Male,54.35.156.180
272,Tiebout,Rixon,trixon7j@acquirethisname.com,Male,140.88.90.112
273,Berkeley,Riggert,briggert7k@squidoo.com,Male,173.3.80.27
274,Felita,Prantoni,fprantoni7l@huffingtonpost.com,Polygender,82.29.122.25
275,Fifi,Chat,fchat7m@aboutads.info,Genderfluid,31.146.176.23
276,Julina,Eynaud,jeynaud7n@last.fm,Female,66.241.85.157
277,Desmund,Cisneros,dcisneros7o@nasa.gov,Male,25.89.14.174
278,Shelden,Ornils,sornils7p@netscape.com,Bigender,92.134.18.87
279,Clarabelle,Cammocke,ccammocke7q@irs.gov,Female,219.160.228.100
280,Alanson,Sturr,asturr7r@nature.com,Male,183.53.85.57
281,Hewie,Robecon,hrobecon7s@qq.com,Male,178.133.45.98
282,Dugald,Kenworthey,dkenworthey7t@bandcamp.com,Male,243.119.205.217
283,Toinette,Shorter,tshorter7u@mail.ru,Female,193.166.116.246
284,Theodor,Schellig,tschellig7v@wiley.com,Male,184.168.27.219
285,Obediah,Salters,osalters7w@dyndns.org,Male,219.61.75.89
286,Lisabeth,Thistleton,lthistleton7x@illinois.edu,Female,111.58.106.130
287,Abeu,Seefeldt,aseefeldt7y@imageshack.us,Male,98.11.176.141
288,Dane,Geaney,dgeaney7z@freewebs.com,Male,205.71.44.236
289,Carola,Balazin,cbalazin80@irs.gov,Female,104.222.149.95
290,Jeffy,Daniau,jdaniau81@huffingtonpost.com,Male,6.17.17.215
291,Danette,Di Franceshci,ddifranceshci82@biglobe.ne.jp,Female,213.38.201.19
292,Francklyn,Livett,flivett83@nationalgeographic.com,Male,147.75.50.228
293,Keven,Quoit,kquoit84@webs.com,Male,219.61.18.197
294,Garvy,Boggas,gboggas85@pinterest.com,Male,29.166.129.242
295,Devlin,Kensitt,dkensitt86@gnu.org,Male,159.97.42.69
296,Culley,Gamlen,cgamlen87@cnn.com,Male,221.62.252.174
297,Rutger,Voase,rvoase88@list-manage.com,Male,203.234.41.236
298,Kathryne,Muro,kmuro89@goo.ne.jp,Female,48.14.165.107
299,Maud,Caldecot,mcaldecot8a@blinklist.com,Female,92.82.160.104
300,Minta,Clampton,mclampton8b@weebly.com,Female,159.8.114.186
301,Billi,Walkling,bwalkling8c@un.org,Non-binary,91.127.157.98
302,Caroljean,Goldup,cgoldup8d@webmd.com,Bigender,203.130.65.34
303,Drew,Goodban,dgoodban8e@discovery.com,Male,166.220.189.35
304,Herculie,Madgwick,hmadgwick8f@globo.com,Male,222.60.179.241
305,Maxi,Lung,mlung8g@a8.net,Female,223.196.184.201
306,Nate,Bletso,nbletso8h@usnews.com,Genderfluid,80.149.101.11
307,Merrie,Woolam,mwoolam8i@nasa.gov,Female,86.144.109.251
308,Kissiah,Anstead,kanstead8j@msn.com,Female,156.65.165.252
309,Mariel,Isaacson,misaacson8k@fc2.com,Female,177.121.81.152
310,Rivi,Nendick,rnendick8l@mac.com,Female,143.199.145.92
311,Conny,Kensett,ckensett8m@patch.com,Female,199.117.166.166
312,Cherin,Bonnor,cbonnor8n@bloomberg.com,Female,243.182.46.191
313,Land,Matuskiewicz,lmatuskiewicz8o@dagondesign.com,Male,204.92.47.6
314,Dimitri,Croston,dcroston8p@noaa.gov,Male,72.171.107.106
315,Zea,Cathro,zcathro8q@smh.com.au,Female,44.126.78.198
316,Jaine,Ricket,jricket8r@mayoclinic.com,Female,163.242.201.203
317,Amelie,Georgius,ageorgius8s@sbwire.com,Female,151.66.39.128
318,Felicio,Martins,fmartins8t@theatlantic.com,Male,13.227.157.102
319,Marcelo,Atyeo,matyeo8u@sohu.com,Male,27.230.103.116
320,Loraine,Dockery,ldockery8v@lycos.com,Female,29.30.219.45
321,Klemens,Starcks,kstarcks8w@google.com.au,Male,221.183.153.204
322,Aldo,Thurber,athurber8x@harvard.edu,Male,235.147.162.254
323,Christi,Goodfellowe,cgoodfellowe8y@nba.com,Female,62.218.11.208
324,Eadie,Androlli,eandrolli8z@patch.com,Female,39.228.47.171
325,Nerte,Jedrzejczak,njedrzejczak90@last.fm,Female,107.103.54.150
326,Erastus,Amos,eamos91@sphinn.com,Male,138.211.99.100
327,Lindsay,Snoddy,lsnoddy92@yale.edu,Female,76.97.130.244
328,Kip,Jedraszek,kjedraszek93@ibm.com,Female,77.140.156.62
329,Rockie,Clamp,rclamp94@barnesandnoble.com,Male,64.77.92.131
330,Vidovik,Hens,vhens95@printfriendly.com,Male,139.237.80.246
331,Delores,Hender,dhender96@about.com,Female,152.168.5.47
332,Amby,Iveson,aiveson97@wisc.edu,Bigender,100.94.242.61
333,Bartel,Hurtic,bhurtic98@npr.org,Male,72.104.95.54
334,Alfy,Ludwig,aludwig99@sohu.com,Female,34.92.93.101
335,Flory,Voisey,fvoisey9a@amazon.co.uk,Female,235.120.64.249
336,Bartholomew,Bottomley,bbottomley9b@google.it,Male,34.4.118.9
337,Nicko,Birch,nbirch9c@geocities.com,Male,194.106.120.42
338,Hendrik,Perico,hperico9d@deliciousdays.com,Male,162.6.228.81
339,Gabrila,Dodsworth,gdodsworth9e@spotify.com,Female,8.122.235.49
340,Silvano,Brignall,sbrignall9f@slate.com,Male,244.236.168.124
341,Ammamaria,Scoterbosh,ascoterbosh9g@webeden.co.uk,Female,200.55.215.78
342,Jannel,Bulford,jbulford9h@mit.edu,Female,6.233.151.169
343,Lucias,Cossentine,lcossentine9i@flickr.com,Male,120.151.176.61
344,Jinny,Harteley,jharteley9j@technorati.com,Female,8.249.255.92
345,Aldin,Dunsmore,adunsmore9k@blogger.com,Male,197.91.222.212
346,Billye,Solley,bsolley9l@multiply.com,Polygender,18.59.236.12
347,Kylila,Stokes,kstokes9m@icq.com,Female,75.7.145.40
348,Christie,McKew,cmckew9n@rakuten.co.jp,Male,114.1.180.67
349,Tymon,Greatrex,tgreatrex9o@pinterest.com,Polygender,53.129.58.57
350,Shell,Frosdick,sfrosdick9p@simplemachines.org,Female,1.170.245.136
351,Moyra,Blazevic,mblazevic9q@technorati.com,Female,226.9.73.54
352,Emmery,Ruddock,eruddock9r@furl.net,Male,118.180.215.32
353,Lyman,Fawlo,lfawlo9s@salon.com,Male,89.121.228.228
354,Carilyn,Angelo,cangelo9t@youku.com,Female,237.77.41.112
355,Germain,Cleeve,gcleeve9u@oracle.com,Female,32.179.23.214
356,Jeana,Hambridge,jhambridge9v@theatlantic.com,Female,204.55.158.28
357,Correna,Bayle,cbayle9w@cafepress.com,Female,148.167.81.84
358,Evonne,Sivorn,esivorn9x@marketwatch.com,Female,103.208.218.66
359,Camey,Bullivent,cbullivent9y@google.com.br,Male,192.140.247.239
360,Nesta,Floyd,nfloyd9z@ifeng.com,Female,74.5.77.197
361,Sax,McConigal,smcconigala0@craigslist.org,Genderfluid,48.212.112.110
362,Jourdan,Fish,jfisha1@freewebs.com,Female,183.40.127.82
363,Arturo,Eakley,aeakleya2@rediff.com,Male,36.17.250.183
364,Frankie,Lamberti,flambertia3@flavors.me,Male,218.177.84.157
365,Brigitte,Resdale,bresdalea4@homestead.com,Female,125.196.106.161
366,Omar,Klimas,oklimasa5@fda.gov,Male,250.44.183.252
367,Viola,Scain,vscaina6@feedburner.com,Female,49.196.137.153
368,Nerty,Tedman,ntedmana7@usatoday.com,Female,86.151.238.213
369,Redd,Dik,rdika8@foxnews.com,Male,162.24.113.184
370,Brion,Atthowe,batthowea9@independent.co.uk,Male,106.55.216.255
371,Dorie,Einchcombe,deinchcombeaa@phoca.cz,Male,160.48.105.234
372,Matthaeus,Dumbrell,mdumbrellab@wp.com,Male,157.163.97.82
373,Frank,Eburah,feburahac@jugem.jp,Female,107.44.90.229
374,Durward,Leyban,dleybanad@xinhuanet.com,Male,135.216.144.218
375,Dallon,Sherewood,dsherewoodae@weebly.com,Male,21.59.15.66
376,Benetta,Garrett,bgarrettaf@google.com.hk,Female,113.111.109.72
377,Cal,Di Biagio,cdibiagioag@house.gov,Female,41.86.172.242
378,Ynez,Triggel,ytriggelah@usa.gov,Non-binary,174.210.210.68
379,Padgett,Dennehy,pdennehyai@arizona.edu,Male,211.62.249.216
380,Barby,Morl,bmorlaj@hibu.com,Female,160.221.227.17
381,Rosemonde,Balharrie,rbalharrieak@irs.gov,Female,72.216.227.103
382,Melly,Lufkin,mlufkinal@weebly.com,Female,137.94.136.87
383,Salim,Jacobssen,sjacobssenam@java.com,Male,74.163.110.172
384,Justinian,Leech,jleechan@cornell.edu,Male,126.60.75.108
385,Aubert,Coatsworth,acoatsworthao@java.com,Male,202.201.2.7
386,Cyrillus,Esmond,cesmondap@trellian.com,Male,95.196.16.65
387,Zondra,Winstanley,zwinstanleyaq@cocolog-nifty.com,Female,73.70.51.255
388,Linoel,Megson,lmegsonar@nba.com,Genderfluid,134.199.147.251
389,Lisha,Capes,lcapesas@de.vu,Female,6.54.50.132
390,Simonette,Leale,slealeat@mac.com,Female,194.147.14.119
391,Johnny,Kupec,jkupecau@msn.com,Male,198.245.108.122
392,Madelaine,Stearns,mstearnsav@shutterfly.com,Genderfluid,81.192.29.209
393,Dorine,Say,dsayaw@netscape.com,Female,71.102.95.33
394,Judi,Spilisy,jspilisyax@globo.com,Female,58.50.29.152
395,Donetta,Menat,dmenatay@nydailynews.com,Female,188.40.184.250
396,Page,Nason,pnasonaz@cnbc.com,Male,51.74.250.237
397,Goddart,Maddyson,gmaddysonb0@google.fr,Non-binary,143.64.17.200
398,Ellis,Roostan,eroostanb1@imageshack.us,Male,209.100.130.31
399,Donni,Bruckman,dbruckmanb2@bigcartel.com,Female,137.20.236.162
400,Weston,Cadalleder,wcadallederb3@printfriendly.com,Male,111.118.207.49
401,Culver,Dohmer,cdohmerb4@uol.com.br,Male,217.148.156.221
402,Valentina,Muro,vmurob5@myspace.com,Female,164.111.73.210
403,Alex,Dewhurst,adewhurstb6@newsvine.com,Genderfluid,191.69.48.115
404,Ignaz,Stollmeyer,istollmeyerb7@aboutads.info,Male,34.184.77.114
405,Carlen,Brighouse,cbrighouseb8@mac.com,Female,199.182.48.9
406,Theresita,Brannon,tbrannonb9@mapy.cz,Female,186.159.252.39
407,Alane,Pont,apontba@pcworld.com,Bigender,104.102.70.105
408,Rosita,Demkowicz,rdemkowiczbb@alexa.com,Female,193.192.151.221
409,Vic,Beadle,vbeadlebc@howstuffworks.com,Male,236.118.192.255
410,Perren,Esby,pesbybd@aboutads.info,Male,44.44.8.104
411,Shelba,Guisby,sguisbybe@cpanel.net,Female,233.242.118.121
412,Amelita,Bellsham,abellshambf@europa.eu,Female,229.49.242.30
413,Carly,Goolding,cgooldingbg@princeton.edu,Male,211.106.85.234
414,Armando,Tommasuzzi,atommasuzzibh@nba.com,Male,101.79.114.92
415,Sonny,Kitching,skitchingbi@ucla.edu,Male,60.240.61.129
416,Paulina,Tulloch,ptullochbj@wp.com,Female,109.13.107.229
417,Eve,Carncross,ecarncrossbk@blogs.com,Female,38.195.106.26
418,Phoebe,Joyce,pjoycebl@weebly.com,Female,184.229.62.94
419,Elisa,Ipsly,eipslybm@oakley.com,Agender,69.33.185.150
420,Ham,Seller,hsellerbn@unblog.fr,Male,58.229.119.78
421,Blanche,Belloch,bbellochbo@dell.com,Female,118.6.83.204
422,Abbie,Millichap,amillichapbp@jigsy.com,Non-binary,184.98.69.72
423,Roderic,Housby,rhousbybq@xing.com,Male,92.245.228.128
424,Melinda,Clearley,mclearleybr@nature.com,Female,77.12.16.233
425,Grantham,Lynagh,glynaghbs@japanpost.jp,Bigender,171.93.114.12
426,Issi,Tersay,itersaybt@storify.com,Female,49.8.57.181
427,Lin,Calken,lcalkenbu@discuz.net,Male,54.190.109.229
428,Joellen,Minelli,jminellibv@reverbnation.com,Female,125.62.120.113
429,Lonny,Thorrington,lthorringtonbw@booking.com,Male,60.74.143.164
430,Erwin,Worsell,eworsellbx@slate.com,Genderqueer,234.51.237.235
431,Malory,Dalley,mdalleyby@studiopress.com,Female,201.120.134.101
432,Chrysler,Lohrensen,clohrensenbz@whitehouse.gov,Female,211.81.92.172
433,Staford,Storrar,sstorrarc0@salon.com,Male,190.6.10.134
434,Nye,Ottawell,nottawellc1@zdnet.com,Male,21.208.45.234
435,Conrado,Cottisford,ccottisfordc2@cnn.com,Male,64.154.172.32
436,Scottie,Batham,sbathamc3@mtv.com,Male,183.57.177.10
437,Raphaela,Spradbery,rspradberyc4@about.me,Female,187.61.217.79
438,Davie,Balnaves,dbalnavesc5@arizona.edu,Male,6.143.65.214
439,Merrill,Lancaster,mlancasterc6@nih.gov,Female,155.39.151.230
440,Meryl,Greatrakes,mgreatrakesc7@xinhuanet.com,Male,57.65.208.14
441,Tracy,Mc Grath,tmcgrathc8@jiathis.com,Male,41.208.255.47
442,Ely,Craythorne,ecraythornec9@gov.uk,Male,15.142.180.88
443,Jefferson,Fermoy,jfermoyca@youtube.com,Male,115.41.166.110
444,Giana,Loxston,gloxstoncb@issuu.com,Female,140.237.39.0
445,Allyce,Petz,apetzcc@w3.org,Female,218.32.135.51
446,Tann,Glabach,tglabachcd@samsung.com,Male,135.31.161.236
447,Nolly,Gilyatt,ngilyattce@upenn.edu,Male,26.155.140.131
448,Shepperd,Antonelli,santonellicf@alexa.com,Male,247.38.101.191
449,Daven,Trussman,dtrussmancg@guardian.co.uk,Male,37.128.52.215
450,Chalmers,Padly,cpadlych@paginegialle.it,Male,232.225.16.33
451,Somerset,Ogle,sogleci@bloglines.com,Male,9.28.168.154
452,Darwin,Towsey,dtowseycj@guardian.co.uk,Male,146.241.38.171
453,Chadwick,Edensor,cedensorck@arizona.edu,Male,229.164.225.48
454,Ema,Moral,emoralcl@cbsnews.com,Female,141.243.112.67
455,Cecil,Matussevich,cmatussevichcm@cbslocal.com,Female,237.192.198.106
456,Ludovika,Maskew,lmaskewcn@prweb.com,Female,217.157.23.105
457,Lorrin,Ivanonko,livanonkoco@xing.com,Female,22.32.189.53
458,Fonzie,Kearney,fkearneycp@bbb.org,Male,163.45.20.104
459,Garvey,McDougal,gmcdougalcq@linkedin.com,Male,50.152.33.51
460,Joice,Brash,jbrashcr@wikimedia.org,Female,31.196.162.61
461,Riccardo,Taggerty,rtaggertycs@weebly.com,Male,124.5.140.134
462,Aloisia,Jako,ajakoct@abc.net.au,Female,134.170.19.24
463,Caleb,Hamp,champcu@jugem.jp,Male,66.61.38.121
464,Tybie,Leaver,tleavercv@mozilla.org,Female,6.182.235.12
465,Zachary,Frearson,zfrearsoncw@dropbox.com,Male,44.242.183.182
466,Sayre,Delany,sdelanycx@go.com,Bigender,58.222.170.158
467,Lucie,Adamczyk,ladamczykcy@seattletimes.com,Female,207.197.37.64
468,Ailsun,Goodson,agoodsoncz@technorati.com,Female,236.83.192.2
469,Gabi,Clemenzi,gclemenzid0@desdev.cn,Male,197.209.188.84
470,Vinita,Drinkale,vdrinkaled1@java.com,Female,234.194.30.68
471,Travers,Kimmel,tkimmeld2@51.la,Male,83.3.205.40
472,Karon,Urry,kurryd3@guardian.co.uk,Female,136.18.231.156
473,Zed,Daunter,zdaunterd4@huffingtonpost.com,Male,153.156.149.213
474,Talyah,Frick,tfrickd5@dell.com,Female,194.32.205.241
475,Francisco,Burder,fburderd6@macromedia.com,Male,2.25.240.233
476,Nolan,Saberton,nsabertond7@latimes.com,Genderqueer,244.229.196.133
477,Delcine,Gallear,dgalleard8@163.com,Female,81.172.73.31
478,Pepi,Cruces,pcrucesd9@cpanel.net,Female,244.23.54.27
479,Karil,Sanpher,ksanpherda@studiopress.com,Female,15.158.53.214
480,Stormi,Servante,sservantedb@webmd.com,Female,24.24.33.141
481,Maddalena,Moyers,mmoyersdc@auda.org.au,Female,147.72.160.215
482,Byran,Ansteys,bansteysdd@go.com,Male,181.95.149.29
483,Homerus,Speake,hspeakede@xinhuanet.com,Male,247.33.119.231
484,Dewain,Cahan,dcahandf@globo.com,Male,211.66.185.168
485,Sara-ann,Worman,swormandg@bluehost.com,Female,3.55.232.195
486,Rachel,Nyland,rnylanddh@bing.com,Female,204.197.217.237
487,Wren,MacGahey,wmacgaheydi@free.fr,Female,76.110.11.214
488,Gratiana,Kerswell,gkerswelldj@yahoo.com,Female,13.222.105.46
489,Matty,Corgenvin,mcorgenvindk@domainmarket.com,Male,231.134.210.152
490,Tiphanie,Felce,tfelcedl@printfriendly.com,Female,92.6.153.174
491,Rubia,Borell,rborelldm@stumbleupon.com,Female,25.226.8.186
492,Corri,Dowbakin,cdowbakindn@phpbb.com,Female,175.239.16.119
493,Antons,Foddy,afoddydo@wikia.com,Male,191.81.130.67
494,Cory,Janisson,cjanissondp@sciencedirect.com,Male,207.160.208.86
495,Dayle,Gerasch,dgeraschdq@biglobe.ne.jp,Female,166.141.71.78
496,Gerek,Egel,gegeldr@people.com.cn,Male,173.14.144.238
497,Lev,Cawthera,lcawtherads@networksolutions.com,Male,42.36.158.158
498,Isabeau,Jermy,ijermydt@redcross.org,Female,14.228.158.59
499,Connie,Nardi,cnardidu@shutterfly.com,Bigender,80.239.246.41
500,Kristoffer,Turn,kturndv@businesswire.com,Male,16.240.23.104
501,Kore,Scowcraft,kscowcraftdw@cloudflare.com,Female,126.189.112.91
502,Sissy,Neaverson,sneaversondx@skype.com,Female,208.224.171.190
503,Dorie,Knighton,dknightondy@ftc.gov,Bigender,37.120.151.19
504,Abramo,Noore,anooredz@japanpost.jp,Bigender,113.5.6.97
505,Natalina,O'Doran,nodorane0@wikispaces.com,Female,199.202.50.88
506,Stearn,Schulkins,sschulkinse1@nsw.gov.au,Male,255.12.212.118
507,Bartolemo,Warre,bwarree2@netlog.com,Male,174.149.196.131
508,Bartlet,Jewar,bjeware3@reuters.com,Male,178.233.0.164
509,Betty,Korneichik,bkorneichike4@macromedia.com,Female,223.57.134.220
510,Honoria,Armatage,harmatagee5@comsenz.com,Female,31.101.205.4
511,Liliane,Yell,lyelle6@gizmodo.com,Agender,68.38.167.42
512,Abbe,Carcass,acarcasse7@seesaa.net,Male,169.52.248.158
513,Thomasin,Canton,tcantone8@imgur.com,Female,225.135.237.100
514,Lisha,Le Grys,llegryse9@360.cn,Female,22.109.37.211
515,Lyle,Juckes,ljuckesea@blogger.com,Male,157.59.3.231
516,Aeriell,Oaker,aoakereb@cbslocal.com,Female,46.83.149.17
517,Auroora,Purviss,apurvissec@com.com,Female,105.58.33.178
518,Darcee,Gosforth,dgosforthed@bluehost.com,Female,232.141.203.162
519,Gustave,Staynes,gstaynesee@goo.gl,Male,114.131.39.187
520,Staford,Milligan,smilliganef@sciencedaily.com,Male,223.47.221.136
521,Cally,Baldwin,cbaldwineg@nationalgeographic.com,Female,216.13.48.21
522,Gill,Redmell,gredmelleh@house.gov,Female,36.157.146.84
523,Devinne,Brislawn,dbrislawnei@usda.gov,Polygender,49.24.99.110
524,Dode,Lippingwell,dlippingwellej@bluehost.com,Female,81.138.7.168
525,Lula,Ducket,lducketek@bizjournals.com,Female,157.218.233.172
526,Britta,Hradsky,bhradskyel@ftc.gov,Female,118.142.25.134
527,Rhianon,Patters,rpattersem@etsy.com,Female,182.6.46.19
528,Mort,Dungay,mdungayen@ted.com,Male,86.80.79.148
529,Zola,Aspin,zaspineo@mapy.cz,Female,211.104.149.183
530,Celina,Comport,ccomportep@tripod.com,Female,236.246.112.183
531,Andie,Bucky,abuckyeq@domainmarket.com,Male,224.238.226.158
532,Hogan,Joselevitz,hjoselevitzer@qq.com,Male,101.61.27.22
533,Robinson,Reekie,rreekiees@tinypic.com,Male,244.16.22.131
534,Rubetta,Cayzer,rcayzeret@vkontakte.ru,Genderfluid,237.11.222.33
535,Shayla,Clemmensen,sclemmenseneu@hhs.gov,Female,61.135.117.151
536,Raf,Filippello,rfilippelloev@va.gov,Female,22.5.113.83
537,Rosie,Espino,respinoew@dailymotion.com,Female,5.103.142.169
538,Amalia,Duckers,aduckersex@com.com,Female,230.148.112.20
539,Kalvin,Borchardt,kborchardtey@surveymonkey.com,Male,46.132.14.122
540,Ginger,Spackman,gspackmanez@hexun.com,Male,172.184.41.149
541,Roseanne,Blazy,rblazyf0@chron.com,Female,51.211.172.101
542,Valaree,Snar,vsnarf1@fotki.com,Female,8.54.108.204
543,Christabel,Kristoffersson,ckristofferssonf2@twitpic.com,Female,211.3.112.224
544,Bambi,Beautyman,bbeautymanf3@mac.com,Female,180.101.29.133
545,Delbert,Edgars,dedgarsf4@macromedia.com,Male,5.84.45.45
546,Rhodie,Glauber,rglauberf5@com.com,Female,5.255.11.78
547,Valencia,Redshaw,vredshawf6@cyberchimps.com,Female,90.76.149.50
548,Cornelius,Anselm,canselmf7@geocities.com,Male,27.169.229.109
549,Brook,Olech,bolechf8@boston.com,Non-binary,131.178.132.4
550,Bonni,Grut,bgrutf9@wired.com,Female,65.196.189.80
551,Perren,Powley,ppowleyfa@independent.co.uk,Male,41.150.240.34
552,Chet,Lant,clantfb@nbcnews.com,Male,161.61.3.206
553,Sandie,Benedek,sbenedekfc@harvard.edu,Bigender,173.169.224.13
554,Bea,Pidgeley,bpidgeleyfd@hugedomains.com,Female,201.32.107.226
555,Linn,Shakle,lshaklefe@shareasale.com,Male,19.48.185.84
556,Crichton,Norville,cnorvilleff@auda.org.au,Male,58.87.240.252
557,Bert,Eiler,beilerfg@pcworld.com,Female,223.159.168.221
558,Bert,Trobe,btrobefh@wix.com,Male,42.54.65.118
559,Evin,Daspar,edasparfi@cbsnews.com,Male,192.43.231.215
560,Elysia,Seadon,eseadonfj@nhs.uk,Female,222.172.42.119
561,Henriette,Heinritz,hheinritzfk@miitbeian.gov.cn,Female,4.50.167.195
562,Way,Rantoull,wrantoullfl@buzzfeed.com,Male,22.80.61.199
563,Libbie,Absolem,labsolemfm@zimbio.com,Female,22.86.115.32
564,Raquel,McGahy,rmcgahyfn@feedburner.com,Female,65.152.199.186
565,Bertram,Krolik,bkrolikfo@example.com,Male,145.231.191.24
566,Astrid,Daouze,adaouzefp@trellian.com,Female,11.63.85.89
567,Willette,Dewhurst,wdewhurstfq@kickstarter.com,Female,200.217.19.163
568,Chariot,Blase,cblasefr@yahoo.com,Male,37.66.137.151
569,Sandro,Redmond,sredmondfs@360.cn,Male,161.0.120.38
570,Livy,Kornilyev,lkornilyevft@baidu.com,Female,22.195.76.203
571,Vikki,Eacle,veaclefu@yolasite.com,Female,218.53.9.200
572,Nevins,Learoyd,nlearoydfv@businessinsider.com,Male,96.54.23.28
573,Freddie,Mazzilli,fmazzillifw@mediafire.com,Female,120.34.224.144
574,Anatole,Tubritt,atubrittfx@loc.gov,Male,105.2.144.46
575,Phil,Woodwing,pwoodwingfy@mysql.com,Male,76.240.4.107
576,Stella,Lyptrade,slyptradefz@japanpost.jp,Female,54.51.48.180
577,Cassandre,Veld,cveldg0@foxnews.com,Female,126.246.133.172
578,Candida,Yewdell,cyewdellg1@mapy.cz,Female,74.247.150.46
579,Gerik,Maseres,gmaseresg2@go.com,Male,111.58.16.207
580,Georgina,Haywood,ghaywoodg3@freewebs.com,Female,165.29.206.198
581,Allie,McIlroy,amcilroyg4@livejournal.com,Female,29.148.44.50
582,Kenn,Chattoe,kchattoeg5@ning.com,Male,252.166.248.78
583,Felike,Benko,fbenkog6@virginia.edu,Male,91.180.105.150
584,Ariel,Karpets,akarpetsg7@51.la,Female,167.175.70.95
585,Hester,Bartolomeo,hbartolomeog8@etsy.com,Female,71.68.152.57
586,Delmore,Glascott,dglascottg9@thetimes.co.uk,Male,249.236.169.87
587,Harry,D' Angelo,hdangeloga@usnews.com,Male,85.151.156.253
588,Zilvia,Basire,zbasiregb@lycos.com,Non-binary,249.67.56.7
589,Antonino,McCrow,amccrowgc@macromedia.com,Male,73.178.172.246
590,Kelley,Dohms,kdohmsgd@netscape.com,Female,207.115.241.164
591,Misti,Duckham,mduckhamge@vimeo.com,Female,25.233.55.41
592,Velma,Harome,vharomegf@ebay.com,Female,151.234.47.123
593,Kip,Knotton,kknottongg@discuz.net,Male,194.116.122.61
594,Sansone,Rosenstein,srosensteingh@flavors.me,Genderqueer,233.126.92.247
595,Mickie,Cleynman,mcleynmangi@biglobe.ne.jp,Male,93.24.106.170
596,Hayden,Talton,htaltongj@cocolog-nifty.com,Bigender,130.167.208.148
597,Dallon,Yeardsley,dyeardsleygk@privacy.gov.au,Male,170.22.21.67
598,Wit,Arnoll,warnollgl@tinypic.com,Male,15.39.96.88
599,Myrtia,Kennifick,mkennifickgm@liveinternet.ru,Female,115.151.113.235
600,Julienne,Lugard,jlugardgn@ustream.tv,Female,66.197.176.146
601,Ogdon,Potteril,opotterilgo@about.com,Male,182.194.119.156
602,Melessa,Ramiro,mramirogp@imdb.com,Female,103.144.113.47
603,Inesita,Cristofano,icristofanogq@reuters.com,Female,123.29.16.209
604,Stacia,Ramage,sramagegr@github.com,Female,115.31.247.102
605,Charmian,Scouller,cscoullergs@google.ru,Female,9.39.10.182
606,Sherman,Mattei,smatteigt@huffingtonpost.com,Male,142.94.36.96
607,Bondie,Ridde,briddegu@forbes.com,Male,67.30.61.144
608,Maudie,Pidgen,mpidgengv@disqus.com,Female,190.195.151.150
609,Forbes,Gregory,fgregorygw@youtube.com,Male,122.46.141.116
610,Aguistin,Ganford,aganfordgx@wunderground.com,Male,5.163.12.208
611,Garfield,Paulino,gpaulinogy@bloomberg.com,Male,11.155.228.169
612,Wood,Laughren,wlaughrengz@simplemachines.org,Male,160.83.249.238
613,Konstance,Huffadine,khuffadineh0@ifeng.com,Female,124.50.25.142
614,Caren,Bartalin,cbartalinh1@sbwire.com,Female,9.59.102.133
615,Desmond,Breacher,dbreacherh2@irs.gov,Male,105.65.45.140
616,Yorgos,Jerrom,yjerromh3@elegantthemes.com,Male,193.211.128.38
617,Elwira,Gurery,egureryh4@cnn.com,Female,190.201.17.195
618,Winfield,Dobel,wdobelh5@harvard.edu,Male,85.71.65.41
619,Lebbie,Belcham,lbelchamh6@dailymotion.com,Female,141.66.228.119
620,Aundrea,Lazenbury,alazenburyh7@lulu.com,Female,112.41.180.99
621,Aryn,Mokes,amokesh8@phoca.cz,Genderfluid,101.159.26.217
622,Dory,Sumers,dsumersh9@live.com,Male,136.21.253.15
623,Lothario,Bust,lbustha@ameblo.jp,Male,12.96.116.3
624,Giordano,Malling,gmallinghb@youku.com,Male,221.160.76.155
625,Fawn,Latta,flattahc@issuu.com,Female,214.53.109.250
626,Jerrie,Earengey,jearengeyhd@admin.ch,Male,116.172.183.160
627,Dukie,Santhouse,dsanthousehe@loc.gov,Male,104.237.92.49
628,Faustine,Fairholme,ffairholmehf@pagesperso-orange.fr,Female,9.200.244.238
629,Orion,Kuhle,okuhlehg@wikipedia.org,Male,188.3.58.33
630,Bradney,Spensly,bspenslyhh@imageshack.us,Male,189.13.178.253
631,Janna,Savege,jsavegehi@cbc.ca,Female,5.48.157.210
632,Armstrong,Bourdice,abourdicehj@google.ca,Male,1.153.80.66
633,Wainwright,Anthoine,wanthoinehk@example.com,Male,85.204.202.96
634,Cello,Brearty,cbreartyhl@bbc.co.uk,Male,69.211.93.223
635,Friederike,Fairfull,ffairfullhm@goodreads.com,Female,55.240.63.204
636,Vin,Markwelley,vmarkwelleyhn@spiegel.de,Female,214.49.122.164
637,Obed,Knuckles,oknucklesho@smugmug.com,Male,83.236.35.181
638,Trix,McKeefry,tmckeefryhp@over-blog.com,Female,207.254.99.156
639,Marlow,Lethbridge,mlethbridgehq@salon.com,Male,44.109.13.53
640,Wilhelm,Gilbard,wgilbardhr@cmu.edu,Male,80.5.94.213
641,Chance,Hindge,chindgehs@shareasale.com,Male,61.153.66.154
642,Jase,England,jenglandht@jimdo.com,Male,95.139.142.4
643,Laird,Lambotin,llambotinhu@who.int,Male,130.196.85.57
644,Willy,Kembrey,wkembreyhv@google.pl,Male,176.84.1.28
645,Bart,Brammar,bbrammarhw@topsy.com,Male,221.121.14.42
646,Gherardo,Littlechild,glittlechildhx@stumbleupon.com,Agender,196.65.155.179
647,Dione,Predohl,dpredohlhy@salon.com,Female,47.218.88.247
648,Meyer,Dullaghan,mdullaghanhz@scribd.com,Male,17.60.87.21
649,Kimmi,M'Barron,kmbarroni0@themeforest.net,Female,255.134.17.187
650,Marieann,Lamberti,mlambertii1@hao123.com,Female,79.110.253.16
651,Neel,Haugh,nhaughi2@slideshare.net,Male,174.101.45.25
652,Yorke,Maestrini,ymaestrinii3@salon.com,Male,136.244.97.81
653,Ciel,Stobbs,cstobbsi4@nyu.edu,Female,105.199.244.21
654,Eleen,McGuff,emcguffi5@ox.ac.uk,Female,48.165.84.11
655,Gilberto,Gregorio,ggregorioi6@newyorker.com,Male,24.105.157.27
656,Honey,Quantrell,hquantrelli7@independent.co.uk,Female,84.193.45.224
657,Pierrette,Errol,perroli8@bluehost.com,Genderqueer,43.101.111.219
658,Ev,Casier,ecasieri9@lycos.com,Male,193.33.199.161
659,Esmaria,Thonason,ethonasonia@loc.gov,Female,121.95.179.135
660,Porter,Doodney,pdoodneyib@wix.com,Male,2.197.224.107
661,Hamid,Simson,hsimsonic@google.ca,Male,13.125.20.19
662,Janetta,Sidden,jsiddenid@dagondesign.com,Female,183.212.182.88
663,Asher,L' Estrange,alestrangeie@mysql.com,Male,114.77.188.151
664,Hyatt,Binfield,hbinfieldif@google.nl,Genderqueer,52.68.16.152
665,Edeline,Hawking,ehawkingig@ovh.net,Female,184.67.12.188
666,Dyan,Climson,dclimsonih@goo.gl,Female,215.233.34.138
667,Rasia,Troppmann,rtroppmannii@people.com.cn,Female,44.214.106.147
668,Glenn,Braune,gbrauneij@hugedomains.com,Male,211.15.152.213
669,Marius,Brazener,mbrazenerik@yandex.ru,Male,34.94.66.221
670,Dalt,Coenraets,dcoenraetsil@marketwatch.com,Male,154.209.49.123
671,Callida,Bauser,cbauserim@google.es,Female,226.202.237.45
672,Waylen,Trude,wtrudein@telegraph.co.uk,Male,115.18.247.10
673,Rockey,Brothwell,rbrothwellio@dyndns.org,Male,218.211.187.212
674,Brigit,Vodden,bvoddenip@jigsy.com,Female,129.6.205.217
675,Gussie,Bendelow,gbendelowiq@e-recht24.de,Female,38.170.46.85
676,Nickie,Steen,nsteenir@behance.net,Male,85.191.122.8
677,Nyssa,Mendus,nmendusis@army.mil,Female,86.183.152.255
678,Mala,Fishbourne,mfishbourneit@wiley.com,Genderfluid,64.24.34.226
679,Ginevra,Hastie,ghastieiu@usgs.gov,Female,126.32.18.42
680,Etti,Mottini,emottiniiv@wikimedia.org,Female,185.121.227.65
681,Jacquenette,Pinks,jpinksiw@comsenz.com,Female,17.178.47.178
682,Marsh,Roche,mrocheix@sogou.com,Male,151.32.133.233
683,Ame,Redmain,aredmainiy@adobe.com,Female,61.43.90.229
684,Benoit,Gocher,bgocheriz@samsung.com,Male,40.115.167.54
685,Ellyn,Euels,eeuelsj0@photobucket.com,Female,218.177.240.147
686,Lyndsay,Bothams,lbothamsj1@scribd.com,Female,91.125.158.232
687,Rozalin,Dameisele,rdameiselej2@163.com,Female,100.75.98.6
688,Eba,Abbs,eabbsj3@cbslocal.com,Female,225.27.104.128
689,Joanie,Slyford,jslyfordj4@tuttocitta.it,Female,213.102.172.118
690,Herrick,McIlenna,hmcilennaj5@usnews.com,Male,232.106.211.5
691,Alidia,Scuffham,ascuffhamj6@chronoengine.com,Female,0.162.83.25
692,Chrissy,Aery,caeryj7@latimes.com,Female,104.175.68.200
693,Moore,Reddlesden,mreddlesdenj8@nba.com,Agender,18.80.173.119
694,Erna,Ransbury,eransburyj9@skype.com,Female,30.3.241.44
695,Levey,Baltrushaitis,lbaltrushaitisja@berkeley.edu,Male,70.47.191.211
696,Dot,Goncalo,dgoncalojb@networkadvertising.org,Female,178.252.157.70
697,Coleman,Westfield,cwestfieldjc@imgur.com,Male,28.139.166.123
698,Cyndie,Joynson,cjoynsonjd@loc.gov,Female,240.243.83.214
699,Randall,Wilkenson,rwilkensonje@cmu.edu,Male,29.225.152.240
700,Patrizius,Pandie,ppandiejf@berkeley.edu,Male,233.220.36.187
701,Selia,Velareal,svelarealjg@unblog.fr,Female,81.217.242.116
702,Lucila,Lampen,llampenjh@weather.com,Female,159.100.198.243
703,Sindee,Ghiroldi,sghiroldiji@mit.edu,Female,251.192.208.140
704,Rivalee,Mepham,rmephamjj@nih.gov,Female,247.252.253.21
705,Cornelle,Raeside,craesidejk@admin.ch,Female,128.236.3.105
706,Elysia,Larratt,elarrattjl@epa.gov,Agender,236.30.55.15
707,Sauncho,Naldrett,snaldrettjm@imageshack.us,Male,87.247.95.85
708,Poul,Winspar,pwinsparjn@mapquest.com,Male,189.145.110.226
709,Car,Kesterton,ckestertonjo@ted.com,Male,76.35.229.143
710,Petra,Irnis,pirnisjp@unicef.org,Female,60.197.204.192
711,Izak,Ruddin,iruddinjq@baidu.com,Male,226.62.118.151
712,Shanta,Parkeson,sparkesonjr@earthlink.net,Female,5.224.254.90
713,Chevalier,MacCarroll,cmaccarrolljs@etsy.com,Male,155.2.25.47
714,Gawen,Giacobazzi,ggiacobazzijt@fastcompany.com,Male,126.146.41.39
715,Farlie,Duckitt,fduckittju@vinaora.com,Male,214.235.205.228
716,Janet,Cereceres,jcereceresjv@hugedomains.com,Female,160.222.28.89
717,Laurice,Rillstone,lrillstonejw@sina.com.cn,Female,75.99.238.210
718,Maribeth,Dosdale,mdosdalejx@163.com,Genderfluid,79.10.236.184
719,Dory,O'Dougherty,dodoughertyjy@toplist.cz,Genderqueer,206.127.193.19
720,Shanie,Kensall,skensalljz@godaddy.com,Female,87.216.9.231
721,Ernesto,Legges,eleggesk0@desdev.cn,Bigender,215.238.195.62
722,Earle,Bardill,ebardillk1@admin.ch,Male,91.5.99.74
723,Elnora,Shotter,eshotterk2@jiathis.com,Female,246.117.189.162
724,Jenica,Shepton,jsheptonk3@gov.uk,Female,108.35.84.20
725,Candis,Grayshon,cgrayshonk4@macromedia.com,Female,123.222.185.68
726,Raleigh,Ellwell,rellwellk5@sohu.com,Male,57.174.242.177
727,Eugenio,Ranscombe,eranscombek6@slideshare.net,Male,182.51.195.181
728,Benito,Kinghorne,bkinghornek7@toplist.cz,Male,148.43.223.11
729,Nicky,Gateley,ngateleyk8@theglobeandmail.com,Female,213.25.29.70
730,Lowrance,Lantiffe,llantiffek9@usgs.gov,Male,11.37.117.214
731,Alyosha,Boldra,aboldraka@senate.gov,Male,210.213.255.10
732,Aldric,Spikins,aspikinskb@state.tx.us,Genderfluid,173.138.182.243
733,Mar,Boyington,mboyingtonkc@ning.com,Male,116.52.224.53
734,Culley,Pettit,cpettitkd@yelp.com,Male,150.153.6.197
735,Valentina,Tuckerman,vtuckermanke@engadget.com,Female,228.173.245.180
736,Nanice,Bernli,nbernlikf@youtube.com,Female,236.233.10.184
737,Wendye,Pittway,wpittwaykg@parallels.com,Female,142.123.19.169
738,Jewelle,Keegan,jkeegankh@acquirethisname.com,Female,44.36.84.201
739,Eric,Hay,ehayki@cbsnews.com,Male,110.77.166.64
740,Jolee,O'Meara,jomearakj@economist.com,Female,68.241.138.219
741,Theodoric,Brixham,tbrixhamkk@statcounter.com,Male,193.74.195.52
742,Brina,Kinloch,bkinlochkl@jiathis.com,Female,215.118.118.83
743,Brooke,Soggee,bsoggeekm@webeden.co.uk,Female,98.114.75.218
744,Raff,Pitcher,rpitcherkn@pinterest.com,Male,3.66.240.70
745,Brent,Oventon,boventonko@ca.gov,Male,36.94.140.161
746,Lovell,Deport,ldeportkp@altervista.org,Male,206.66.201.227
747,Sandy,Takkos,stakkoskq@1688.com,Female,150.192.196.60
748,Alfonso,Bachelor,abachelorkr@sun.com,Male,70.48.109.26
749,Titus,Proughten,tproughtenks@baidu.com,Male,59.52.80.80
750,Alanna,Mournian,amourniankt@cargocollective.com,Female,115.76.239.104
751,Rowney,MacMenamie,rmacmenamieku@mozilla.org,Male,159.46.32.253
752,Teador,Brookes,tbrookeskv@europa.eu,Male,193.30.142.218
753,Paulie,Ewington,pewingtonkw@gizmodo.com,Male,39.218.136.254
754,Neilla,O'Halloran,nohallorankx@uiuc.edu,Female,157.204.115.216
755,Lynett,Isenor,lisenorky@desdev.cn,Female,191.80.37.140
756,Melba,Tooley,mtooleykz@imgur.com,Genderfluid,50.18.74.254
757,Bibby,Murley,bmurleyl0@themeforest.net,Female,28.0.84.244
758,Celine,Raleston,cralestonl1@jimdo.com,Female,59.113.14.249
759,Eimile,Misson,emissonl2@cyberchimps.com,Female,113.162.81.169
760,Chelsea,Bough,cboughl3@chronoengine.com,Female,167.12.177.70
761,Murdock,Cattroll,mcattrolll4@indiatimes.com,Male,72.244.1.113
762,Dieter,Maskell,dmaskelll5@cyberchimps.com,Male,69.67.110.8
763,Lori,Rediers,lrediersl6@java.com,Female,239.45.28.44
764,Dyan,Crosetto,dcrosettol7@addtoany.com,Female,169.155.174.176
765,Guilbert,Janny,gjannyl8@over-blog.com,Male,103.94.86.143
766,Bel,Zavattieri,bzavattieril9@about.me,Female,80.221.97.82
767,Thacher,Sigsworth,tsigsworthla@nifty.com,Male,48.108.198.169
768,Allegra,Lawfull,alawfulllb@so-net.ne.jp,Female,184.97.221.244
769,Adriano,Grishukhin,agrishukhinlc@nymag.com,Male,232.191.4.211
770,Nelli,Rubinowicz,nrubinowiczld@dion.ne.jp,Female,176.74.44.40
771,Darin,Pulham,dpulhamle@timesonline.co.uk,Male,8.117.175.44
772,Fayette,Raddan,fraddanlf@theglobeandmail.com,Polygender,49.152.244.115
773,Alison,Vila,avilalg@bbb.org,Female,56.254.176.227
774,Ginevra,Jecks,gjeckslh@bluehost.com,Female,204.80.18.52
775,Darsie,Waryk,dwarykli@accuweather.com,Female,190.130.146.212
776,Shannan,Cuesta,scuestalj@indiegogo.com,Male,45.255.113.129
777,Crissie,Kerley,ckerleylk@washington.edu,Female,203.187.12.81
778,Kain,McGuirk,kmcguirkll@redcross.org,Male,251.193.108.204
779,Enrico,Axford,eaxfordlm@nsw.gov.au,Male,237.118.195.234
780,Prentice,Vine,pvineln@twitpic.com,Male,194.226.165.173
781,Galven,Kilgallen,gkilgallenlo@tinypic.com,Male,110.17.181.196
782,Solomon,Dadswell,sdadswelllp@eepurl.com,Male,145.68.225.195
783,Costanza,Derrington,cderringtonlq@zimbio.com,Female,52.69.132.135
784,Trey,Jedrzejkiewicz,tjedrzejkiewiczlr@gov.uk,Male,36.138.178.225
785,Valdemar,Kluss,vklussls@tiny.cc,Male,243.90.197.134
786,Suzette,Jewster,sjewsterlt@tripadvisor.com,Female,222.130.63.10
787,Lexis,Dumbrell,ldumbrelllu@prnewswire.com,Female,54.103.211.153
788,Catlin,Syson,csysonlv@cisco.com,Female,192.213.222.81
789,Christos,Bielefeld,cbielefeldlw@netlog.com,Male,142.250.246.254
790,Dar,Orthmann,dorthmannlx@sina.com.cn,Male,119.223.8.156
791,Maribeth,Cordsen,mcordsenly@altervista.org,Female,80.239.210.230
792,Nefen,Mendes,nmendeslz@zimbio.com,Male,196.170.214.52
793,Tish,Colbran,tcolbranm0@wiley.com,Bigender,211.167.18.173
794,Lucien,Memory,lmemorym1@va.gov,Male,210.71.245.134
795,Weston,Grise,wgrisem2@springer.com,Genderqueer,191.66.11.51
796,Kissee,Tatton,ktattonm3@java.com,Female,143.133.154.145
797,Sharai,McMurdo,smcmurdom4@chicagotribune.com,Female,244.156.147.215
798,Amby,Boston,abostonm5@cargocollective.com,Male,226.238.89.107
799,Thomasin,Cason,tcasonm6@hhs.gov,Female,59.107.61.250
800,Oliviero,Roumier,oroumierm7@hc360.com,Male,43.50.125.208
801,Marna,Teece,mteecem8@google.ca,Female,81.227.15.195
802,Hillyer,Rudinger,hrudingerm9@hugedomains.com,Male,225.255.124.225
803,Kippar,Rutigliano,krutiglianoma@google.co.jp,Male,101.19.233.60
804,Suzie,Coxhell,scoxhellmb@blogger.com,Female,165.151.105.255
805,Thorvald,Crowdson,tcrowdsonmc@meetup.com,Male,88.225.218.142
806,Hort,Da Costa,hdacostamd@freewebs.com,Male,20.113.177.5
807,Wolfgang,Callaghan,wcallaghanme@addtoany.com,Male,23.34.214.206
808,Rosalia,Kiddell,rkiddellmf@ezinearticles.com,Female,136.93.59.223
809,Royal,Wegman,rwegmanmg@businessweek.com,Male,58.21.14.170
810,Anselm,Sillick,asillickmh@fc2.com,Male,37.163.86.246
811,Karolina,Audry,kaudrymi@zdnet.com,Female,126.124.13.229
812,Conny,Longhorne,clonghornemj@mashable.com,Genderqueer,50.118.6.251
813,Adrian,Briers,abriersmk@twitpic.com,Male,53.0.233.237
814,Clement,Cowling,ccowlingml@fotki.com,Male,185.22.4.3
815,Conrade,Romushkin,cromushkinmm@opera.com,Male,138.30.197.106
816,Pincas,Devonald,pdevonaldmn@unesco.org,Male,101.76.62.170
817,Nancie,Celier,nceliermo@weebly.com,Female,45.121.184.148
818,Valli,Yoseloff,vyoseloffmp@imgur.com,Female,7.49.171.22
819,Marjie,McQuillin,mmcquillinmq@craigslist.org,Genderqueer,39.88.101.93
820,Dre,Burry,dburrymr@people.com.cn,Female,183.141.181.32
821,Kirk,Benini,kbeninims@51.la,Male,173.190.151.71
822,Candide,Belcher,cbelchermt@indiatimes.com,Bigender,52.54.62.69
823,Prince,Willgoose,pwillgoosemu@ebay.co.uk,Male,57.177.35.32
824,Ardine,McMechan,amcmechanmv@loc.gov,Female,226.7.8.6
825,Francene,Jebb,fjebbmw@odnoklassniki.ru,Female,251.90.150.238
826,Miguelita,Klosa,mklosamx@over-blog.com,Female,153.229.60.247
827,Blakelee,Daughtrey,bdaughtreymy@csmonitor.com,Polygender,7.253.141.156
828,Kimmie,Foxton,kfoxtonmz@gizmodo.com,Female,220.76.101.30
829,Dionisio,Tacker,dtackern0@blog.com,Male,155.128.248.21
830,Der,De Robertis,dderobertisn1@blogger.com,Non-binary,196.18.152.9
831,Bordie,Bemment,bbemmentn2@auda.org.au,Male,237.150.75.92
832,Christin,Klejna,cklejnan3@macromedia.com,Female,100.217.150.163
833,Joshia,Alban,jalbann4@google.es,Male,203.108.217.104
834,Burke,Carden,bcardenn5@cam.ac.uk,Genderfluid,8.183.190.3
835,Denni,Cescot,dcescotn6@networksolutions.com,Female,126.81.121.25
836,Dix,Vanyushkin,dvanyushkinn7@qq.com,Female,27.180.177.144
837,Rachel,Gosnoll,rgosnolln8@seattletimes.com,Non-binary,103.61.218.244
838,Pebrook,L' Estrange,plestrangen9@mozilla.org,Male,37.85.175.34
839,Adelaide,McWhirter,amcwhirterna@vkontakte.ru,Female,64.123.251.42
840,Augustine,Desforges,adesforgesnb@over-blog.com,Genderfluid,57.65.103.27
841,Mack,Hagyard,mhagyardnc@yahoo.co.jp,Male,183.227.192.221
842,Harv,Van der Velden,hvanderveldennd@51.la,Polygender,219.248.76.35
843,Norton,Pretsel,npretselne@jugem.jp,Male,46.161.231.90
844,Filide,Shilston,fshilstonnf@google.com,Female,80.151.7.157
845,Arleta,Banbrook,abanbrookng@163.com,Female,228.195.238.44
846,Bertrand,Swyne,bswynenh@ted.com,Male,196.188.12.222
847,Paddie,Heijnen,pheijnenni@trellian.com,Male,57.145.227.193
848,Sayres,Dilger,sdilgernj@foxnews.com,Male,123.188.18.86
849,Damon,Oldaker,doldakernk@dyndns.org,Male,4.60.126.168
850,Ker,Burn,kburnnl@netscape.com,Male,235.104.152.35
851,Birch,Pascow,bpascownm@gravatar.com,Male,84.182.193.83
852,Vicky,Korb,vkorbnn@taobao.com,Female,150.244.205.187
853,Kim,Guihen,kguihenno@google.pl,Male,15.61.26.235
854,Garth,Jobe,gjobenp@360.cn,Male,89.49.61.226
855,Gib,Defraine,gdefrainenq@goodreads.com,Male,110.220.90.203
856,Frannie,Meharg,fmehargnr@ycombinator.com,Male,183.10.168.253
857,Melodee,Suller,msullerns@discovery.com,Genderfluid,130.165.173.6
858,Ebenezer,O'Dea,eodeant@vinaora.com,Bigender,86.41.182.53
859,Marna,Duffell,mduffellnu@dion.ne.jp,Female,59.97.136.130
860,Christalle,Usborn,cusbornnv@diigo.com,Non-binary,162.9.204.80
861,Natale,Broadhurst,nbroadhurstnw@si.edu,Male,91.223.60.87
862,Hodge,Mundee,hmundeenx@cdbaby.com,Male,44.108.248.117
863,Anestassia,Minico,aminicony@hc360.com,Female,125.232.72.55
864,Saxon,Drache,sdrachenz@oaic.gov.au,Male,156.182.102.253
865,Granger,Grodden,ggroddeno0@zimbio.com,Male,108.171.14.235
866,Romola,O'Roan,roroano1@blog.com,Female,242.111.195.121
867,Raoul,Pengilly,rpengillyo2@bing.com,Male,178.236.88.95
868,Karel,Maryott,kmaryotto3@cdbaby.com,Male,163.202.225.168
869,Pepi,Masey,pmaseyo4@plala.or.jp,Female,154.71.254.242
870,Tadio,Hanscome,thanscomeo5@unc.edu,Male,58.202.130.28
871,Kandace,Charte,kcharteo6@ca.gov,Female,146.185.190.41
872,Dorene,Humbles,dhumbleso7@patch.com,Female,99.243.42.246
873,Roderick,Boichat,rboichato8@ning.com,Male,213.183.130.220
874,Vera,Duesberry,vduesberryo9@amazon.de,Female,80.234.224.211
875,Lanny,Fallawe,lfallaweoa@csmonitor.com,Male,75.12.214.76
876,Harlan,Bluck,hbluckob@wsj.com,Male,2.133.37.119
877,Harriet,Woodier,hwoodieroc@apache.org,Female,224.52.76.143
878,Nickolai,Maceur,nmaceurod@symantec.com,Male,185.151.59.110
879,Bastian,Lindborg,blindborgoe@msn.com,Male,41.16.20.234
880,Terrence,Burren,tburrenof@unc.edu,Male,83.154.14.34
881,Jessy,Balhatchet,jbalhatchetog@japanpost.jp,Female,245.14.231.54
882,Morgun,Petraitis,mpetraitisoh@vimeo.com,Male,56.43.190.68
883,Odetta,Jakubczyk,ojakubczykoi@webs.com,Female,116.7.235.44
884,Herman,Mattek,hmattekoj@gizmodo.com,Male,202.173.205.97
885,Brad,Dolle,bdolleok@skype.com,Male,208.163.186.223
886,Padraic,Samet,psametol@skyrock.com,Male,97.59.22.252
887,Tyler,Roels,troelsom@patch.com,Polygender,32.212.97.52
888,Keri,Goseling,kgoselingon@macromedia.com,Female,206.143.32.254
889,Roderick,Boyall,rboyalloo@webnode.com,Male,60.222.232.48
890,Daphna,Warriner,dwarrinerop@craigslist.org,Female,116.213.148.249
891,Francis,Gabotti,fgabottioq@booking.com,Male,232.186.73.73
892,Geri,Sinnat,gsinnator@house.gov,Male,115.188.225.120
893,Letty,Noli,lnolios@nba.com,Female,66.224.72.218
894,Maible,Gavey,mgaveyot@sphinn.com,Female,214.178.97.210
895,Patrice,Seawell,pseawellou@mapquest.com,Female,225.70.202.74
896,Saudra,Piers,spiersov@hud.gov,Female,235.155.194.212
897,Glenna,Durrett,gdurrettow@nasa.gov,Female,98.20.98.10
898,Waylon,Cotty,wcottyox@discovery.com,Male,208.238.145.190
899,Lyndsie,Timms,ltimmsoy@nbcnews.com,Female,53.27.98.240
900,Elia,Glendzer,eglendzeroz@1und1.de,Male,56.161.67.29
901,Penelope,oldey,poldeyp0@npr.org,Female,93.162.213.135
902,Cristina,Worlock,cworlockp1@t.co,Female,177.228.202.174
903,Godart,O'Hartagan,gohartaganp2@cloudflare.com,Male,58.61.37.240
904,Drusy,Harradine,dharradinep3@sun.com,Female,116.217.94.183
905,Son,Taylder,staylderp4@dell.com,Male,148.91.74.238
906,Ronni,Rawlingson,rrawlingsonp5@nbcnews.com,Female,84.8.79.97
907,Gino,Dehn,gdehnp6@jalbum.net,Male,154.137.214.221
908,Kimberli,Pigrome,kpigromep7@java.com,Female,108.44.78.40
909,Wildon,Jakucewicz,wjakucewiczp8@telegraph.co.uk,Male,183.31.233.2
910,Vinson,Couvert,vcouvertp9@eepurl.com,Male,57.9.123.231
911,Herby,Elie,heliepa@baidu.com,Male,87.60.124.223
912,Margeaux,Eallis,meallispb@about.me,Female,100.220.218.60
913,Pennie,De L'Isle,pdelislepc@ezinearticles.com,Female,216.77.83.219
914,Chastity,Tatnell,ctatnellpd@sciencedaily.com,Female,188.70.160.14
915,Glennis,Matsell,gmatsellpe@adobe.com,Genderqueer,133.61.184.255
916,Kirbee,Stivers,kstiverspf@eventbrite.com,Female,184.234.117.4
917,Gale,Clohisey,gclohiseypg@marriott.com,Female,191.46.144.233
918,Prisca,Orrick,porrickph@nps.gov,Female,163.96.151.194
919,Meredeth,Rupprecht,mrupprechtpi@eventbrite.com,Male,25.134.187.111
920,Jori,Ivasechko,jivasechkopj@booking.com,Female,93.240.184.124
921,Arlen,Prisley,aprisleypk@auda.org.au,Female,190.178.212.82
922,Percy,Hannabus,phannabuspl@uol.com.br,Male,65.29.68.63
923,Ludvig,Magauran,lmagauranpm@examiner.com,Male,58.102.34.135
924,Britteny,Rawcliffe,brawcliffepn@1688.com,Genderqueer,220.135.138.32
925,Tildy,Murdy,tmurdypo@meetup.com,Female,97.12.80.128
926,Shaun,Varvara,svarvarapp@whitehouse.gov,Male,244.175.43.24
927,Maryrose,Bunkle,mbunklepq@so-net.ne.jp,Female,102.61.112.114
928,Maurise,Croci,mcrocipr@state.tx.us,Female,3.129.254.65
929,Chrissy,Luton,clutonps@marriott.com,Male,93.215.69.212
930,Bathsheba,Croci,bcrocipt@google.de,Genderqueer,194.240.95.192
931,Ethe,Plewes,eplewespu@gravatar.com,Male,69.115.134.79
932,Bartlet,Kretschmer,bkretschmerpv@friendfeed.com,Male,75.111.57.146
933,Winni,Binch,wbinchpw@fotki.com,Bigender,69.122.145.12
934,Rudolfo,Winspeare,rwinspearepx@webs.com,Male,99.22.227.218
935,Alastair,Fortesquieu,afortesquieupy@nasa.gov,Male,160.91.179.126
936,Ealasaid,Hedney,ehedneypz@odnoklassniki.ru,Female,22.173.142.237
937,Costanza,Suller,csullerq0@cam.ac.uk,Female,245.87.43.250
938,Cindi,Fittes,cfittesq1@blogger.com,Female,172.105.5.80
939,Allyn,Eccles,aecclesq2@creativecommons.org,Male,184.187.165.50
940,Rinaldo,Restorick,rrestorickq3@netlog.com,Male,150.166.30.21
941,Imogene,Ezzle,iezzleq4@biglobe.ne.jp,Female,194.91.231.209
942,Dorine,Buche,dbucheq5@devhub.com,Female,201.209.195.250
943,Gaultiero,Couzens,gcouzensq6@boston.com,Male,159.58.11.223
944,Lilla,Halfhyde,lhalfhydeq7@wisc.edu,Female,92.194.133.213
945,Wittie,Mackieson,wmackiesonq8@1688.com,Polygender,30.53.61.54
946,Rica,Bugdell,rbugdellq9@webnode.com,Female,221.129.69.62
947,Alia,Lonnon,alonnonqa@so-net.ne.jp,Female,254.231.252.133
948,Ruddie,Lathe,rlatheqb@geocities.com,Male,54.194.47.207
949,Sabra,Bilby,sbilbyqc@de.vu,Female,131.178.45.255
950,Eileen,Chasteney,echasteneyqd@4shared.com,Female,105.143.81.55
951,Jill,Bleeze,jbleezeqe@parallels.com,Female,141.56.19.183
952,Armando,Rosbotham,arosbothamqf@psu.edu,Male,227.89.189.196
953,Westbrook,Botham,wbothamqg@vimeo.com,Agender,222.23.157.96
954,Janette,Matous,jmatousqh@utexas.edu,Female,27.116.67.241
955,Pattie,Greatbatch,pgreatbatchqi@taobao.com,Male,71.87.196.244
956,Johannah,Dust,jdustqj@weibo.com,Genderqueer,47.212.224.5
957,Karia,McCullouch,kmccullouchqk@yahoo.com,Female,13.202.45.72
958,Halli,Stoddart,hstoddartql@home.pl,Female,107.79.28.13
959,Sanderson,Yon,syonqm@blog.com,Male,64.254.5.106
960,Dionisio,Ganter,dganterqn@tripadvisor.com,Male,146.77.64.151
961,Lauryn,Krishtopaittis,lkrishtopaittisqo@squarespace.com,Female,21.177.3.99
962,Jewel,Allmark,jallmarkqp@desdev.cn,Female,246.4.197.126
963,Maurita,MacNeice,mmacneiceqq@house.gov,Polygender,94.54.143.118
964,Cozmo,Neat,cneatqr@meetup.com,Male,246.220.247.200
965,Wallache,Benkin,wbenkinqs@blogspot.com,Male,109.212.189.252
966,Bridie,Casebourne,bcasebourneqt@tinypic.com,Female,217.19.82.160
967,Elberta,Fraine,efrainequ@de.vu,Female,216.167.171.222
968,Morley,Seeman,mseemanqv@apache.org,Male,81.43.236.120
969,Selena,Whitsey,swhitseyqw@ihg.com,Female,238.119.68.218
970,Brade,Nolin,bnolinqx@studiopress.com,Male,90.123.124.171
971,Chantalle,Capenor,ccapenorqy@vistaprint.com,Female,124.117.88.251
972,Tana,Jaulme,tjaulmeqz@usatoday.com,Female,158.50.248.246
973,Vonni,Le Grice,vlegricer0@merriam-webster.com,Female,118.151.242.123
974,Manda,Arnley,marnleyr1@kickstarter.com,Female,136.79.220.38
975,Rhett,Gloyens,rgloyensr2@is.gd,Male,203.150.130.218
976,Linoel,Ozanne,lozanner3@hexun.com,Male,169.106.162.7
977,Fraze,Cassius,fcassiusr4@tumblr.com,Male,13.199.207.29
978,Maggy,Housbie,mhousbier5@vimeo.com,Female,128.211.144.68
979,Ellwood,Exroll,eexrollr6@home.pl,Male,68.54.127.154
980,Ann-marie,Lorait,aloraitr7@behance.net,Female,144.63.251.179
981,Modestine,Bunston,mbunstonr8@sphinn.com,Female,255.254.150.115
982,Amalle,Durand,adurandr9@naver.com,Female,179.110.39.34
983,Cordelia,Bouttell,cbouttellra@nasa.gov,Female,90.33.168.135
984,Maddy,Willgoss,mwillgossrb@live.com,Female,146.168.53.16
985,Brianna,Nancarrow,bnancarrowrc@usda.gov,Female,130.144.76.74
986,Marlowe,Glendza,mglendzard@huffingtonpost.com,Male,186.122.8.215
987,Ringo,Pechell,rpechellre@weibo.com,Male,229.46.180.229
988,Susanetta,Olivey,soliveyrf@ed.gov,Female,4.91.177.201
989,Rosemarie,Yekel,ryekelrg@omniture.com,Female,11.103.144.106
990,Marillin,Reddlesden,mreddlesdenrh@businesswire.com,Female,198.61.75.240
991,Thain,Cartin,tcartinri@cnbc.com,Male,158.159.77.42
992,Locke,Murrhaupt,lmurrhauptrj@pagesperso-orange.fr,Male,252.11.182.22
993,Gregorius,Tillard,gtillardrk@issuu.com,Male,48.120.254.190
994,Trista,Springett,tspringettrl@blog.com,Bigender,166.78.190.252
995,Lynnett,Dibnah,ldibnahrm@hubpages.com,Female,132.214.208.238
996,Garrick,Fuzzard,gfuzzardrn@apache.org,Bigender,22.124.94.127
997,Corbie,Kauschke,ckauschkero@reddit.com,Male,43.245.99.182
998,Manny,Bradburn,mbradburnrp@goo.ne.jp,Male,250.120.18.15
999,Cassie,Strutt,cstruttrq@soundcloud.com,Female,235.248.88.173
1000,Sella,Willingam,swillingamrr@cnbc.com,Female,170.158.87.209
