id,first_name,last_name,email,gender,ip_address
1,Philipa,Olivello,polivello0@liveinternet.ru,Female,220.215.73.107
2,Brandy,Labusch,blabusch1@360.cn,Female,213.247.71.53
3,Keelia,Cain,kcain2@blogs.com,Female,152.169.99.74
4,Tucky,Dyka,tdyka3@furl.net,Genderqueer,187.157.89.50
5,Philippe,Balaisot,pbalaisot4@admin.ch,Non-binary,144.101.196.148
6,Lothario,Alkin,lalkin5@bloglines.com,Bigender,40.159.67.91
7,Oralie,Ollerton,oollerton6@ning.com,Female,92.164.66.44
8,Brynn,Rea,brea7@woothemes.com,Female,56.14.154.47
9,Hana,Brignall,hbrignall8@lycos.com,Female,115.243.150.195
10,Dominic,Pavier,dpavier9@patch.com,Male,142.185.204.225
11,Franky,Pillans,fpillansa@123-reg.co.uk,Male,234.202.107.81
12,Rutherford,Crennan,rcrennanb@si.edu,Male,37.70.1.159
13,Jodie,Pigeram,jpigeramc@loc.gov,Female,40.52.118.140
14,Dilan,Sturte,dsturted@youtu.be,Genderfluid,112.100.76.156
15,Carma,Etoile,cetoilee@prnewswire.com,Agender,26.32.83.75
16,Carita,Bakeup,cbakeupf@weibo.com,Female,11.103.79.22
17,Sergeant,Kampshell,skampshellg@apache.org,Male,60.59.238.18
18,Reidar,Dugget,rduggeth@eventbrite.com,Bigender,189.13.190.117
19,Hester,Josum,hjosumi@acquirethisname.com,Female,248.231.168.151
20,Gib,Truluck,gtruluckj@utexas.edu,Male,11.214.135.157
21,Arvy,Vayne,avaynek@hud.gov,Male,105.178.34.124
22,Caitlin,Ivashkin,civashkinl@live.com,Female,213.178.253.227
23,Cort,Hanscome,chanscomem@phpbb.com,Male,82.207.102.28
24,Clarice,McWhirter,cmcwhirtern@amazon.com,Female,127.247.242.254
25,Giustina,Trounce,gtrounceo@msu.edu,Female,47.230.30.65
26,Trish,Brockbank,tbrockbankp@ezinearticles.com,Female,6.228.19.54
27,Alejoa,Drynan,adrynanq@ask.com,Male,31.86.95.71
28,Jasper,Silmon,jsilmonr@auda.org.au,Male,111.44.207.87
29,Karlotte,Strutton,kstruttons@scientificamerican.com,Female,191.86.64.216
30,Denyse,Jemmison,djemmisont@chicagotribune.com,Bigender,138.197.188.69
31,Norrie,Gonthier,ngonthieru@nhs.uk,Non-binary,178.249.30.98
32,Grissel,Sames,gsamesv@archive.org,Female,95.243.192.240
33,Mitchell,Oglevie,mogleview@businessweek.com,Male,157.111.48.190
34,Ingelbert,Bloom,ibloomx@bizjournals.com,Male,24.59.157.204
35,Roze,Quye,rquyey@about.me,Female,199.186.135.3
36,Lek,Youd,lyoudz@thetimes.co.uk,Male,105.161.48.19
37,Marylin,Paule,mpaule10@oracle.com,Female,33.204.118.97
38,Katlin,Boyle,kboyle11@netlog.com,Female,196.183.19.36
39,Enos,Leander,eleander12@yolasite.com,Male,22.168.246.183
40,Heddie,Baswall,hbaswall13@weebly.com,Female,190.28.105.227
41,Corrine,Smitheram,csmitheram14@eventbrite.com,Female,155.37.78.15
42,Gabby,Otson,gotson15@skype.com,Male,80.20.122.197
43,Barbe,McGookin,bmcgookin16@accuweather.com,Female,246.195.34.133
44,Coral,Barbe,cbarbe17@toplist.cz,Bigender,103.128.234.110
45,Martie,Devote,mdevote18@github.io,Male,24.95.162.95
46,Melosa,Gritsunov,mgritsunov19@timesonline.co.uk,Female,213.18.16.237
47,Vidovik,Andover,vandover1a@npr.org,Male,255.2.163.182
48,Sasha,Evenden,sevenden1b@wp.com,Female,125.115.108.46
49,Clerc,Boulter,cboulter1c@posterous.com,Male,196.11.225.125
50,Merlina,Beastall,mbeastall1d@shinystat.com,Female,107.105.98.48
51,Oswald,Stringman,ostringman1e@mashable.com,Male,139.21.189.236
52,Alberik,Lattin,alattin1f@ftc.gov,Male,126.223.216.35
53,Sandye,Simoes,ssimoes1g@weibo.com,Female,196.24.107.65
54,Enrika,Crosfeld,ecrosfeld1h@guardian.co.uk,Non-binary,122.146.81.4
55,Marleah,Jehu,mjehu1i@odnoklassniki.ru,Female,55.201.227.219
56,Henka,Kirmond,hkirmond1j@jiathis.com,Female,159.1.119.234
57,Perri,McIlwain,pmcilwain1k@washington.edu,Genderqueer,29.9.248.135
58,Kalie,Klement,kklement1l@tinyurl.com,Female,129.4.37.187
59,Agathe,Bittany,abittany1m@typepad.com,Genderfluid,142.199.194.88
60,Deerdre,Rumble,drumble1n@jalbum.net,Female,125.88.189.99
61,Liana,Longthorn,llongthorn1o@cargocollective.com,Female,14.37.142.169
62,Lona,Botler,lbotler1p@usa.gov,Female,231.242.45.70
63,Quintus,Juckes,qjuckes1q@elegantthemes.com,Male,39.120.145.227
64,Anastassia,Ferrucci,aferrucci1r@godaddy.com,Female,36.37.92.38
65,Dulcie,McCaughey,dmccaughey1s@intel.com,Female,218.160.138.124
66,Mallory,Archanbault,marchanbault1t@prnewswire.com,Female,154.194.114.159
67,Trevor,Finan,tfinan1u@networksolutions.com,Male,176.196.219.207
68,Matty,Pippin,mpippin1v@acquirethisname.com,Male,223.165.17.148
69,Ilene,Bonehill,ibonehill1w@bbc.co.uk,Female,93.40.231.175
70,Freddy,Son,fson1x@istockphoto.com,Female,140.200.34.191
71,Will,Brockton,wbrockton1y@miibeian.gov.cn,Male,129.126.78.182
72,Pietro,Sleeford,psleeford1z@un.org,Male,149.244.206.33
73,Rodi,Ducker,rducker20@printfriendly.com,Genderfluid,40.50.147.48
74,Ardyth,Ferber,aferber21@illinois.edu,Genderqueer,108.231.158.59
75,Kelley,Standfield,kstandfield22@nytimes.com,Male,102.70.50.227
76,Calla,Cota,ccota23@tripadvisor.com,Female,145.188.6.161
77,Raine,Daines,rdaines24@google.com,Female,72.110.113.90
78,Weidar,Koppelmann,wkoppelmann25@bloomberg.com,Male,161.209.111.177
79,Algernon,Abbs,aabbs26@nymag.com,Male,93.146.209.180
80,Darryl,Fairbairn,dfairbairn27@e-recht24.de,Female,124.89.105.22
81,Israel,Turbat,iturbat28@abc.net.au,Male,75.231.156.221
82,Kaine,Sutcliffe,ksutcliffe29@mayoclinic.com,Male,38.21.177.157
83,Sheffield,Issakov,sissakov2a@jalbum.net,Male,162.121.137.4
84,Ulrick,Altoft,ualtoft2b@va.gov,Male,153.255.177.2
85,Judah,Paule,jpaule2c@spiegel.de,Male,230.19.23.200
86,Martica,Boxe,mboxe2d@blog.com,Female,202.7.138.112
87,Betteann,Izakov,bizakov2e@dagondesign.com,Female,151.55.52.108
88,Brander,Glowacha,bglowacha2f@globo.com,Male,98.24.181.147
89,Andreas,Kinzel,akinzel2g@etsy.com,Male,210.175.49.163
90,Merridie,Teissier,mteissier2h@fda.gov,Female,166.135.211.25
91,Elva,Bagshaw,ebagshaw2i@chicagotribune.com,Female,229.217.151.225
92,Lance,Founds,lfounds2j@psu.edu,Male,109.17.151.96
93,Reube,McLugaish,rmclugaish2k@last.fm,Male,234.87.249.142
94,Bradley,Barnes,bbarnes2l@theatlantic.com,Male,11.8.109.226
95,Bobbi,Rosenberger,brosenberger2m@stumbleupon.com,Female,48.204.20.33
96,Sharyl,Hickisson,shickisson2n@liveinternet.ru,Female,104.140.217.250
97,Charmane,Wybern,cwybern2o@ebay.co.uk,Genderqueer,169.92.198.201
98,Iosep,Balderson,ibalderson2p@rakuten.co.jp,Male,155.18.134.44
99,Alice,Livingstone,alivingstone2q@webeden.co.uk,Female,105.108.138.40
100,Tirrell,De Gowe,tdegowe2r@soundcloud.com,Bigender,8.123.2.20
101,Sauveur,Wheeldon,swheeldon2s@nydailynews.com,Male,45.174.21.103
102,Chicky,Nickols,cnickols2t@gravatar.com,Female,96.190.86.123
103,Addy,Luscott,aluscott2u@utexas.edu,Bigender,235.129.17.45
104,Dierdre,Maudsley,dmaudsley2v@prweb.com,Bigender,107.86.64.128
105,Averell,Tuckwood,atuckwood2w@over-blog.com,Male,145.27.189.105
106,Alexandro,Kalf,akalf2x@discovery.com,Male,68.211.177.97
107,Jemimah,Ewbanke,jewbanke2y@icio.us,Female,106.54.142.247
108,Rockey,Jesse,rjesse2z@disqus.com,Male,216.72.25.113
109,Cornie,Beak,cbeak30@ftc.gov,Female,165.186.101.165
110,Leela,Manz,lmanz31@gizmodo.com,Female,236.123.79.54
111,Reggie,Oury,roury32@myspace.com,Male,37.47.243.104
112,Jase,Higgoe,jhiggoe33@nytimes.com,Male,88.93.157.244
113,Patin,Easterling,peasterling34@github.com,Male,151.74.168.94
114,Silvan,Fendt,sfendt35@fema.gov,Male,42.197.122.25
115,Sig,Iggo,siggo36@ning.com,Male,7.71.1.211
116,Aldo,Leverett,aleverett37@wordpress.org,Male,96.55.245.76
117,Vevay,Ivoshin,vivoshin38@weibo.com,Female,54.0.166.106
118,Kenna,Ellul,kellul39@arizona.edu,Female,210.133.133.44
119,Levon,Doylend,ldoylend3a@wunderground.com,Male,82.44.24.218
120,Penny,Klimmek,pklimmek3b@zimbio.com,Male,187.193.71.111
121,Baxter,Phythien,bphythien3c@facebook.com,Male,187.224.179.198
122,Alethea,Boaler,aboaler3d@umich.edu,Female,75.163.129.88
123,Franklin,Aldam,faldam3e@economist.com,Male,178.127.172.134
124,Bidget,Rosenbush,brosenbush3f@is.gd,Female,67.199.251.98
125,Dougie,Merchant,dmerchant3g@msn.com,Male,215.203.10.31
126,Van,Gowrie,vgowrie3h@youtube.com,Female,117.211.111.119
127,Pernell,Raggatt,praggatt3i@loc.gov,Agender,228.110.5.165
128,Marilee,Kenwright,mkenwright3j@eventbrite.com,Female,80.31.80.79
129,Dannye,Rooper,drooper3k@independent.co.uk,Female,181.154.184.254
130,Dani,Edgecombe,dedgecombe3l@nydailynews.com,Male,212.74.87.247
131,Ferdinand,Worledge,fworledge3m@senate.gov,Male,209.52.246.55
132,Berna,Strathman,bstrathman3n@phpbb.com,Female,18.62.221.171
133,Lena,Brimilcombe,lbrimilcombe3o@oaic.gov.au,Female,106.13.165.86
134,Barnaby,Trowsdall,btrowsdall3p@yahoo.co.jp,Genderqueer,149.134.248.254
135,Bill,Izakof,bizakof3q@google.com,Male,33.198.211.146
136,Frankie,Harbinson,fharbinson3r@phoca.cz,Male,140.6.145.241
137,Spencer,Klaffs,sklaffs3s@networksolutions.com,Male,94.13.158.133
138,Merilee,Grigore,mgrigore3t@zimbio.com,Female,225.222.98.83
139,Michele,Rodman,mrodman3u@globo.com,Male,214.78.65.174
140,Aldridge,Gogerty,agogerty3v@diigo.com,Non-binary,228.96.92.175
141,Sophi,Trumper,strumper3w@live.com,Female,1.167.117.166
142,Jasun,Brion,jbrion3x@blogs.com,Male,201.37.126.139
143,Arnaldo,Angelini,aangelini3y@4shared.com,Male,251.157.72.96
144,Colman,Griffiths,cgriffiths3z@youku.com,Genderqueer,190.234.207.48
145,Phedra,Wabb,pwabb40@wordpress.com,Genderfluid,37.159.20.190
146,Florinda,Heater,fheater41@pagesperso-orange.fr,Female,182.222.18.3
147,Ealasaid,Gregoriou,egregoriou42@tamu.edu,Female,79.139.104.110
148,Osbert,Kytter,okytter43@gnu.org,Male,19.22.66.25
149,Joanie,Martindale,jmartindale44@cisco.com,Female,218.48.236.69
150,Jamie,Ramsay,jramsay45@jugem.jp,Female,252.110.178.9
151,Jacquetta,Oneal,joneal46@usnews.com,Genderqueer,22.16.167.90
152,Melesa,Meeny,mmeeny47@webnode.com,Female,83.140.5.78
153,Gabriellia,Causer,gcauser48@ted.com,Female,39.13.102.144
154,Erick,Hale,ehale49@wiley.com,Male,57.74.54.28
155,Tymon,Rabbet,trabbet4a@wunderground.com,Male,70.181.52.21
156,Yovonnda,Itzchaky,yitzchaky4b@economist.com,Female,198.98.30.195
157,Merilyn,Rue,mrue4c@parallels.com,Female,26.75.19.22
158,Dolli,Pentlow,dpentlow4d@reuters.com,Genderfluid,212.237.43.76
159,Kerrill,Teodori,kteodori4e@chronoengine.com,Female,96.71.87.88
160,Alice,Dreschler,adreschler4f@google.co.jp,Female,228.226.91.255
161,Wolf,Dixcee,wdixcee4g@europa.eu,Male,3.242.212.6
162,Peg,Penvarne,ppenvarne4h@gnu.org,Female,95.110.153.164
163,Stanislaw,Bartczak,sbartczak4i@mit.edu,Male,195.71.187.66
164,Darb,Yurikov,dyurikov4j@loc.gov,Female,181.61.253.149
165,Henri,Hallows,hhallows4k@ftc.gov,Male,6.65.204.186
166,Donnie,Pedlingham,dpedlingham4l@rakuten.co.jp,Polygender,202.40.75.32
167,Wes,Burkill,wburkill4m@google.fr,Male,220.90.215.4
168,Stevy,Agent,sagent4n@ebay.com,Male,137.200.16.48
169,Dael,Gniewosz,dgniewosz4o@csmonitor.com,Female,149.215.67.172
170,Alma,Stiggers,astiggers4p@soundcloud.com,Female,198.250.170.123
171,Titos,Yukhnevich,tyukhnevich4q@sfgate.com,Male,141.178.66.69
172,Faina,Francesconi,ffrancesconi4r@usda.gov,Female,41.23.237.231
173,Harman,Picard,hpicard4s@cbslocal.com,Genderqueer,211.73.208.167
174,Stearne,Hackworth,shackworth4t@gov.uk,Male,33.244.234.255
175,Arne,Berka,aberka4u@comcast.net,Male,62.40.16.160
176,Sharia,Teulier,steulier4v@issuu.com,Female,174.110.112.138
177,Albertine,Derry,aderry4w@theatlantic.com,Female,94.225.212.125
178,Rowland,Swadlin,rswadlin4x@timesonline.co.uk,Male,122.56.77.144
179,Doralynn,Kershow,dkershow4y@salon.com,Female,196.221.69.198
180,Murdoch,Jameson,mjameson4z@narod.ru,Male,175.116.20.222
181,Amalita,Strowan,astrowan50@who.int,Female,189.206.172.61
182,Clevie,McBrearty,cmcbrearty51@buzzfeed.com,Male,53.160.205.52
183,Dallas,Doggett,ddoggett52@kickstarter.com,Polygender,101.217.26.65
184,Salomo,Shakesbye,sshakesbye53@cafepress.com,Male,223.236.211.9
185,York,Tackes,ytackes54@imdb.com,Male,159.223.40.151
186,Gabriell,Norgate,gnorgate55@pcworld.com,Female,201.87.122.43
187,Dylan,Midgley,dmidgley56@howstuffworks.com,Male,216.21.236.164
188,Amery,Szymanski,aszymanski57@chron.com,Male,75.179.36.43
189,Elset,Alexsandrov,ealexsandrov58@latimes.com,Genderqueer,182.56.154.173
190,Lil,Fishenden,lfishenden59@sfgate.com,Female,175.38.127.197
191,Griswold,Gosden,ggosden5a@cbsnews.com,Male,128.200.146.18
192,Ly,Ellsbury,lellsbury5b@theglobeandmail.com,Male,198.80.150.10
193,Linnell,Guiduzzi,lguiduzzi5c@nhs.uk,Female,244.96.221.196
194,Bailie,Balffye,bbalffye5d@istockphoto.com,Male,47.38.28.90
195,Gerrie,Coughlin,gcoughlin5e@lulu.com,Male,192.71.166.243
196,Bernard,Ivushkin,bivushkin5f@census.gov,Male,134.216.214.214
197,Scotty,Glenton,sglenton5g@1688.com,Agender,206.33.13.215
198,Wilona,Tidswell,wtidswell5h@sphinn.com,Genderqueer,201.121.134.252
199,Mortie,Kruschev,mkruschev5i@mediafire.com,Male,219.19.158.146
200,Floyd,Wollard,fwollard5j@constantcontact.com,Male,183.144.145.36
201,Dall,Kibbee,dkibbee5k@illinois.edu,Male,43.9.129.162
202,Aland,Pirdue,apirdue5l@bizjournals.com,Male,73.170.172.79
203,Stanwood,Beaney,sbeaney5m@posterous.com,Male,201.6.159.215
204,Pearla,Biagi,pbiagi5n@abc.net.au,Genderfluid,66.35.201.131
205,Lindie,Langer,llanger5o@storify.com,Female,55.163.246.142
206,Janeen,Varns,jvarns5p@dell.com,Female,212.42.153.209
207,Roy,Rief,rrief5q@reverbnation.com,Male,58.205.18.223
208,Gaspar,McKeady,gmckeady5r@theguardian.com,Agender,41.170.95.45
209,Shane,Brodbin,sbrodbin5s@dailymotion.com,Male,145.208.50.219
210,Samuel,Kill,skill5t@weather.com,Male,233.97.170.255
211,Jaymie,Abbot,jabbot5u@wsj.com,Male,189.18.215.162
212,Luis,Maymand,lmaymand5v@desdev.cn,Male,125.185.40.158
213,Heywood,Gaukroger,hgaukroger5w@slashdot.org,Polygender,219.138.107.8
214,Lenna,Neissen,lneissen5x@yellowpages.com,Female,242.70.38.190
215,Gerick,Cotter,gcotter5y@forbes.com,Male,119.6.211.27
216,Eben,Dinan,edinan5z@squarespace.com,Male,30.88.182.184
217,Kirby,Stollard,kstollard60@reuters.com,Polygender,164.17.112.235
218,Raffarty,Jeram,rjeram61@ovh.net,Male,70.88.247.222
219,Beatriz,Cossell,bcossell62@mlb.com,Female,175.216.137.201
220,Rebekkah,Bleazard,rbleazard63@squarespace.com,Non-binary,176.234.43.35
221,Lydia,Ventom,lventom64@shutterfly.com,Female,207.154.168.41
222,Julian,Alfonzo,jalfonzo65@unc.edu,Male,38.147.138.168
223,Terry,Mathevon,tmathevon66@homestead.com,Male,188.136.149.78
224,Matthiew,Gilfether,mgilfether67@rakuten.co.jp,Male,4.16.194.205
225,Catlaina,Whettleton,cwhettleton68@globo.com,Female,154.73.243.215
226,Corine,McPaike,cmcpaike69@wikia.com,Genderfluid,4.245.36.107
227,Shelly,Jendricke,sjendricke6a@rakuten.co.jp,Female,103.210.80.177
228,Ynes,Aindriu,yaindriu6b@weebly.com,Female,68.54.2.60
229,Eugenie,Rubel,erubel6c@exblog.jp,Female,223.95.186.7
230,Biddy,Pendock,bpendock6d@techcrunch.com,Female,252.238.219.37
231,Hakim,Uman,human6e@buzzfeed.com,Male,234.27.26.40
232,Almira,Younge,ayounge6f@smh.com.au,Female,178.248.192.154
233,Pryce,Lemmers,plemmers6g@nhs.uk,Male,102.90.58.165
234,Mariam,Gavan,mgavan6h@narod.ru,Genderfluid,41.50.254.223
235,Bob,Bale,bbale6i@yelp.com,Male,5.233.206.82
236,Brendon,Farlham,bfarlham6j@senate.gov,Male,96.251.229.139
237,Gussy,Parysiak,gparysiak6k@twitpic.com,Female,254.24.156.110
238,Aarika,Rouke,arouke6l@ask.com,Female,155.9.105.215
239,Caresa,McLoughlin,cmcloughlin6m@domainmarket.com,Female,173.240.90.210
240,Sophia,Gregoriou,sgregoriou6n@de.vu,Female,255.255.185.23
241,Gordan,Tween,gtween6o@github.com,Male,233.175.94.163
242,Shauna,Libermore,slibermore6p@slate.com,Female,125.56.70.186
243,Cecily,Palfreyman,cpalfreyman6q@surveymonkey.com,Female,17.144.166.172
244,Antons,Brobak,abrobak6r@nationalgeographic.com,Male,55.27.254.16
245,Clayborne,Yankishin,cyankishin6s@surveymonkey.com,Male,34.198.144.185
246,Berti,Onele,bonele6t@sakura.ne.jp,Genderfluid,61.200.155.205
247,Ezekiel,Vallack,evallack6u@europa.eu,Male,172.103.200.182
248,Lari,Meryett,lmeryett6v@pbs.org,Polygender,7.19.174.34
249,Ilario,Hebborn,ihebborn6w@newsvine.com,Male,61.191.108.104
250,Justinn,Sorsby,jsorsby6x@bbc.co.uk,Female,16.254.9.57
251,Barbabra,Portinari,bportinari6y@intel.com,Female,179.46.50.38
252,Layton,Bogaert,lbogaert6z@scientificamerican.com,Male,126.107.86.106
253,Alis,Metterick,ametterick70@howstuffworks.com,Female,84.236.211.188
254,Thalia,Heinrici,theinrici71@marketwatch.com,Non-binary,186.240.219.17
255,Sylvester,Barefoot,sbarefoot72@usatoday.com,Male,76.92.16.211
256,Warde,Tydeman,wtydeman73@addthis.com,Male,79.103.176.48
257,Jasmin,Knocker,jknocker74@google.es,Genderfluid,53.40.204.93
258,Howey,Spritt,hspritt75@mediafire.com,Male,239.225.253.159
259,Jordanna,Edgerton,jedgerton76@sbwire.com,Female,69.58.230.197
260,Melita,Bottrell,mbottrell77@ucsd.edu,Female,195.147.2.72
261,Wade,Kerswill,wkerswill78@google.co.jp,Male,168.54.108.197
262,Chaddy,Giovanizio,cgiovanizio79@uiuc.edu,Male,235.25.84.170
263,Leonidas,Cordall,lcordall7a@ehow.com,Genderqueer,76.245.142.237
264,Lynnett,Gosforth,lgosforth7b@plala.or.jp,Female,253.166.227.164
265,Donnajean,Dreschler,ddreschler7c@unesco.org,Female,222.176.114.107
266,Cathrine,Youll,cyoull7d@stanford.edu,Non-binary,27.164.220.217
267,Alvy,Boardman,aboardman7e@hhs.gov,Male,101.2.235.118
268,Rodolph,Guille,rguille7f@shop-pro.jp,Bigender,36.214.246.137
269,Olympe,Avrahamov,oavrahamov7g@usda.gov,Female,139.28.120.209
270,Daisie,Matthewman,dmatthewman7h@mail.ru,Female,169.98.249.209
271,Gerry,Sollett,gsollett7i@amazon.com,Female,194.149.244.5
272,Alyce,Domenge,adomenge7j@meetup.com,Female,87.250.227.253
273,Esra,Von Welldun,evonwelldun7k@theatlantic.com,Male,138.202.137.220
274,Beret,Gennrich,bgennrich7l@wisc.edu,Female,42.119.53.103
275,Otto,Seman,oseman7m@wordpress.org,Male,85.51.204.102
276,Sven,Dyble,sdyble7n@spiegel.de,Male,148.30.118.154
277,Rafaelita,Ricciardelli,rricciardelli7o@fc2.com,Female,248.45.103.102
278,Bruno,Netting,bnetting7p@parallels.com,Male,77.164.134.205
279,Sena,Baldelli,sbaldelli7q@fda.gov,Female,184.29.231.18
280,Pietro,Mosedale,pmosedale7r@about.me,Male,125.136.131.199
281,Nicola,Cullabine,ncullabine7s@nifty.com,Male,123.57.88.1
282,Sibyl,Godspeede,sgodspeede7t@businessweek.com,Genderqueer,59.96.84.48
283,Camala,Adamovich,cadamovich7u@cmu.edu,Agender,171.137.163.227
284,Myrle,O' Shea,moshea7v@canalblog.com,Female,215.104.20.162
285,Clair,Everleigh,ceverleigh7w@zimbio.com,Male,84.165.92.26
286,Fionnula,Maude,fmaude7x@theatlantic.com,Female,37.194.166.95
287,Hazlett,O'Donnelly,hodonnelly7y@soundcloud.com,Non-binary,238.245.74.72
288,Vic,Tumini,vtumini7z@newyorker.com,Male,51.84.154.186
289,Chloris,Twycross,ctwycross80@scientificamerican.com,Female,25.157.94.212
290,Christian,Quittonden,cquittonden81@addthis.com,Male,21.6.91.28
291,Anet,Coslitt,acoslitt82@cmu.edu,Female,41.237.223.110
292,Cathy,Tewkesberry,ctewkesberry83@jiathis.com,Female,134.42.255.145
293,Philip,Kassidy,pkassidy84@usa.gov,Male,139.139.150.197
294,Nelia,Loughrey,nloughrey85@creativecommons.org,Genderqueer,103.238.193.25
295,Nichols,Ricardet,nricardet86@chronoengine.com,Male,67.1.56.106
296,Neely,Hearle,nhearle87@tamu.edu,Female,130.143.47.133
297,Vivienne,Arne,varne88@moonfruit.com,Female,44.28.241.17
298,Arte,Quinane,aquinane89@tiny.cc,Male,227.190.41.247
299,Dion,Pauler,dpauler8a@goodreads.com,Female,224.228.26.92
300,Fanchon,Birk,fbirk8b@auda.org.au,Female,9.183.29.203
301,Remy,Gabriely,rgabriely8c@booking.com,Female,117.57.111.26
302,Albie,Kolodziej,akolodziej8d@msu.edu,Male,184.209.141.234
303,Rivalee,Anlay,ranlay8e@gizmodo.com,Female,86.224.7.133
304,Mina,Kirkup,mkirkup8f@spiegel.de,Female,171.105.149.109
305,Kingsley,Giraudot,kgiraudot8g@alexa.com,Male,41.132.246.134
306,Eulalie,Seebert,eseebert8h@jugem.jp,Female,114.149.122.221
307,Noreen,Harget,nharget8i@imageshack.us,Female,117.243.231.209
308,Forest,Gresley,fgresley8j@homestead.com,Male,40.75.97.149
309,Mayor,Van Merwe,mvanmerwe8k@slashdot.org,Male,208.77.77.187
310,Gerard,Sayce,gsayce8l@google.ca,Male,118.93.7.140
311,Ric,Andreolli,randreolli8m@joomla.org,Male,117.106.25.63
312,Marris,Lumox,mlumox8n@123-reg.co.uk,Polygender,131.78.250.72
313,Crosby,Hamlet,chamlet8o@guardian.co.uk,Male,158.15.127.110
314,Helaina,Longhorne,hlonghorne8p@smh.com.au,Female,223.80.217.111
315,Skipton,Ewebank,sewebank8q@wired.com,Male,142.164.150.91
316,Ame,Orwell,aorwell8r@sohu.com,Female,92.15.205.176
317,Neddie,Filipychev,nfilipychev8s@exblog.jp,Male,156.66.1.120
318,Toddy,Cardall,tcardall8t@webnode.com,Male,143.241.202.21
319,Brennen,Cano,bcano8u@un.org,Male,194.255.194.172
320,Marieann,Huddleston,mhuddleston8v@devhub.com,Female,10.213.74.39
321,Walsh,Cootes,wcootes8w@bigcartel.com,Male,84.171.11.233
322,Auberta,Wrixon,awrixon8x@github.com,Female,51.233.169.174
323,Anabal,Trude,atrude8y@wufoo.com,Female,183.51.47.4
324,Jan,McCudden,jmccudden8z@businessinsider.com,Bigender,9.32.92.242
325,Englebert,Shimmings,eshimmings90@nationalgeographic.com,Male,194.213.6.18
326,Aurea,Guerner,aguerner91@cisco.com,Female,191.190.244.226
327,North,Tax,ntax92@gmpg.org,Male,161.36.204.216
328,Gerrie,Maidstone,gmaidstone93@wikimedia.org,Female,170.117.94.72
329,Florie,Gier,fgier94@google.com,Female,84.193.171.76
330,Cecily,Matschek,cmatschek95@washingtonpost.com,Female,157.102.101.214
331,Alvin,Jaime,ajaime96@salon.com,Male,141.171.16.249
332,Sydel,Gantz,sgantz97@ustream.tv,Female,55.102.40.136
333,Cassandre,Tatlow,ctatlow98@google.de,Female,132.255.60.19
334,Irwinn,Terlinden,iterlinden99@vinaora.com,Male,17.213.252.193
335,Marshal,Kearn,mkearn9a@nyu.edu,Male,213.47.10.211
336,Becka,Kibbye,bkibbye9b@blogs.com,Female,143.190.132.169
337,Blaire,Durdle,bdurdle9c@addtoany.com,Female,1.104.153.235
338,Sabina,O'Malley,somalley9d@gizmodo.com,Female,103.203.238.65
339,Morty,Downe,mdowne9e@wikia.com,Male,8.188.219.179
340,Meredeth,Adolf,madolf9f@dropbox.com,Male,44.130.21.67
341,Daffi,Donovin,ddonovin9g@guardian.co.uk,Female,223.30.235.198
342,Bald,Gavaran,bgavaran9h@kickstarter.com,Male,246.106.5.147
343,Webster,Warrillow,wwarrillow9i@symantec.com,Genderfluid,89.146.19.156
344,Sergent,Bordessa,sbordessa9j@toplist.cz,Male,31.29.239.240
345,Marthe,Dubois,mdubois9k@chronoengine.com,Female,48.198.253.204
346,Fulton,Kings,fkings9l@networksolutions.com,Male,67.84.244.117
347,Felizio,Wroth,fwroth9m@typepad.com,Male,199.63.185.100
348,Gustie,Lehrian,glehrian9n@tumblr.com,Female,147.167.170.79
349,Julie,Rollason,jrollason9o@networkadvertising.org,Female,238.251.174.47
350,Bentlee,Muddle,bmuddle9p@wikipedia.org,Male,75.71.13.187
351,Edwin,Chstney,echstney9q@ucoz.com,Bigender,216.31.224.223
352,Sarajane,Magrane,smagrane9r@nhs.uk,Non-binary,254.137.228.155
353,Margaretha,Burdytt,mburdytt9s@cam.ac.uk,Female,115.102.12.15
354,Bessy,Zink,bzink9t@clickbank.net,Female,109.58.42.11
355,Hermy,Britzius,hbritzius9u@youtube.com,Male,169.181.254.167
356,Drusi,Khilkov,dkhilkov9v@bigcartel.com,Female,97.156.1.207
357,Teresita,Abbott,tabbott9w@earthlink.net,Female,234.169.39.251
358,Selinda,Rosengart,srosengart9x@friendfeed.com,Female,133.54.174.23
359,Morissa,Hierro,mhierro9y@patch.com,Female,245.133.48.142
360,Braden,Kinnoch,bkinnoch9z@livejournal.com,Male,238.73.26.198
361,Leandra,Weber,lwebera0@people.com.cn,Female,22.90.210.178
362,Floria,Laden,fladena1@paypal.com,Female,156.223.92.168
363,Darill,Lesley,dlesleya2@ameblo.jp,Male,75.88.81.83
364,Jocko,Foad,jfoada3@t-online.de,Male,249.164.223.31
365,Itch,Buffery,ibufferya4@msu.edu,Male,225.46.228.140
366,Ange,Arkle,aarklea5@netvibes.com,Female,255.21.35.190
367,Alaster,Besantie,abesantiea6@opensource.org,Male,96.211.0.243
368,Stavro,Simmonite,ssimmonitea7@php.net,Male,130.61.127.164
369,Jerald,Proudlove,jproudlovea8@cdbaby.com,Male,61.112.14.192
370,Meggy,Bonny,mbonnya9@guardian.co.uk,Female,197.118.248.255
371,Baron,Rothera,brotheraaa@ftc.gov,Male,9.218.50.98
372,Joanna,Fairnie,jfairnieab@chicagotribune.com,Non-binary,105.49.179.157
373,Vinnie,Lattimer,vlattimerac@walmart.com,Male,219.13.174.226
374,Laurella,Hamblyn,lhamblynad@hatena.ne.jp,Female,130.15.68.143
375,Catlee,Marrows,cmarrowsae@apache.org,Female,174.231.228.206
376,Byran,Sergent,bsergentaf@yellowbook.com,Male,181.219.234.158
377,Josie,Fowell,jfowellag@tiny.cc,Female,144.38.197.199
378,Lucias,Baudasso,lbaudassoah@behance.net,Male,110.49.66.183
379,Astrid,Russen,arussenai@1und1.de,Female,127.97.196.99
380,Gael,Crigin,gcriginaj@cnbc.com,Male,168.44.226.108
381,Cherianne,Apfelmann,capfelmannak@prlog.org,Female,105.61.39.145
382,Jazmin,Spottiswood,jspottiswoodal@senate.gov,Female,93.234.228.49
383,Osbourn,Varker,ovarkeram@booking.com,Male,118.72.135.131
384,Wolfy,Entwistle,wentwistlean@bloglovin.com,Male,96.178.85.164
385,Matt,Matieu,mmatieuao@hexun.com,Male,120.161.203.49
386,Agneta,Begwell,abegwellap@google.com.au,Female,240.248.14.133
387,Dion,Ouchterlony,douchterlonyaq@nymag.com,Male,212.175.143.212
388,Sergio,Bifield,sbifieldar@wp.com,Male,47.129.92.20
389,Haley,Thraves,hthravesas@bloglines.com,Female,42.61.3.95
390,Venita,MacKenny,vmackennyat@alibaba.com,Female,218.93.59.178
391,Roderic,Biggerdike,rbiggerdikeau@hostgator.com,Male,246.155.29.250
392,Merry,Cullerne,mcullerneav@mlb.com,Male,75.193.242.211
393,Elisabeth,Pryer,epryeraw@ftc.gov,Female,44.159.104.205
394,Colas,Revitt,crevittax@businesswire.com,Male,43.103.155.171
395,Mariquilla,Shalcros,mshalcrosay@samsung.com,Genderfluid,46.194.111.194
396,Christoper,Rehn,crehnaz@army.mil,Male,114.108.207.167
397,Leonanie,Ambrosini,lambrosinib0@amazonaws.com,Female,54.105.196.109
398,D'arcy,Allsobrook,dallsobrookb1@marriott.com,Male,103.240.20.62
399,Kizzee,Vallery,kvalleryb2@tripadvisor.com,Female,194.161.35.183
400,Leyla,Leonard,lleonardb3@vimeo.com,Female,230.64.170.133
401,Bernadette,Churches,bchurchesb4@merriam-webster.com,Female,223.77.6.78
402,Myranda,Walsom,mwalsomb5@jimdo.com,Non-binary,88.235.229.175
403,Abagail,Shade,ashadeb6@merriam-webster.com,Female,108.244.46.204
404,Jdavie,Lamzed,jlamzedb7@angelfire.com,Polygender,144.33.109.21
405,Bailie,Cancellario,bcancellariob8@jimdo.com,Male,96.120.74.41
406,Bar,Elsmore,belsmoreb9@boston.com,Male,104.167.66.195
407,Kayla,Blaker,kblakerba@google.co.uk,Female,63.168.81.227
408,Artur,Bulled,abulledbb@europa.eu,Male,94.144.225.61
409,Tania,De Moreno,tdemorenobc@nasa.gov,Female,169.158.118.155
410,Reinaldo,Ronchetti,rronchettibd@rakuten.co.jp,Male,191.37.224.225
411,Broderick,Jenicek,bjenicekbe@economist.com,Agender,1.190.156.136
412,Dulce,Zorener,dzorenerbf@bandcamp.com,Female,56.205.235.176
413,Tiphanie,Legrand,tlegrandbg@storify.com,Female,100.249.205.91
414,Alyosha,Duce,aducebh@constantcontact.com,Male,187.44.51.140
415,Giuseppe,Rosin,grosinbi@istockphoto.com,Male,252.62.153.27
416,Fayina,Attridge,fattridgebj@shinystat.com,Female,100.97.66.115
417,Rhodia,Silveston,rsilvestonbk@usda.gov,Female,250.250.225.152
418,Giacomo,Crandon,gcrandonbl@so-net.ne.jp,Male,206.47.228.10
419,Sophronia,Shrigley,sshrigleybm@tinyurl.com,Female,207.222.186.82
420,Vincenz,Costard,vcostardbn@npr.org,Male,166.97.98.137
421,Nikkie,Neesham,nneeshambo@yale.edu,Female,219.213.71.64
422,Alison,Wardington,awardingtonbp@va.gov,Female,206.100.48.161
423,Harmonia,Vispo,hvispobq@businessinsider.com,Female,100.68.203.106
424,Feodor,Genty,fgentybr@whitehouse.gov,Male,19.172.60.250
425,Amalee,Hazlehurst,ahazlehurstbs@barnesandnoble.com,Female,142.135.89.212
426,Paddie,Gobel,pgobelbt@bloomberg.com,Male,229.134.140.141
427,Griffy,Duncanson,gduncansonbu@yelp.com,Male,115.34.4.160
428,Odo,Treherne,otrehernebv@tumblr.com,Male,119.116.90.146
429,Kendrick,Writer,kwriterbw@apache.org,Male,132.185.23.28
430,Rainer,Faucherand,rfaucherandbx@symantec.com,Agender,75.160.180.115
431,Winne,Impy,wimpyby@sciencedaily.com,Female,149.143.171.243
432,Reeba,Dumini,rduminibz@bloomberg.com,Female,89.16.9.128
433,Roseann,Coston,rcostonc0@digg.com,Female,162.48.56.208
434,Pieter,Mannix,pmannixc1@boston.com,Male,92.112.134.114
435,Breanne,Jorat,bjoratc2@macromedia.com,Female,237.37.26.149
436,Sloane,Evill,sevillc3@toplist.cz,Male,29.62.109.188
437,Kathie,Smallwood,ksmallwoodc4@nymag.com,Female,177.109.53.73
438,Lawton,Lacroux,llacrouxc5@bigcartel.com,Male,104.111.81.144
439,Coleman,Vasilkov,cvasilkovc6@amazon.co.jp,Male,0.210.12.69
440,Daryl,Vsanelli,dvsanellic7@reference.com,Male,215.20.183.170
441,Isidor,Disdel,idisdelc8@deliciousdays.com,Male,178.207.64.0
442,Nananne,Senechault,nsenechaultc9@deliciousdays.com,Female,107.19.110.202
443,Letitia,Whipple,lwhippleca@ezinearticles.com,Non-binary,89.21.231.138
444,Daveta,Adds,daddscb@photobucket.com,Female,95.68.97.192
445,Layton,Barriball,lbarriballcc@mediafire.com,Male,249.27.137.125
446,Alain,Burnell,aburnellcd@mtv.com,Male,255.36.25.163
447,Madella,Minchindon,mminchindonce@usgs.gov,Female,123.44.240.140
448,Bastien,MacCarter,bmaccartercf@microsoft.com,Male,142.46.78.80
449,Rockie,Clarridge,rclarridgecg@fema.gov,Male,173.20.122.21
450,Yul,Southerell,ysoutherellch@mediafire.com,Male,28.36.97.129
451,Randie,Olech,rolechci@theguardian.com,Male,11.195.223.194
452,Zulema,Lancaster,zlancastercj@marriott.com,Female,75.178.81.214
453,Isacco,Besson,ibessonck@yelp.com,Male,94.98.160.38
454,Germaine,Quilligan,gquilligancl@soup.io,Female,254.94.57.165
455,Byron,Lorden,blordencm@hc360.com,Male,139.139.248.123
456,Gayler,Marsham,gmarshamcn@senate.gov,Male,145.180.91.210
457,Nikaniki,Duddridge,nduddridgeco@dot.gov,Female,129.39.174.10
458,Madison,McMaster,mmcmastercp@shinystat.com,Male,46.23.81.36
459,Nikolaos,Giacobelli,ngiacobellicq@ca.gov,Male,153.147.39.21
460,Keane,Cruddace,kcruddacecr@msn.com,Genderqueer,8.167.64.228
461,Ernestus,Wills,ewillscs@whitehouse.gov,Male,239.168.16.192
462,Giffie,MacCart,gmaccartct@google.co.uk,Male,245.157.202.62
463,Cindee,Pecha,cpechacu@cyberchimps.com,Female,239.37.32.195
464,Lammond,Tesche,lteschecv@diigo.com,Male,112.230.133.107
465,Tremain,Nasi,tnasicw@wikispaces.com,Male,76.101.34.246
466,Alexis,Slocom,aslocomcx@mysql.com,Female,98.12.201.54
467,Gordon,von Grollmann,gvongrollmanncy@360.cn,Male,195.242.206.176
468,Timofei,Poley,tpoleycz@hao123.com,Male,226.45.21.11
469,Adena,Arlett,aarlettd0@taobao.com,Female,209.52.1.167
470,Kessiah,Bruyntjes,kbruyntjesd1@dedecms.com,Female,43.181.0.18
471,Agatha,Fellgatt,afellgattd2@forbes.com,Female,128.73.84.76
472,Royall,Mountcastle,rmountcastled3@rakuten.co.jp,Male,226.118.153.1
473,Kaylyn,Bamlet,kbamletd4@mashable.com,Polygender,93.86.206.106
474,Moll,Piatek,mpiatekd5@newyorker.com,Female,196.166.45.80
475,Norri,Haskett,nhaskettd6@artisteer.com,Female,26.16.120.29
476,Georgeta,Di Roberto,gdirobertod7@storify.com,Female,63.81.214.220
477,Adara,Strand,astrandd8@scientificamerican.com,Female,232.71.165.161
478,Corey,Molson,cmolsond9@independent.co.uk,Male,152.116.0.103
479,Glenn,Rotter,grotterda@sohu.com,Male,80.46.196.137
480,Anya,McPike,amcpikedb@furl.net,Female,96.23.117.208
481,Etheline,Simpkiss,esimpkissdc@vinaora.com,Female,5.170.106.12
482,Alexandr,Bromidge,abromidgedd@pcworld.com,Male,142.83.145.198
483,Sinclare,Gaucher,sgaucherde@networksolutions.com,Male,174.134.223.113
484,Tony,Del Castello,tdelcastellodf@4shared.com,Male,193.215.47.26
485,Jyoti,Gubbin,jgubbindg@princeton.edu,Female,125.195.9.12
486,Ban,Casserley,bcasserleydh@t-online.de,Male,5.102.245.50
487,Tania,Relf,trelfdi@de.vu,Female,63.218.226.123
488,Merrill,Klagges,mklaggesdj@sciencedaily.com,Male,155.210.233.228
489,Leonidas,Llewelyn,lllewelyndk@merriam-webster.com,Male,169.252.149.15
490,Sayre,Scartifield,sscartifielddl@symantec.com,Female,246.29.25.56
491,Alex,Palatino,apalatinodm@youtube.com,Polygender,214.85.89.175
492,Clemmy,Dominichelli,cdominichellidn@nasa.gov,Male,224.64.229.68
493,Loree,McEvay,lmcevaydo@indiegogo.com,Female,97.232.184.76
494,Nadine,Dysart,ndysartdp@cbsnews.com,Female,39.158.37.91
495,Elwin,Ness,enessdq@i2i.jp,Male,164.240.109.244
496,Bernelle,Pattingson,bpattingsondr@nba.com,Female,141.77.27.5
497,Lissi,O'Shea,losheads@prnewswire.com,Female,236.82.213.105
498,Onfroi,Alben,oalbendt@army.mil,Male,249.73.37.57
499,Stanfield,Kuhlmey,skuhlmeydu@salon.com,Male,85.100.249.235
500,Courtnay,Arnaudin,carnaudindv@gnu.org,Male,145.80.144.154
501,Doug,Curee,dcureedw@nih.gov,Male,230.21.87.234
502,Page,Le-Good,plegooddx@reddit.com,Non-binary,60.26.90.174
503,Delia,Zuanelli,dzuanellidy@mapy.cz,Female,59.227.199.57
504,Akim,Fippe,afippedz@unicef.org,Male,229.220.118.225
505,Oates,Navarre,onavarree0@paginegialle.it,Male,60.80.160.46
506,Vera,Lowle,vlowlee1@ibm.com,Non-binary,248.66.57.62
507,Perrine,Bosche,pboschee2@epa.gov,Female,155.0.229.246
508,Teodora,Probets,tprobetse3@edublogs.org,Female,180.69.54.180
509,Whitman,Sutworth,wsutworthe4@indiatimes.com,Male,182.64.241.161
510,Rebecka,Naptin,rnaptine5@360.cn,Female,252.139.159.182
511,Jaquenetta,Crosse,jcrossee6@netlog.com,Female,249.195.42.94
512,Chelsy,Delyth,cdelythe7@nsw.gov.au,Female,40.194.122.196
513,Stephenie,Scane,sscanee8@simplemachines.org,Female,242.164.204.189
514,Hilary,Matoshin,hmatoshine9@bloglines.com,Male,180.68.144.207
515,Ronnie,Mantrip,rmantripea@nih.gov,Female,233.62.212.237
516,Eudora,Skala,eskalaeb@vinaora.com,Female,126.59.92.170
517,Cedric,Skirving,cskirvingec@imageshack.us,Male,108.160.43.61
518,West,Bulgen,wbulgened@webs.com,Male,5.226.220.82
519,Jose,Goodby,jgoodbyee@xinhuanet.com,Male,10.138.87.40
520,Cynde,Rouchy,crouchyef@people.com.cn,Female,154.24.35.96
521,Rick,Moorcraft,rmoorcrafteg@washington.edu,Male,37.17.50.168
522,Onfre,Trevain,otrevaineh@oakley.com,Male,29.92.229.246
523,Ardys,Pickles,apicklesei@google.co.jp,Genderqueer,20.243.239.187
524,Sigmund,Benesevich,sbenesevichej@de.vu,Male,157.129.129.152
525,Bree,Cupitt,bcupittek@tinypic.com,Female,168.49.4.219
526,Jerry,Sketchley,jsketchleyel@sciencedaily.com,Non-binary,81.254.205.207
527,Drusie,Zecchii,dzecchiiem@hexun.com,Female,49.39.219.34
528,Christoffer,Osmund,cosmunden@intel.com,Male,155.110.167.34
529,Elli,Cathel,ecatheleo@cbsnews.com,Female,213.77.212.210
530,Ingram,Burnard,iburnardep@merriam-webster.com,Male,139.213.236.74
531,Rik,McGettigan,rmcgettiganeq@xinhuanet.com,Male,191.145.93.74
532,Giordano,McGillecole,gmcgillecoleer@cdbaby.com,Male,146.199.204.19
533,Mamie,Burrett,mburrettes@quantcast.com,Polygender,29.45.207.74
534,Edwin,Gashion,egashionet@tiny.cc,Male,241.217.30.253
535,Fields,Barwis,fbarwiseu@wired.com,Male,244.216.16.141
536,Denise,O'Hegertie,dohegertieev@devhub.com,Female,81.252.138.153
537,Caresse,Infante,cinfanteew@google.fr,Female,49.164.165.86
538,Bobette,Skippings,bskippingsex@ox.ac.uk,Female,163.102.21.161
539,Kaleena,Gaddas,kgaddasey@jiathis.com,Female,79.21.10.80
540,Harold,Spreag,hspreagez@devhub.com,Male,200.169.203.48
541,Efren,Hinken,ehinkenf0@dailymail.co.uk,Male,51.93.145.171
542,Adam,Franzelini,afranzelinif1@wired.com,Male,70.252.90.34
543,Dorey,Pullman,dpullmanf2@zimbio.com,Female,217.145.51.248
544,Dalila,Gomby,dgombyf3@studiopress.com,Female,43.104.52.119
545,Tandi,Bassano,tbassanof4@prlog.org,Female,19.144.187.218
546,Desi,Jewiss,djewissf5@chronoengine.com,Male,1.22.40.3
547,Lamond,Maffy,lmaffyf6@princeton.edu,Male,199.34.97.131
548,Kiel,Milbourne,kmilbournef7@globo.com,Male,105.188.38.26
549,Othello,Sporgeon,osporgeonf8@wp.com,Male,119.58.206.126
550,Rosabella,Mallinar,rmallinarf9@miibeian.gov.cn,Female,22.213.152.121
551,Bay,Rizzo,brizzofa@tuttocitta.it,Male,70.1.93.119
552,Athena,L'Hommee,alhommeefb@army.mil,Female,215.210.144.180
553,Danielle,Chew,dchewfc@ihg.com,Female,57.11.147.248
554,Aleksandr,Sabban,asabbanfd@webmd.com,Male,67.170.123.158
555,Zahara,Arno,zarnofe@ow.ly,Female,193.173.6.98
556,Laure,Antonognoli,lantonognoliff@yandex.ru,Female,31.253.150.173
557,Clark,Garaway,cgarawayfg@yellowpages.com,Male,221.97.106.146
558,Ellwood,Coche,ecochefh@nature.com,Male,215.141.157.34
559,Zacharias,Erett,zerettfi@accuweather.com,Male,76.146.80.120
560,Holli,Lahrs,hlahrsfj@businessinsider.com,Genderfluid,253.92.164.192
561,Delora,Burnyate,dburnyatefk@princeton.edu,Female,216.189.200.172
562,Hoyt,Fermoy,hfermoyfl@ocn.ne.jp,Male,87.187.17.209
563,Neala,Ivanilov,nivanilovfm@digg.com,Female,209.192.141.149
564,Annnora,Piotrowski,apiotrowskifn@shop-pro.jp,Female,43.204.177.87
565,Tori,Pugsley,tpugsleyfo@nbcnews.com,Female,119.243.50.147
566,Callean,Steeples,csteeplesfp@admin.ch,Male,252.50.245.47
567,Wren,Sprull,wsprullfq@blog.com,Female,82.97.186.173
568,Dominica,Oram,doramfr@google.ru,Female,128.124.17.236
569,Reinaldos,Shaxby,rshaxbyfs@simplemachines.org,Male,96.125.36.28
570,Rickard,Winckles,rwincklesft@shutterfly.com,Male,49.102.7.254
571,Wylie,Silverston,wsilverstonfu@indiatimes.com,Male,84.38.187.189
572,Nigel,Thackray,nthackrayfv@etsy.com,Male,45.18.237.104
573,Brynn,Hindes,bhindesfw@a8.net,Female,236.241.86.255
574,Anatole,Brandreth,abrandrethfx@de.vu,Male,89.113.143.212
575,Sianna,Strase,sstrasefy@tamu.edu,Female,219.146.89.156
576,Meg,Bench,mbenchfz@wikispaces.com,Female,67.245.188.98
577,Rudd,Whear,rwhearg0@illinois.edu,Male,5.195.0.212
578,Cornelius,Gummow,cgummowg1@foxnews.com,Male,81.88.188.119
579,Teresita,Katte,tkatteg2@epa.gov,Female,164.220.191.54
580,Gerard,Doumenc,gdoumencg3@weibo.com,Male,51.138.74.227
581,Eveleen,Cawsey,ecawseyg4@rediff.com,Female,149.57.3.200
582,Miguela,Faircliff,mfaircliffg5@admin.ch,Female,30.204.5.72
583,Bruno,Douberday,bdouberdayg6@theguardian.com,Male,214.39.89.173
584,Kate,Cahan,kcahang7@dailymotion.com,Female,108.225.219.13
585,Sharon,Spiaggia,sspiaggiag8@chicagotribune.com,Female,19.51.124.177
586,Arni,Thorrold,athorroldg9@so-net.ne.jp,Male,180.121.225.166
587,Madelena,Moreman,mmoremanga@mysql.com,Female,150.186.61.126
588,Ronni,Aleshintsev,raleshintsevgb@gnu.org,Female,195.254.30.61
589,Lauritz,Halliday,lhallidaygc@nasa.gov,Male,93.146.165.26
590,Perla,Bedow,pbedowgd@nyu.edu,Female,91.232.237.112
591,Anstice,Dalglish,adalglishge@gov.uk,Female,210.61.172.170
592,Freddie,De Lacey,fdelaceygf@sina.com.cn,Male,163.29.224.245
593,Yule,Oldall,yoldallgg@woothemes.com,Agender,44.207.209.250
594,Elsworth,Bollam,ebollamgh@so-net.ne.jp,Male,114.45.34.40
595,Ora,Donet,odonetgi@mayoclinic.com,Female,220.117.69.220
596,Molli,Wann,mwanngj@parallels.com,Female,161.187.59.187
597,Evey,Edgar,eedgargk@gizmodo.com,Female,92.142.67.161
598,Dyana,Burley,dburleygl@tumblr.com,Female,29.155.249.89
599,Bradan,Prinn,bprinngm@51.la,Male,66.242.222.227
600,Jedidiah,Dymott,jdymottgn@google.com.au,Male,198.138.218.8
601,Sonnie,Matussov,smatussovgo@globo.com,Male,203.83.146.30
602,Lory,Langlois,llangloisgp@hc360.com,Female,99.235.85.96
603,Vi,Kenyon,vkenyongq@slate.com,Female,251.22.38.21
604,Abbie,Clement,aclementgr@people.com.cn,Male,150.32.126.59
605,Washington,Cromleholme,wcromleholmegs@1und1.de,Male,85.154.201.202
606,Shea,Goggins,sgogginsgt@ucoz.ru,Male,97.216.128.143
607,Randy,Wimes,rwimesgu@rambler.ru,Male,184.247.20.165
608,Chase,Dyer,cdyergv@creativecommons.org,Male,65.216.191.27
609,Diane,Perkin,dperkingw@skyrock.com,Female,174.55.34.4
610,Wyndham,Izzett,wizzettgx@netlog.com,Male,16.200.173.224
611,Halette,Rosthorn,hrosthorngy@spotify.com,Female,145.100.55.79
612,Padgett,Buller,pbullergz@ycombinator.com,Male,53.252.70.196
613,Conrade,Kippie,ckippieh0@webnode.com,Male,74.139.54.191
614,Lita,Lorraway,llorrawayh1@sphinn.com,Female,82.167.195.195
615,Amabel,Ashenhurst,aashenhursth2@jugem.jp,Female,62.140.134.64
616,Bonita,Kops,bkopsh3@w3.org,Female,196.231.206.200
617,Aida,Giovanitti,agiovanittih4@netlog.com,Female,237.247.171.143
618,Anya,Totton,atottonh5@posterous.com,Female,234.41.117.37
619,Kendrick,Pelman,kpelmanh6@e-recht24.de,Male,122.156.127.57
620,Ulysses,Brydone,ubrydoneh7@vistaprint.com,Male,229.227.13.72
621,Francesco,Peyto,fpeytoh8@ebay.com,Male,119.130.67.190
622,Thayne,O'Howbane,tohowbaneh9@wp.com,Male,64.38.19.212
623,Kelci,Aronoff,karonoffha@sciencedirect.com,Female,35.83.184.91
624,Brew,Lilliman,blillimanhb@free.fr,Bigender,141.202.69.47
625,Devinne,Critten,dcrittenhc@nymag.com,Female,185.203.44.102
626,Frazier,Ruzek,fruzekhd@apple.com,Male,244.10.244.139
627,Mitchel,Gerleit,mgerleithe@blogs.com,Male,207.78.166.146
628,Jessamyn,Swinney,jswinneyhf@china.com.cn,Female,7.178.126.34
629,Gail,Anselm,ganselmhg@cbc.ca,Female,84.166.109.97
630,Britt,Giametti,bgiamettihh@house.gov,Female,176.31.166.95
631,Hewe,Barfford,hbarffordhi@is.gd,Male,100.255.63.94
632,Joane,Hardin,jhardinhj@privacy.gov.au,Female,116.168.5.216
633,Kore,Priestnall,kpriestnallhk@adobe.com,Female,78.207.202.185
634,Daryle,Aird,dairdhl@uiuc.edu,Male,198.177.23.132
635,Lorne,Herley,lherleyhm@i2i.jp,Male,193.199.205.11
636,Justina,Godlip,jgodliphn@51.la,Female,148.239.204.110
637,Terrance,Alam,talamho@amazon.com,Male,60.134.108.255
638,Ike,Horder,ihorderhp@washington.edu,Male,239.66.211.54
639,Ollie,Dunstall,odunstallhq@cargocollective.com,Female,160.254.174.35
640,Sibley,Ullock,sullockhr@hibu.com,Female,170.235.137.107
641,Barny,Marchant,bmarchanths@va.gov,Male,173.53.162.247
642,Bevan,Mitkcov,bmitkcovht@bandcamp.com,Male,135.229.119.17
643,Katharina,Dawdry,kdawdryhu@addtoany.com,Genderfluid,134.111.175.204
644,Reiko,Bulcock,rbulcockhv@usatoday.com,Female,245.5.75.51
645,Dacy,Walden,dwaldenhw@etsy.com,Genderfluid,57.109.130.57
646,Adel,Ambroisin,aambroisinhx@msn.com,Polygender,245.173.125.197
647,Archibald,Peerless,apeerlesshy@newyorker.com,Male,122.55.254.188
648,Erminia,Caslett,ecasletthz@tripadvisor.com,Female,164.52.207.100
649,Yard,Zarfai,yzarfaii0@wired.com,Male,137.79.120.83
650,Milena,McCray,mmccrayi1@cargocollective.com,Female,254.165.83.169
651,Darius,De Meis,ddemeisi2@microsoft.com,Male,10.14.153.103
652,Jarrid,Covelle,jcovellei3@twitpic.com,Male,77.111.126.52
653,Fleur,Reeve,freevei4@netlog.com,Female,236.42.125.39
654,Rickey,Convery,rconveryi5@tamu.edu,Male,82.0.248.194
655,Jarib,Campaigne,jcampaignei6@bbc.co.uk,Polygender,57.88.144.161
656,Angelica,MacSharry,amacsharryi7@e-recht24.de,Female,150.207.241.30
657,Amandy,Stockell,astockelli8@yahoo.co.jp,Female,43.244.5.43
658,Staffard,Paula,spaulai9@bloglovin.com,Male,5.82.195.28
659,Carlotta,Leathem,cleathemia@example.com,Female,191.11.203.246
660,Allen,Stronough,astronoughib@unc.edu,Male,170.215.157.51
661,Roley,Clulow,rclulowic@behance.net,Male,153.242.37.150
662,Hurleigh,Collomosse,hcollomosseid@netlog.com,Male,222.228.12.227
663,Celesta,Phizaclea,cphizacleaie@reddit.com,Female,230.249.222.64
664,Meaghan,Croy,mcroyif@hc360.com,Female,88.138.95.204
665,Krista,Kilmaster,kkilmasterig@biblegateway.com,Female,125.240.39.8
666,Aubrey,Gamlen,agamlenih@zimbio.com,Bigender,183.107.221.251
667,Yetta,Kliner,yklinerii@sfgate.com,Female,184.217.5.103
668,Ilyse,McTavy,imctavyij@walmart.com,Female,64.163.42.138
669,Jennifer,Paulig,jpauligik@sciencedaily.com,Female,133.69.144.219
670,Albrecht,Kamien,akamienil@cdbaby.com,Genderqueer,108.224.241.45
671,Dedra,O'Currigan,docurriganim@rediff.com,Female,236.205.98.251
672,Siouxie,Firmager,sfirmagerin@ucoz.com,Female,175.42.92.255
673,Reinhold,Geraldo,rgeraldoio@prweb.com,Male,165.0.240.76
674,Nelly,MacAlinden,nmacalindenip@apple.com,Female,155.94.86.109
675,Nelly,Macvain,nmacvainiq@ed.gov,Female,53.96.34.68
676,Bette-ann,Foy,bfoyir@google.co.jp,Female,104.140.112.206
677,Aldwin,Akers,aakersis@lycos.com,Male,89.66.4.219
678,Tymon,Shakesby,tshakesbyit@chronoengine.com,Male,253.178.146.102
679,Karol,Turk,kturkiu@omniture.com,Female,116.132.138.177
680,Minni,Maskew,mmaskewiv@storify.com,Female,4.30.141.47
681,Sinclair,Penvarne,spenvarneiw@github.io,Bigender,54.121.60.61
682,Dermot,Stittle,dstittleix@oracle.com,Male,235.14.77.132
683,Craig,Kemson,ckemsoniy@yolasite.com,Male,197.174.230.34
684,Ranna,Leport,rleportiz@nbcnews.com,Female,86.49.134.127
685,Selestina,Beauchamp,sbeauchampj0@multiply.com,Female,61.58.24.37
686,Catherine,Scrivenor,cscrivenorj1@narod.ru,Female,81.203.208.219
687,Christian,Winborn,cwinbornj2@accuweather.com,Genderfluid,224.70.47.152
688,Teirtza,Springham,tspringhamj3@oaic.gov.au,Agender,148.200.89.204
689,Roderick,Canario,rcanarioj4@naver.com,Male,105.122.52.53
690,Faun,St. Quintin,fstquintinj5@mozilla.com,Female,68.58.85.74
691,Amalea,Rowen,arowenj6@cnet.com,Polygender,213.117.255.153
692,Silas,d' Elboux,sdelbouxj7@amazon.co.jp,Male,156.91.5.59
693,Richardo,Christofor,rchristoforj8@alibaba.com,Male,7.65.144.9
694,Klaus,Attwooll,kattwoollj9@skype.com,Male,19.34.90.160
695,Fanechka,Huyton,fhuytonja@edublogs.org,Female,89.226.131.209
696,Kevina,Lies,kliesjb@quantcast.com,Female,83.53.209.114
697,Myrvyn,McGiveen,mmcgiveenjc@technorati.com,Male,119.200.0.205
698,Patric,Crutch,pcrutchjd@moonfruit.com,Male,73.86.42.77
699,Meggie,Busen,mbusenje@yellowbook.com,Female,114.32.187.238
700,Ruthi,Howlings,rhowlingsjf@usgs.gov,Female,232.87.143.23
701,Ashlan,Truggian,atruggianjg@php.net,Female,242.216.193.138
702,Massimo,Prettyjohns,mprettyjohnsjh@amazon.co.jp,Male,156.30.12.65
703,Jacquelin,Allcorn,jallcornji@163.com,Female,182.14.134.38
704,Mommy,Capelin,mcapelinjj@google.co.jp,Bigender,127.207.182.183
705,Adrien,Luckings,aluckingsjk@hud.gov,Male,6.170.156.205
706,Brandi,Perigo,bperigojl@unblog.fr,Genderfluid,63.255.15.234
707,Emmalee,Tomson,etomsonjm@cafepress.com,Female,196.185.226.57
708,Daffie,Sutehall,dsutehalljn@purevolume.com,Female,119.242.40.174
709,Carmella,Peplay,cpeplayjo@surveymonkey.com,Female,190.187.162.83
710,Edita,Dering,ederingjp@spiegel.de,Female,57.116.114.196
711,Hanni,Boken,hbokenjq@odnoklassniki.ru,Female,11.31.231.56
712,Modestia,Lazar,mlazarjr@newyorker.com,Female,58.96.66.4
713,Delmor,Morriss,dmorrissjs@google.cn,Male,186.122.183.153
714,Lukas,Martini,lmartinijt@creativecommons.org,Male,191.128.180.57
715,Jeffrey,Earey,jeareyju@imgur.com,Male,38.199.148.71
716,Marice,Arthey,martheyjv@naver.com,Female,88.93.193.217
717,Bailie,Boshell,bboshelljw@blogspot.com,Male,141.186.166.116
718,Torr,Moakson,tmoaksonjx@wikia.com,Male,197.59.140.100
719,Tome,Chateau,tchateaujy@youku.com,Male,28.73.145.18
720,Gaspard,Franscioni,gfranscionijz@ucoz.ru,Male,9.95.8.96
721,Judas,Mowday,jmowdayk0@domainmarket.com,Male,243.167.241.136
722,Marve,Huskisson,mhuskissonk1@apple.com,Male,56.239.240.108
723,Cristiano,Denizet,cdenizetk2@google.ru,Male,3.248.112.81
724,Demetris,De Dantesie,ddedantesiek3@surveymonkey.com,Female,237.105.204.24
725,Neal,Clulow,nclulowk4@businesswire.com,Genderfluid,39.188.108.66
726,Caryn,Hannigan,channigank5@yellowbook.com,Female,77.246.51.104
727,Renata,Crouch,rcrouchk6@craigslist.org,Female,230.83.185.221
728,Eugenio,Toal,etoalk7@google.com,Genderqueer,110.6.165.200
729,Darby,Boothby,dboothbyk8@google.co.uk,Male,224.128.167.129
730,Kurtis,Hopewell,khopewellk9@chicagotribune.com,Male,91.13.94.7
731,Wallie,Wightman,wwightmanka@cnn.com,Male,64.2.130.124
732,Veronique,Whyteman,vwhytemankb@tumblr.com,Female,108.248.239.19
733,Valina,Panyer,vpanyerkc@utexas.edu,Female,165.72.190.95
734,Dulce,Kretchmer,dkretchmerkd@theatlantic.com,Female,130.199.45.101
735,Isak,Canelas,icanelaske@nasa.gov,Male,228.77.110.3
736,Alisha,Sagar,asagarkf@newyorker.com,Female,246.76.21.119
737,Eva,Anney,eanneykg@webnode.com,Female,230.74.22.76
738,Ulrikaumeko,Baptie,ubaptiekh@joomla.org,Agender,59.121.33.135
739,Cyril,Sillick,csillickki@google.es,Male,167.11.188.219
740,Allistir,Churm,achurmkj@newyorker.com,Male,52.38.122.148
741,Tracey,Babb,tbabbkk@live.com,Male,253.198.83.47
742,Livia,Stollman,lstollmankl@answers.com,Female,135.76.164.155
743,Charmaine,Catling,ccatlingkm@plala.or.jp,Female,168.243.46.206
744,Hildagard,Leggat,hleggatkn@engadget.com,Female,127.94.129.69
745,Harland,Brock,hbrockko@wikia.com,Male,5.109.182.232
746,Pearle,McComiskie,pmccomiskiekp@google.co.jp,Female,80.63.144.175
747,Hetti,Opdenorth,hopdenorthkq@list-manage.com,Female,197.247.248.113
748,Rod,Ruthen,rruthenkr@tripadvisor.com,Male,151.28.179.242
749,Dredi,Dalinder,ddalinderks@sciencedaily.com,Female,46.157.71.177
750,Barret,Favelle,bfavellekt@yelp.com,Male,147.83.180.39
751,Godwin,Scoble,gscobleku@statcounter.com,Male,113.162.51.23
752,Bat,Saich,bsaichkv@miitbeian.gov.cn,Male,126.166.158.100
753,Deeyn,MacDuffie,dmacduffiekw@whitehouse.gov,Female,50.5.205.89
754,Byrann,Yes,byeskx@lulu.com,Male,13.183.123.129
755,Leontine,MacKnight,lmacknightky@digg.com,Female,175.86.142.199
756,Elden,Poole,epoolekz@biblegateway.com,Male,61.81.69.81
757,Franky,Philipart,fphilipartl0@usnews.com,Male,141.125.20.196
758,Clemens,Ciepluch,cciepluchl1@geocities.jp,Male,248.156.243.77
759,Lark,Basley,lbasleyl2@scientificamerican.com,Female,114.79.237.68
760,Trisha,Napoleon,tnapoleonl3@freewebs.com,Female,29.73.42.53
761,Creighton,Georgeau,cgeorgeaul4@time.com,Male,187.26.147.59
762,Blakeley,Mc Gee,bmcgeel5@narod.ru,Bigender,23.60.163.102
763,Sauveur,Mordon,smordonl6@hostgator.com,Male,9.174.126.154
764,Erny,Eck,eeckl7@google.es,Male,251.141.195.52
765,Errol,Clue,ecluel8@fc2.com,Male,141.51.2.189
766,Ollie,Mostyn,omostynl9@merriam-webster.com,Male,183.191.163.50
767,Martainn,Fenge,mfengela@bbc.co.uk,Male,137.156.102.18
768,Jennine,Wyss,jwysslb@is.gd,Female,137.87.55.127
769,Wash,Hearnah,whearnahlc@cornell.edu,Genderqueer,172.144.215.78
770,Ulises,Stoven,ustovenld@gov.uk,Male,143.159.180.128
771,Vonni,Jobbings,vjobbingsle@bing.com,Female,195.59.236.199
772,Wilie,Vigneron,wvigneronlf@rediff.com,Female,201.186.100.231
773,Pablo,Rowland,prowlandlg@wp.com,Male,36.185.168.14
774,Jacquetta,Arkley,jarkleylh@nba.com,Female,125.229.78.141
775,Del,Ducaen,dducaenli@tinyurl.com,Male,4.47.4.10
776,Faye,Nevison,fnevisonlj@mozilla.org,Female,137.11.16.230
777,Jeff,Adamovich,jadamovichlk@si.edu,Male,26.75.247.190
778,Abby,Applegarth,aapplegarthll@exblog.jp,Female,44.45.242.230
779,Roscoe,Poland,rpolandlm@foxnews.com,Male,177.239.170.214
780,Giselle,Glancey,gglanceyln@meetup.com,Female,24.80.4.18
781,Mitzi,Branni,mbrannilo@gizmodo.com,Female,76.245.43.198
782,Jard,Farnon,jfarnonlp@cargocollective.com,Male,134.57.242.43
783,Conrad,Haseldine,chaseldinelq@buzzfeed.com,Male,205.120.137.190
784,Gwynne,Coxhell,gcoxhelllr@fda.gov,Female,24.125.7.134
785,Rosalynd,Rastall,rrastallls@sina.com.cn,Female,111.121.245.105
786,Hirsch,Cremins,hcreminslt@blogs.com,Male,239.33.224.101
787,Ludovico,Broadwell,lbroadwelllu@t.co,Male,181.103.14.194
788,Luisa,Pople,lpoplelv@tripadvisor.com,Female,166.247.71.186
789,Gorden,Bartke,gbartkelw@amazon.com,Male,139.157.37.18
790,Mikkel,Manz,mmanzlx@booking.com,Male,54.99.31.86
791,Gwen,Pavlata,gpavlataly@nifty.com,Female,65.153.230.37
792,Babb,Tomasik,btomasiklz@mapquest.com,Female,51.79.107.205
793,Hyacinthia,Corpe,hcorpem0@altervista.org,Female,249.75.32.209
794,Brnaba,Jeckells,bjeckellsm1@github.com,Bigender,204.191.21.145
795,Sigismund,Poletto,spolettom2@google.pl,Male,27.66.58.49
796,Cathi,Danielot,cdanielotm3@marketwatch.com,Female,81.12.114.73
797,Roderic,Di Maria,rdimariam4@guardian.co.uk,Male,169.232.211.144
798,Valli,Kench,vkenchm5@mail.ru,Female,188.146.38.227
799,Elsworth,Vauls,evaulsm6@feedburner.com,Male,67.224.112.188
800,Avrit,Revely,arevelym7@berkeley.edu,Female,175.182.164.178
801,Shanta,Gerlts,sgerltsm8@canalblog.com,Female,3.83.145.255
802,Laetitia,Vigus,lvigusm9@oakley.com,Female,184.195.144.249
803,Fletch,Wiggin,fwigginma@umn.edu,Genderfluid,35.225.18.213
804,Ellswerth,Marfell,emarfellmb@smh.com.au,Male,157.197.193.75
805,Willey,Shewery,wshewerymc@npr.org,Male,114.4.99.81
806,Dudley,Beathem,dbeathemmd@buzzfeed.com,Male,156.89.177.14
807,Ainslie,Lafferty,alaffertyme@flavors.me,Female,150.73.187.54
808,Charis,Jannings,cjanningsmf@cnn.com,Female,125.140.31.211
809,Sigfrid,Rossin,srossinmg@theguardian.com,Male,183.41.30.135
810,Margie,Archbutt,marchbuttmh@sakura.ne.jp,Female,173.41.114.184
811,Pavia,Lapley,plapleymi@slashdot.org,Female,7.162.219.99
812,Michaella,De la Zenne,mdelazennemj@imgur.com,Non-binary,144.136.84.3
813,Alexio,Succamore,asuccamoremk@w3.org,Male,49.64.58.81
814,Arleta,Summerhayes,asummerhayesml@blinklist.com,Female,100.48.75.167
815,Frederique,Fliege,ffliegemm@naver.com,Female,171.212.139.231
816,Dido,Gourlay,dgourlaymn@upenn.edu,Female,176.71.66.171
817,Blisse,Vant,bvantmo@java.com,Female,215.27.176.64
818,Garek,Gymblett,ggymblettmp@paginegialle.it,Male,49.145.218.137
819,Lorianna,Giffen,lgiffenmq@webmd.com,Female,221.210.67.38
820,Connie,Parbrook,cparbrookmr@diigo.com,Female,92.15.57.81
821,Tonia,Skerman,tskermanms@discuz.net,Female,51.235.179.164
822,Laverne,Jameson,ljamesonmt@indiatimes.com,Female,247.237.88.253
823,Lorie,Scogings,lscogingsmu@comcast.net,Female,145.68.198.142
824,Sibyl,Cleator,scleatormv@ycombinator.com,Male,104.75.203.174
825,Malanie,Sprulls,msprullsmw@nymag.com,Female,210.21.149.98
826,Emogene,Ridgeway,eridgewaymx@baidu.com,Female,43.120.80.67
827,Zerk,Joyes,zjoyesmy@vistaprint.com,Male,4.63.225.130
828,Margery,Petzolt,mpetzoltmz@hhs.gov,Female,142.63.160.245
829,Anastasia,Feldbrin,afeldbrinn0@feedburner.com,Genderqueer,205.40.194.126
830,Micki,Edmondson,medmondsonn1@hibu.com,Female,159.91.236.139
831,Jody,Wesker,jweskern2@4shared.com,Genderfluid,246.120.137.139
832,Anatollo,Stalley,astalleyn3@pagesperso-orange.fr,Male,59.55.55.114
833,Kev,Wetherald,kwetheraldn4@samsung.com,Male,207.20.136.132
834,Cecilius,Laffranconi,claffranconin5@flavors.me,Male,86.199.135.95
835,Karlens,Wiffler,kwifflern6@biglobe.ne.jp,Male,135.1.177.112
836,Erik,Maccrie,emaccrien7@webnode.com,Male,138.205.18.145
837,Dwain,Gerbi,dgerbin8@phpbb.com,Bigender,206.53.110.54
838,Guendolen,Stoop,gstoopn9@plala.or.jp,Female,148.18.108.253
839,Valaria,McFie,vmcfiena@patch.com,Female,41.241.201.221
840,Tobe,Riha,trihanb@forbes.com,Female,40.215.251.14
841,Lucais,McClymond,lmcclymondnc@friendfeed.com,Male,4.239.58.112
842,Osborn,Wraight,owraightnd@123-reg.co.uk,Male,6.48.194.34
843,Hilliary,Freiburger,hfreiburgerne@cnet.com,Female,169.179.207.146
844,Daphne,Stanlick,dstanlicknf@issuu.com,Female,254.71.142.78
845,Pearline,Wike,pwikeng@etsy.com,Female,58.69.233.228
846,Sam,Scranny,sscrannynh@tuttocitta.it,Male,52.89.156.207
847,Gayleen,Oldall,goldallni@wikia.com,Female,167.24.98.169
848,Hilliary,Thornber,hthornbernj@bigcartel.com,Female,255.91.5.59
849,Vinnie,Chippindall,vchippindallnk@ed.gov,Male,170.223.69.136
850,Prescott,Dacca,pdaccanl@e-recht24.de,Male,76.246.61.3
851,Lyndell,Mil,lmilnm@state.tx.us,Female,165.162.206.249
852,Beau,Grichukhin,bgrichukhinnn@issuu.com,Genderqueer,198.134.61.250
853,Tully,Jaimez,tjaimezno@google.es,Male,27.82.131.71
854,Gabie,Brehault,gbrehaultnp@shop-pro.jp,Female,9.84.82.143
855,Haily,Filipson,hfilipsonnq@hugedomains.com,Male,143.124.205.86
856,Kenon,Buttrick,kbuttricknr@census.gov,Non-binary,86.168.124.142
857,Verge,Manntschke,vmanntschkens@netvibes.com,Male,13.51.66.21
858,Jannelle,Greggs,jgreggsnt@live.com,Female,32.129.192.157
859,Zarla,Duckering,zduckeringnu@miibeian.gov.cn,Female,48.251.131.84
860,Sigismondo,Tudor,studornv@sbwire.com,Male,28.150.68.233
861,Padriac,Cersey,pcerseynw@deliciousdays.com,Male,188.27.28.81
862,Godfry,Brosi,gbrosinx@engadget.com,Genderqueer,105.6.197.190
863,Loren,Lalley,llalleyny@princeton.edu,Female,14.148.234.82
864,Andromache,McCuffie,amccuffienz@springer.com,Female,63.224.48.32
865,Renault,Collinson,rcollinsono0@deviantart.com,Male,8.160.45.138
866,Horst,Hardison,hhardisono1@myspace.com,Male,241.232.127.193
867,Alard,Few,afewo2@icio.us,Male,238.46.55.195
868,Neal,Cridlon,ncridlono3@lycos.com,Male,196.236.246.226
869,Emilio,Hannibal,ehannibalo4@cloudflare.com,Male,83.59.215.210
870,Pasquale,Wardlaw,pwardlawo5@unblog.fr,Male,95.12.51.235
871,May,Emanuelli,memanuellio6@springer.com,Female,120.113.218.44
872,Aloysia,Chidgey,achidgeyo7@salon.com,Female,200.219.210.52
873,Barbabra,Jills,bjillso8@ow.ly,Female,6.108.229.6
874,Trevar,Crabb,tcrabbo9@bigcartel.com,Genderfluid,220.173.66.167
875,Jonah,Hursey,jhurseyoa@blog.com,Genderfluid,12.21.150.175
876,Fairleigh,Dowzell,fdowzellob@economist.com,Male,246.241.117.184
877,Walliw,Rosle,wrosleoc@go.com,Female,156.203.34.111
878,Johannes,Newnham,jnewnhamod@cbslocal.com,Male,92.17.155.140
879,Bren,Killner,bkillneroe@shareasale.com,Female,189.49.99.111
880,Anders,Abrahart,aabrahartof@merriam-webster.com,Male,1.206.163.207
881,Florian,Fontelles,ffontellesog@nbcnews.com,Male,188.113.20.196
882,Kandy,Feldklein,kfeldkleinoh@tinypic.com,Female,51.31.138.203
883,Godiva,Holyland,gholylandoi@telegraph.co.uk,Female,57.137.247.15
884,Berton,Vidyapin,bvidyapinoj@sina.com.cn,Male,80.255.156.204
885,Almeria,Laise,alaiseok@accuweather.com,Female,151.240.85.100
886,Sonia,Imlach,simlachol@elegantthemes.com,Female,246.40.28.79
887,Riane,Gremain,rgremainom@ox.ac.uk,Female,212.150.239.224
888,Rosemaria,Fowden,rfowdenon@va.gov,Female,225.193.129.196
889,Dillon,Lepoidevin,dlepoidevinoo@last.fm,Male,53.131.114.234
890,Mona,Stennet,mstennetop@newyorker.com,Female,34.148.149.175
891,Marisa,Fallowfield,mfallowfieldoq@upenn.edu,Female,34.36.119.102
892,Linnea,Gissop,lgissopor@dagondesign.com,Female,148.112.214.172
893,Avis,Rickersy,arickersyos@sbwire.com,Female,155.47.34.141
894,Pearle,Di Franceschi,pdifranceschiot@usnews.com,Female,206.128.221.236
895,Gill,MacNeely,gmacneelyou@eepurl.com,Female,180.109.151.169
896,Brnaby,Verecker,bvereckerov@arizona.edu,Male,100.125.140.15
897,Bobbie,Elford,belfordow@ibm.com,Female,14.163.54.117
898,Dulcinea,Goldstein,dgoldsteinox@census.gov,Female,207.229.180.111
899,Clemmie,Enticknap,centicknapoy@gov.uk,Male,22.96.100.241
900,Dougie,Caulliere,dcaulliereoz@google.ca,Male,97.155.74.43
901,Trixi,Beviss,tbevissp0@feedburner.com,Female,238.164.0.198
902,Bert,Sowerby,bsowerbyp1@sun.com,Female,214.50.135.241
903,Manuel,Wolstencroft,mwolstencroftp2@netvibes.com,Male,21.235.29.169
904,Allyn,Klaff,aklaffp3@techcrunch.com,Male,214.213.106.112
905,West,Van Hault,wvanhaultp4@reddit.com,Male,47.188.43.251
906,Fran,McAlees,fmcaleesp5@gmpg.org,Male,168.230.83.160
907,Jordain,I'anson,jiansonp6@state.tx.us,Female,10.40.156.202
908,Godard,Fillery,gfilleryp7@istockphoto.com,Male,162.71.94.173
909,Emmerich,Spadaro,espadarop8@blogtalkradio.com,Male,172.99.199.199
910,Lulu,Poulgreen,lpoulgreenp9@fastcompany.com,Female,148.136.112.238
911,Britney,Gillivrie,bgillivriepa@accuweather.com,Female,217.231.239.41
912,Sileas,Kyndred,skyndredpb@sun.com,Female,236.188.166.4
913,Omero,Daymont,odaymontpc@about.me,Male,42.245.255.188
914,Elmore,Bigmore,ebigmorepd@illinois.edu,Male,242.71.25.128
915,Alisha,Beirne,abeirnepe@homestead.com,Polygender,217.168.86.173
916,Alessandra,Landsborough,alandsboroughpf@oracle.com,Female,97.114.158.45
917,Tabby,Laughlin,tlaughlinpg@google.nl,Female,38.243.40.79
918,Cherise,Bagott,cbagottph@stumbleupon.com,Female,27.132.250.45
919,Abbi,Sanford,asanfordpi@yolasite.com,Female,162.215.228.136
920,Hoyt,Worshall,hworshallpj@wunderground.com,Male,21.25.3.186
921,Twyla,Cona,tconapk@nydailynews.com,Female,123.56.136.155
922,Don,Eddison,deddisonpl@chron.com,Male,23.57.244.68
923,Russ,Simonds,rsimondspm@surveymonkey.com,Genderfluid,21.123.129.69
924,Minta,Cuffley,mcuffleypn@linkedin.com,Female,240.221.4.26
925,Leontine,Blacktin,lblacktinpo@patch.com,Female,100.139.138.200
926,Sid,Flanders,sflanderspp@free.fr,Agender,212.166.94.55
927,Lorrin,Hoofe,lhoofepq@usgs.gov,Female,213.172.104.121
928,Durant,Bakesef,dbakesefpr@mysql.com,Male,18.8.48.76
929,Cecily,Gergus,cgergusps@nasa.gov,Female,243.187.219.131
930,Lemar,Zelley,lzelleypt@oaic.gov.au,Male,218.70.236.67
931,Marrissa,Bilt,mbiltpu@chicagotribune.com,Female,91.137.30.125
932,Evangelia,Everit,eeveritpv@arizona.edu,Female,19.201.167.151
933,Eugen,Deshorts,edeshortspw@omniture.com,Male,107.53.182.157
934,Georgette,Gippes,ggippespx@xinhuanet.com,Female,109.201.225.82
935,Jermain,Bamforth,jbamforthpy@reverbnation.com,Male,1.100.154.255
936,Kerrin,Theobalds,ktheobaldspz@freewebs.com,Bigender,230.153.44.66
937,Birk,Cullington,bcullingtonq0@house.gov,Agender,140.23.194.47
938,Lawry,Jeal,ljealq1@amazon.com,Male,2.23.70.179
939,Reggi,Cabrera,rcabreraq2@baidu.com,Female,135.145.39.147
940,Osbourn,Bruhnke,obruhnkeq3@gnu.org,Male,69.139.167.34
941,Rozalie,Soutar,rsoutarq4@themeforest.net,Female,224.15.213.110
942,Nannette,Sickamore,nsickamoreq5@drupal.org,Bigender,226.149.35.172
943,Fanechka,Blaine,fblaineq6@youku.com,Female,86.111.169.15
944,Giffy,Hullah,ghullahq7@umich.edu,Male,7.89.124.231
945,Arlan,Gorgler,agorglerq8@mapquest.com,Male,101.125.29.185
946,Herb,Richley,hrichleyq9@google.com.br,Male,147.119.37.124
947,Lissi,Berthe,lbertheqa@wix.com,Female,32.60.76.86
948,Remy,O'Dowd,rodowdqb@t.co,Polygender,232.224.198.35
949,Pavel,Giampietro,pgiampietroqc@patch.com,Bigender,137.47.88.213
950,Elfrieda,Dikels,edikelsqd@virginia.edu,Genderqueer,223.195.179.55
951,Fairleigh,Taberner,ftabernerqe@topsy.com,Male,195.218.211.98
952,Seka,Labbett,slabbettqf@phoca.cz,Female,248.212.168.25
953,Carlie,Wannell,cwannellqg@macromedia.com,Male,69.32.34.212
954,Reggi,Purnell,rpurnellqh@qq.com,Female,53.197.115.193
955,Cybill,Ghidotti,cghidottiqi@eepurl.com,Female,215.214.7.177
956,Alysa,Domingues,adominguesqj@purevolume.com,Female,118.68.208.154
957,Marcille,Matthews,mmatthewsqk@w3.org,Female,36.221.165.185
958,Lynda,Bernardo,lbernardoql@google.com.br,Female,254.79.168.244
959,Abraham,Giscken,agisckenqm@artisteer.com,Male,5.218.234.32
960,Archambault,Dallow,adallowqn@google.ca,Male,184.223.54.79
961,Justen,Cunah,jcunahqo@live.com,Male,206.206.236.92
962,Wrennie,Eburah,weburahqp@reddit.com,Female,71.64.183.124
963,Hartwell,Drane,hdraneqq@dailymail.co.uk,Male,184.128.165.171
964,Thia,Cockshott,tcockshottqr@smugmug.com,Bigender,178.109.203.20
965,Dino,Minichillo,dminichilloqs@ehow.com,Male,55.205.161.178
966,Elly,Gawke,egawkeqt@nasa.gov,Female,5.43.22.175
967,Marijn,MacVaugh,mmacvaughqu@de.vu,Male,35.138.149.130
968,Heda,Blanchet,hblanchetqv@prnewswire.com,Female,20.57.87.218
969,Gilbertina,Wollard,gwollardqw@tamu.edu,Female,25.234.147.87
970,Mable,Anetts,manettsqx@last.fm,Non-binary,192.58.4.30
971,Luis,Blumire,lblumireqy@dmoz.org,Genderqueer,101.181.35.143
972,Marion,Landsberg,mlandsbergqz@cdc.gov,Male,3.111.236.32
973,Sheff,Hollingby,shollingbyr0@uiuc.edu,Bigender,176.120.175.21
974,Gretal,Badby,gbadbyr1@oracle.com,Female,200.18.52.191
975,Lazar,Enevold,lenevoldr2@youtu.be,Male,93.123.131.183
976,Ediva,Maughan,emaughanr3@slashdot.org,Female,233.21.90.79
977,Willard,Girardetti,wgirardettir4@tripadvisor.com,Male,14.122.170.3
978,Gayle,MacIlhagga,gmacilhaggar5@dagondesign.com,Male,1.225.131.163
979,Laverna,Coomes,lcoomesr6@mlb.com,Female,196.72.119.115
980,Margo,Madge,mmadger7@issuu.com,Non-binary,169.255.149.29
981,Yorgo,Marin,ymarinr8@newyorker.com,Male,19.101.34.122
982,Charlene,McCarney,cmccarneyr9@jimdo.com,Female,255.146.123.106
983,Haywood,Haps,hhapsra@irs.gov,Agender,6.236.70.149
984,Kermit,Frayling,kfraylingrb@howstuffworks.com,Bigender,39.138.67.195
985,Ripley,Willder,rwillderrc@ed.gov,Male,232.237.156.242
986,Arline,Girsch,agirschrd@lulu.com,Female,9.224.223.57
987,Sileas,Hexam,shexamre@archive.org,Female,64.205.209.197
988,Allayne,Crimmins,acrimminsrf@usgs.gov,Male,199.42.208.238
989,Bentlee,Sommerling,bsommerlingrg@flickr.com,Male,124.49.228.219
990,Talia,Beards,tbeardsrh@mapquest.com,Female,28.69.199.188
991,Venita,Marchington,vmarchingtonri@furl.net,Female,60.196.236.111
992,Mella,Tollit,mtollitrj@fda.gov,Female,11.215.217.242
993,Rabbi,Romanelli,rromanellirk@slate.com,Male,10.163.62.16
994,Nil,Loreit,nloreitrl@answers.com,Male,64.34.185.221
995,Daisey,Yell,dyellrm@earthlink.net,Genderfluid,232.96.101.111
996,Zoe,Ethridge,zethridgern@weather.com,Female,124.12.216.172
997,Baxie,Haseldine,bhaseldinero@shinystat.com,Male,78.99.75.139
998,Lilith,Auton,lautonrp@ocn.ne.jp,Female,129.76.182.51
999,Del,Bridden,dbriddenrq@wisc.edu,Male,158.113.121.68
1000,Kristos,Vile,kvilerr@theguardian.com,Male,12.197.66.18
